<?xml version="1.0" encoding="UTF-8"?><gpx creator="Wikiloc - http://www.wikiloc.com" version="1.1" xmlns="http://www.topografix.com/GPX/1/1" xmlns:xsi="http://www.w3.org/2001/XMLSchema-instance" xsi:schemaLocation="http://www.topografix.com/GPX/1/1 http://www.topografix.com/GPX/1/1/gpx.xsd"><trk><name><![CDATA[Botujuru longo ]]></name><cmt><![CDATA[Batistini]]></cmt><desc><![CDATA[Batistini]]></desc><trkseg><trkpt lat="-23.754538" lon="-46.557003"><ele>848.083</ele><time>2026-08-03T14:10:29Z</time></trkpt><trkpt lat="-23.75453" lon="-46.557018"><ele>847.625</ele><time>2026-08-03T14:10:33Z</time></trkpt><trkpt lat="-23.75452" lon="-46.557007"><ele>847.217</ele><time>2026-08-03T14:10:37Z</time></trkpt><trkpt lat="-23.754517" lon="-46.556997"><ele>847.009</ele><time>2026-08-03T14:10:40Z</time></trkpt><trkpt lat="-23.754518" lon="-46.557007"><ele>846.830</ele><time>2026-08-03T14:10:43Z</time></trkpt><trkpt lat="-23.754523" lon="-46.556997"><ele>846.875</ele><time>2026-08-03T14:10:48Z</time></trkpt><trkpt lat="-23.754538" lon="-46.556998"><ele>846.865</ele><time>2026-08-03T14:10:53Z</time></trkpt><trkpt lat="-23.754548" lon="-46.557002"><ele>846.693</ele><time>2026-08-03T14:10:54Z</time></trkpt><trkpt lat="-23.754562" lon="-46.557"><ele>846.547</ele><time>2026-08-03T14:10:55Z</time></trkpt><trkpt lat="-23.754575" lon="-46.556995"><ele>846.112</ele><time>2026-08-03T14:10:56Z</time></trkpt><trkpt lat="-23.754588" lon="-46.556992"><ele>845.836</ele><time>2026-08-03T14:10:57Z</time></trkpt><trkpt lat="-23.754605" lon="-46.556987"><ele>845.835</ele><time>2026-08-03T14:10:58Z</time></trkpt><trkpt lat="-23.754617" lon="-46.556983"><ele>845.864</ele><time>2026-08-03T14:10:59Z</time></trkpt><trkpt lat="-23.754643" lon="-46.556983"><ele>845.828</ele><time>2026-08-03T14:11:00Z</time></trkpt><trkpt lat="-23.754658" lon="-46.55699"><ele>845.889</ele><time>2026-08-03T14:11:02Z</time></trkpt><trkpt lat="-23.75467" lon="-46.556992"><ele>845.817</ele><time>2026-08-03T14:11:03Z</time></trkpt><trkpt lat="-23.754678" lon="-46.556987"><ele>845.809</ele><time>2026-08-03T14:11:04Z</time></trkpt><trkpt lat="-23.754687" lon="-46.55698"><ele>845.784</ele><time>2026-08-03T14:11:05Z</time></trkpt><trkpt lat="-23.754697" lon="-46.556972"><ele>845.799</ele><time>2026-08-03T14:11:06Z</time></trkpt><trkpt lat="-23.75471" lon="-46.556963"><ele>845.679</ele><time>2026-08-03T14:11:07Z</time></trkpt><trkpt lat="-23.754725" lon="-46.556958"><ele>845.687</ele><time>2026-08-03T14:11:08Z</time></trkpt><trkpt lat="-23.754748" lon="-46.556952"><ele>845.691</ele><time>2026-08-03T14:11:10Z</time></trkpt><trkpt lat="-23.754767" lon="-46.556957"><ele>845.646</ele><time>2026-08-03T14:11:12Z</time></trkpt><trkpt lat="-23.754782" lon="-46.556963"><ele>845.590</ele><time>2026-08-03T14:11:13Z</time></trkpt><trkpt lat="-23.754793" lon="-46.556965"><ele>845.589</ele><time>2026-08-03T14:11:14Z</time></trkpt><trkpt lat="-23.754803" lon="-46.556967"><ele>845.388</ele><time>2026-08-03T14:11:15Z</time></trkpt><trkpt lat="-23.75481" lon="-46.556977"><ele>845.171</ele><time>2026-08-03T14:11:16Z</time></trkpt><trkpt lat="-23.754815" lon="-46.556985"><ele>845.141</ele><time>2026-08-03T14:11:18Z</time></trkpt><trkpt lat="-23.754832" lon="-46.557018"><ele>845.115</ele><time>2026-08-03T14:11:19Z</time></trkpt><trkpt lat="-23.754852" lon="-46.557063"><ele>845.109</ele><time>2026-08-03T14:11:20Z</time></trkpt><trkpt lat="-23.754867" lon="-46.557083"><ele>845.199</ele><time>2026-08-03T14:11:21Z</time></trkpt><trkpt lat="-23.754883" lon="-46.557108"><ele>845.184</ele><time>2026-08-03T14:11:22Z</time></trkpt><trkpt lat="-23.754867" lon="-46.557112"><ele>845.174</ele><time>2026-08-03T14:11:23Z</time></trkpt><trkpt lat="-23.754845" lon="-46.557122"><ele>845.112</ele><time>2026-08-03T14:11:25Z</time></trkpt><trkpt lat="-23.754858" lon="-46.557117"><ele>845.126</ele><time>2026-08-03T14:11:26Z</time></trkpt><trkpt lat="-23.754877" lon="-46.557117"><ele>845.111</ele><time>2026-08-03T14:11:27Z</time></trkpt><trkpt lat="-23.754888" lon="-46.557122"><ele>845.175</ele><time>2026-08-03T14:11:28Z</time></trkpt><trkpt lat="-23.754925" lon="-46.557127"><ele>845.154</ele><time>2026-08-03T14:11:30Z</time></trkpt><trkpt lat="-23.754955" lon="-46.557108"><ele>845.173</ele><time>2026-08-03T14:11:31Z</time></trkpt><trkpt lat="-23.754972" lon="-46.557108"><ele>845.172</ele><time>2026-08-03T14:11:32Z</time></trkpt><trkpt lat="-23.754997" lon="-46.557113"><ele>845.113</ele><time>2026-08-03T14:11:33Z</time></trkpt><trkpt lat="-23.755027" lon="-46.557123"><ele>845.114</ele><time>2026-08-03T14:11:34Z</time></trkpt><trkpt lat="-23.755052" lon="-46.55713"><ele>845.109</ele><time>2026-08-03T14:11:35Z</time></trkpt><trkpt lat="-23.755082" lon="-46.557118"><ele>845.559</ele><time>2026-08-03T14:11:36Z</time></trkpt><trkpt lat="-23.755105" lon="-46.5571"><ele>846.864</ele><time>2026-08-03T14:11:37Z</time></trkpt><trkpt lat="-23.75513" lon="-46.557087"><ele>847.854</ele><time>2026-08-03T14:11:38Z</time></trkpt><trkpt lat="-23.755153" lon="-46.557085"><ele>848.032</ele><time>2026-08-03T14:11:39Z</time></trkpt><trkpt lat="-23.755175" lon="-46.557075"><ele>848.026</ele><time>2026-08-03T14:11:40Z</time></trkpt><trkpt lat="-23.755185" lon="-46.557073"><ele>848.071</ele><time>2026-08-03T14:11:41Z</time></trkpt><trkpt lat="-23.755208" lon="-46.55708"><ele>848.065</ele><time>2026-08-03T14:11:42Z</time></trkpt><trkpt lat="-23.75523" lon="-46.557075"><ele>848.064</ele><time>2026-08-03T14:11:43Z</time></trkpt><trkpt lat="-23.755247" lon="-46.557073"><ele>848.083</ele><time>2026-08-03T14:11:44Z</time></trkpt><trkpt lat="-23.755257" lon="-46.557058"><ele>848.075</ele><time>2026-08-03T14:11:45Z</time></trkpt><trkpt lat="-23.755273" lon="-46.557063"><ele>848.028</ele><time>2026-08-03T14:11:48Z</time></trkpt><trkpt lat="-23.755285" lon="-46.55707"><ele>848.020</ele><time>2026-08-03T14:11:49Z</time></trkpt><trkpt lat="-23.755298" lon="-46.557057"><ele>848.009</ele><time>2026-08-03T14:11:51Z</time></trkpt><trkpt lat="-23.75531" lon="-46.557037"><ele>848.089</ele><time>2026-08-03T14:11:52Z</time></trkpt><trkpt lat="-23.755323" lon="-46.557022"><ele>848.064</ele><time>2026-08-03T14:11:53Z</time></trkpt><trkpt lat="-23.755333" lon="-46.55702"><ele>848.074</ele><time>2026-08-03T14:11:54Z</time></trkpt><trkpt lat="-23.75535" lon="-46.55702"><ele>848.042</ele><time>2026-08-03T14:11:55Z</time></trkpt><trkpt lat="-23.755365" lon="-46.557025"><ele>848.086</ele><time>2026-08-03T14:11:56Z</time></trkpt><trkpt lat="-23.755377" lon="-46.557033"><ele>847.991</ele><time>2026-08-03T14:11:57Z</time></trkpt><trkpt lat="-23.75539" lon="-46.55704"><ele>847.965</ele><time>2026-08-03T14:11:58Z</time></trkpt><trkpt lat="-23.755397" lon="-46.557047"><ele>847.874</ele><time>2026-08-03T14:11:59Z</time></trkpt><trkpt lat="-23.755413" lon="-46.557047"><ele>847.893</ele><time>2026-08-03T14:12:00Z</time></trkpt><trkpt lat="-23.755438" lon="-46.557048"><ele>847.813</ele><time>2026-08-03T14:12:01Z</time></trkpt><trkpt lat="-23.75547" lon="-46.557048"><ele>847.643</ele><time>2026-08-03T14:12:02Z</time></trkpt><trkpt lat="-23.755495" lon="-46.557053"><ele>847.107</ele><time>2026-08-03T14:12:03Z</time></trkpt><trkpt lat="-23.75552" lon="-46.557052"><ele>846.509</ele><time>2026-08-03T14:12:04Z</time></trkpt><trkpt lat="-23.755537" lon="-46.55705"><ele>846.133</ele><time>2026-08-03T14:12:05Z</time></trkpt><trkpt lat="-23.755553" lon="-46.557045"><ele>845.858</ele><time>2026-08-03T14:12:06Z</time></trkpt><trkpt lat="-23.755565" lon="-46.557048"><ele>845.688</ele><time>2026-08-03T14:12:07Z</time></trkpt><trkpt lat="-23.75558" lon="-46.557058"><ele>845.376</ele><time>2026-08-03T14:12:08Z</time></trkpt><trkpt lat="-23.755593" lon="-46.557068"><ele>845.020</ele><time>2026-08-03T14:12:09Z</time></trkpt><trkpt lat="-23.755613" lon="-46.55708"><ele>844.725</ele><time>2026-08-03T14:12:10Z</time></trkpt><trkpt lat="-23.75562" lon="-46.557088"><ele>844.439</ele><time>2026-08-03T14:12:11Z</time></trkpt><trkpt lat="-23.755615" lon="-46.557102"><ele>844.198</ele><time>2026-08-03T14:12:12Z</time></trkpt><trkpt lat="-23.755622" lon="-46.557108"><ele>843.957</ele><time>2026-08-03T14:12:13Z</time></trkpt><trkpt lat="-23.75562" lon="-46.557133"><ele>843.731</ele><time>2026-08-03T14:12:14Z</time></trkpt><trkpt lat="-23.755623" lon="-46.55715"><ele>843.461</ele><time>2026-08-03T14:12:15Z</time></trkpt><trkpt lat="-23.75563" lon="-46.557163"><ele>843.107</ele><time>2026-08-03T14:12:16Z</time></trkpt><trkpt lat="-23.755637" lon="-46.557178"><ele>842.709</ele><time>2026-08-03T14:12:17Z</time></trkpt><trkpt lat="-23.755647" lon="-46.557192"><ele>842.575</ele><time>2026-08-03T14:12:18Z</time></trkpt><trkpt lat="-23.755655" lon="-46.557203"><ele>842.370</ele><time>2026-08-03T14:12:19Z</time></trkpt><trkpt lat="-23.755663" lon="-46.557218"><ele>842.170</ele><time>2026-08-03T14:12:20Z</time></trkpt><trkpt lat="-23.755675" lon="-46.557232"><ele>841.948</ele><time>2026-08-03T14:12:21Z</time></trkpt><trkpt lat="-23.755687" lon="-46.557252"><ele>841.842</ele><time>2026-08-03T14:12:22Z</time></trkpt><trkpt lat="-23.755692" lon="-46.557267"><ele>841.317</ele><time>2026-08-03T14:12:23Z</time></trkpt><trkpt lat="-23.755713" lon="-46.557278"><ele>840.741</ele><time>2026-08-03T14:12:24Z</time></trkpt><trkpt lat="-23.75574" lon="-46.557288"><ele>840.240</ele><time>2026-08-03T14:12:25Z</time></trkpt><trkpt lat="-23.755762" lon="-46.557305"><ele>839.789</ele><time>2026-08-03T14:12:26Z</time></trkpt><trkpt lat="-23.755782" lon="-46.557315"><ele>839.324</ele><time>2026-08-03T14:12:27Z</time></trkpt><trkpt lat="-23.75579" lon="-46.557323"><ele>839.204</ele><time>2026-08-03T14:12:28Z</time></trkpt><trkpt lat="-23.755792" lon="-46.557342"><ele>839.014</ele><time>2026-08-03T14:12:29Z</time></trkpt><trkpt lat="-23.755802" lon="-46.55735"><ele>838.809</ele><time>2026-08-03T14:12:30Z</time></trkpt><trkpt lat="-23.755827" lon="-46.55735"><ele>838.844</ele><time>2026-08-03T14:12:31Z</time></trkpt><trkpt lat="-23.755853" lon="-46.557333"><ele>838.759</ele><time>2026-08-03T14:12:32Z</time></trkpt><trkpt lat="-23.755873" lon="-46.557318"><ele>838.739</ele><time>2026-08-03T14:12:33Z</time></trkpt><trkpt lat="-23.75589" lon="-46.557318"><ele>838.757</ele><time>2026-08-03T14:12:34Z</time></trkpt><trkpt lat="-23.755922" lon="-46.557308"><ele>838.761</ele><time>2026-08-03T14:12:35Z</time></trkpt><trkpt lat="-23.75594" lon="-46.5573"><ele>838.616</ele><time>2026-08-03T14:12:36Z</time></trkpt><trkpt lat="-23.755945" lon="-46.557272"><ele>838.410</ele><time>2026-08-03T14:12:37Z</time></trkpt><trkpt lat="-23.755948" lon="-46.557237"><ele>838.299</ele><time>2026-08-03T14:12:38Z</time></trkpt><trkpt lat="-23.755957" lon="-46.557222"><ele>838.078</ele><time>2026-08-03T14:12:39Z</time></trkpt><trkpt lat="-23.755978" lon="-46.557213"><ele>837.891</ele><time>2026-08-03T14:12:41Z</time></trkpt><trkpt lat="-23.756002" lon="-46.557212"><ele>837.781</ele><time>2026-08-03T14:12:42Z</time></trkpt><trkpt lat="-23.756035" lon="-46.55722"><ele>837.619</ele><time>2026-08-03T14:12:43Z</time></trkpt><trkpt lat="-23.756087" lon="-46.557242"><ele>837.409</ele><time>2026-08-03T14:12:44Z</time></trkpt><trkpt lat="-23.756127" lon="-46.557247"><ele>837.341</ele><time>2026-08-03T14:12:45Z</time></trkpt><trkpt lat="-23.756133" lon="-46.557253"><ele>837.226</ele><time>2026-08-03T14:12:47Z</time></trkpt><trkpt lat="-23.756143" lon="-46.557257"><ele>837.286</ele><time>2026-08-03T14:12:48Z</time></trkpt><trkpt lat="-23.756163" lon="-46.557248"><ele>837.294</ele><time>2026-08-03T14:12:49Z</time></trkpt><trkpt lat="-23.756187" lon="-46.55726"><ele>837.238</ele><time>2026-08-03T14:12:50Z</time></trkpt><trkpt lat="-23.756172" lon="-46.55726"><ele>837.223</ele><time>2026-08-03T14:12:51Z</time></trkpt><trkpt lat="-23.756182" lon="-46.55726"><ele>837.267</ele><time>2026-08-03T14:12:52Z</time></trkpt><trkpt lat="-23.756192" lon="-46.55726"><ele>837.256</ele><time>2026-08-03T14:12:53Z</time></trkpt><trkpt lat="-23.756197" lon="-46.55727"><ele>837.215</ele><time>2026-08-03T14:12:54Z</time></trkpt><trkpt lat="-23.756208" lon="-46.557272"><ele>837.219</ele><time>2026-08-03T14:12:55Z</time></trkpt><trkpt lat="-23.756215" lon="-46.557265"><ele>837.209</ele><time>2026-08-03T14:12:56Z</time></trkpt><trkpt lat="-23.756233" lon="-46.557255"><ele>837.219</ele><time>2026-08-03T14:12:58Z</time></trkpt><trkpt lat="-23.756245" lon="-46.557258"><ele>837.209</ele><time>2026-08-03T14:12:59Z</time></trkpt><trkpt lat="-23.756263" lon="-46.557272"><ele>837.273</ele><time>2026-08-03T14:13:00Z</time></trkpt><trkpt lat="-23.756283" lon="-46.557273"><ele>837.288</ele><time>2026-08-03T14:13:01Z</time></trkpt><trkpt lat="-23.756297" lon="-46.557272"><ele>837.218</ele><time>2026-08-03T14:13:02Z</time></trkpt><trkpt lat="-23.756312" lon="-46.557275"><ele>837.316</ele><time>2026-08-03T14:13:03Z</time></trkpt><trkpt lat="-23.756327" lon="-46.557277"><ele>837.640</ele><time>2026-08-03T14:13:04Z</time></trkpt><trkpt lat="-23.756333" lon="-46.55727"><ele>838.255</ele><time>2026-08-03T14:13:05Z</time></trkpt><trkpt lat="-23.756343" lon="-46.557268"><ele>839.219</ele><time>2026-08-03T14:13:06Z</time></trkpt><trkpt lat="-23.756365" lon="-46.55727"><ele>839.998</ele><time>2026-08-03T14:13:08Z</time></trkpt><trkpt lat="-23.756372" lon="-46.557277"><ele>839.977</ele><time>2026-08-03T14:13:09Z</time></trkpt><trkpt lat="-23.756385" lon="-46.557275"><ele>840.085</ele><time>2026-08-03T14:13:10Z</time></trkpt><trkpt lat="-23.756398" lon="-46.557275"><ele>840.189</ele><time>2026-08-03T14:13:12Z</time></trkpt><trkpt lat="-23.7564" lon="-46.557258"><ele>840.217</ele><time>2026-08-03T14:13:13Z</time></trkpt><trkpt lat="-23.75639" lon="-46.557262"><ele>840.209</ele><time>2026-08-03T14:13:15Z</time></trkpt><trkpt lat="-23.756392" lon="-46.557252"><ele>840.270</ele><time>2026-08-03T14:13:16Z</time></trkpt><trkpt lat="-23.756378" lon="-46.557233"><ele>840.345</ele><time>2026-08-03T14:13:18Z</time></trkpt><trkpt lat="-23.756368" lon="-46.557218"><ele>840.495</ele><time>2026-08-03T14:13:19Z</time></trkpt><trkpt lat="-23.756363" lon="-46.557208"><ele>840.613</ele><time>2026-08-03T14:13:20Z</time></trkpt><trkpt lat="-23.756362" lon="-46.557185"><ele>840.967</ele><time>2026-08-03T14:13:22Z</time></trkpt><trkpt lat="-23.75636" lon="-46.557167"><ele>841.122</ele><time>2026-08-03T14:13:23Z</time></trkpt><trkpt lat="-23.756355" lon="-46.557157"><ele>841.536</ele><time>2026-08-03T14:13:24Z</time></trkpt><trkpt lat="-23.75635" lon="-46.55714"><ele>841.655</ele><time>2026-08-03T14:13:25Z</time></trkpt><trkpt lat="-23.756345" lon="-46.557123"><ele>841.614</ele><time>2026-08-03T14:13:26Z</time></trkpt><trkpt lat="-23.756338" lon="-46.5571"><ele>841.694</ele><time>2026-08-03T14:13:27Z</time></trkpt><trkpt lat="-23.756335" lon="-46.557085"><ele>841.657</ele><time>2026-08-03T14:13:28Z</time></trkpt><trkpt lat="-23.75633" lon="-46.557068"><ele>841.622</ele><time>2026-08-03T14:13:29Z</time></trkpt><trkpt lat="-23.756318" lon="-46.557058"><ele>841.609</ele><time>2026-08-03T14:13:30Z</time></trkpt><trkpt lat="-23.756305" lon="-46.557037"><ele>841.661</ele><time>2026-08-03T14:13:31Z</time></trkpt><trkpt lat="-23.756293" lon="-46.557015"><ele>841.676</ele><time>2026-08-03T14:13:32Z</time></trkpt><trkpt lat="-23.756275" lon="-46.556998"><ele>841.696</ele><time>2026-08-03T14:13:33Z</time></trkpt><trkpt lat="-23.756262" lon="-46.556983"><ele>841.614</ele><time>2026-08-03T14:13:34Z</time></trkpt><trkpt lat="-23.756252" lon="-46.556968"><ele>841.678</ele><time>2026-08-03T14:13:35Z</time></trkpt><trkpt lat="-23.756245" lon="-46.556943"><ele>841.663</ele><time>2026-08-03T14:13:36Z</time></trkpt><trkpt lat="-23.756242" lon="-46.556918"><ele>841.637</ele><time>2026-08-03T14:13:37Z</time></trkpt><trkpt lat="-23.756237" lon="-46.556905"><ele>841.616</ele><time>2026-08-03T14:13:38Z</time></trkpt><trkpt lat="-23.756228" lon="-46.55688"><ele>841.665</ele><time>2026-08-03T14:13:39Z</time></trkpt><trkpt lat="-23.756213" lon="-46.55685"><ele>841.231</ele><time>2026-08-03T14:13:40Z</time></trkpt><trkpt lat="-23.756208" lon="-46.556827"><ele>840.561</ele><time>2026-08-03T14:13:41Z</time></trkpt><trkpt lat="-23.756203" lon="-46.556812"><ele>839.807</ele><time>2026-08-03T14:13:42Z</time></trkpt><trkpt lat="-23.756195" lon="-46.556797"><ele>839.209</ele><time>2026-08-03T14:13:43Z</time></trkpt><trkpt lat="-23.75619" lon="-46.556787"><ele>838.535</ele><time>2026-08-03T14:13:44Z</time></trkpt><trkpt lat="-23.756177" lon="-46.55678"><ele>837.740</ele><time>2026-08-03T14:13:45Z</time></trkpt><trkpt lat="-23.756165" lon="-46.556773"><ele>835.410</ele><time>2026-08-03T14:13:46Z</time></trkpt><trkpt lat="-23.756152" lon="-46.55677"><ele>831.838</ele><time>2026-08-03T14:13:47Z</time></trkpt><trkpt lat="-23.756135" lon="-46.556758"><ele>828.952</ele><time>2026-08-03T14:13:48Z</time></trkpt><trkpt lat="-23.756123" lon="-46.55675"><ele>826.237</ele><time>2026-08-03T14:13:49Z</time></trkpt><trkpt lat="-23.756115" lon="-46.55674"><ele>823.471</ele><time>2026-08-03T14:13:50Z</time></trkpt><trkpt lat="-23.756105" lon="-46.556727"><ele>820.290</ele><time>2026-08-03T14:13:51Z</time></trkpt><trkpt lat="-23.756093" lon="-46.55671"><ele>818.489</ele><time>2026-08-03T14:13:52Z</time></trkpt><trkpt lat="-23.756085" lon="-46.556693"><ele>818.177</ele><time>2026-08-03T14:13:54Z</time></trkpt><trkpt lat="-23.756077" lon="-46.556678"><ele>817.861</ele><time>2026-08-03T14:13:55Z</time></trkpt><trkpt lat="-23.756063" lon="-46.556665"><ele>817.327</ele><time>2026-08-03T14:13:56Z</time></trkpt><trkpt lat="-23.756045" lon="-46.556638"><ele>817.009</ele><time>2026-08-03T14:13:57Z</time></trkpt><trkpt lat="-23.756035" lon="-46.556608"><ele>816.919</ele><time>2026-08-03T14:13:58Z</time></trkpt><trkpt lat="-23.756007" lon="-46.556578"><ele>816.854</ele><time>2026-08-03T14:13:59Z</time></trkpt><trkpt lat="-23.755997" lon="-46.556563"><ele>816.744</ele><time>2026-08-03T14:14:00Z</time></trkpt><trkpt lat="-23.755975" lon="-46.556535"><ele>816.612</ele><time>2026-08-03T14:14:01Z</time></trkpt><trkpt lat="-23.755972" lon="-46.556512"><ele>816.696</ele><time>2026-08-03T14:14:02Z</time></trkpt><trkpt lat="-23.755965" lon="-46.556497"><ele>816.681</ele><time>2026-08-03T14:14:03Z</time></trkpt><trkpt lat="-23.755968" lon="-46.556487"><ele>816.685</ele><time>2026-08-03T14:14:05Z</time></trkpt><trkpt lat="-23.755972" lon="-46.556472"><ele>816.474</ele><time>2026-08-03T14:14:06Z</time></trkpt><trkpt lat="-23.755968" lon="-46.556447"><ele>816.143</ele><time>2026-08-03T14:14:07Z</time></trkpt><trkpt lat="-23.755958" lon="-46.556425"><ele>816.139</ele><time>2026-08-03T14:14:08Z</time></trkpt><trkpt lat="-23.755953" lon="-46.556417"><ele>816.101</ele><time>2026-08-03T14:14:09Z</time></trkpt><trkpt lat="-23.75595" lon="-46.556373"><ele>816.121</ele><time>2026-08-03T14:14:10Z</time></trkpt><trkpt lat="-23.755943" lon="-46.55633"><ele>815.809</ele><time>2026-08-03T14:14:11Z</time></trkpt><trkpt lat="-23.75593" lon="-46.556315"><ele>815.515</ele><time>2026-08-03T14:14:12Z</time></trkpt><trkpt lat="-23.755932" lon="-46.556295"><ele>815.420</ele><time>2026-08-03T14:14:13Z</time></trkpt><trkpt lat="-23.755935" lon="-46.556257"><ele>815.310</ele><time>2026-08-03T14:14:14Z</time></trkpt><trkpt lat="-23.755932" lon="-46.556232"><ele>815.358</ele><time>2026-08-03T14:14:15Z</time></trkpt><trkpt lat="-23.755927" lon="-46.55621"><ele>815.362</ele><time>2026-08-03T14:14:16Z</time></trkpt><trkpt lat="-23.755925" lon="-46.55619"><ele>815.367</ele><time>2026-08-03T14:14:17Z</time></trkpt><trkpt lat="-23.755923" lon="-46.556167"><ele>815.351</ele><time>2026-08-03T14:14:18Z</time></trkpt><trkpt lat="-23.755925" lon="-46.556135"><ele>815.390</ele><time>2026-08-03T14:14:19Z</time></trkpt><trkpt lat="-23.755927" lon="-46.556107"><ele>815.359</ele><time>2026-08-03T14:14:20Z</time></trkpt><trkpt lat="-23.755925" lon="-46.55608"><ele>815.347</ele><time>2026-08-03T14:14:21Z</time></trkpt><trkpt lat="-23.755925" lon="-46.556043"><ele>815.329</ele><time>2026-08-03T14:14:23Z</time></trkpt><trkpt lat="-23.755925" lon="-46.556008"><ele>815.421</ele><time>2026-08-03T14:14:24Z</time></trkpt><trkpt lat="-23.755925" lon="-46.555983"><ele>815.509</ele><time>2026-08-03T14:14:25Z</time></trkpt><trkpt lat="-23.75592" lon="-46.555955"><ele>815.546</ele><time>2026-08-03T14:14:26Z</time></trkpt><trkpt lat="-23.75592" lon="-46.555932"><ele>815.631</ele><time>2026-08-03T14:14:27Z</time></trkpt><trkpt lat="-23.75592" lon="-46.55591"><ele>815.741</ele><time>2026-08-03T14:14:28Z</time></trkpt><trkpt lat="-23.755918" lon="-46.555888"><ele>815.769</ele><time>2026-08-03T14:14:29Z</time></trkpt><trkpt lat="-23.75591" lon="-46.555862"><ele>815.963</ele><time>2026-08-03T14:14:30Z</time></trkpt><trkpt lat="-23.755905" lon="-46.555838"><ele>816.058</ele><time>2026-08-03T14:14:31Z</time></trkpt><trkpt lat="-23.755898" lon="-46.555823"><ele>816.192</ele><time>2026-08-03T14:14:32Z</time></trkpt><trkpt lat="-23.755895" lon="-46.555805"><ele>816.281</ele><time>2026-08-03T14:14:33Z</time></trkpt><trkpt lat="-23.755883" lon="-46.55578"><ele>816.280</ele><time>2026-08-03T14:14:34Z</time></trkpt><trkpt lat="-23.755887" lon="-46.555752"><ele>816.257</ele><time>2026-08-03T14:14:35Z</time></trkpt><trkpt lat="-23.755892" lon="-46.555723"><ele>816.400</ele><time>2026-08-03T14:14:36Z</time></trkpt><trkpt lat="-23.755905" lon="-46.555697"><ele>816.620</ele><time>2026-08-03T14:14:37Z</time></trkpt><trkpt lat="-23.755917" lon="-46.55567"><ele>816.709</ele><time>2026-08-03T14:14:38Z</time></trkpt><trkpt lat="-23.755932" lon="-46.555645"><ele>816.747</ele><time>2026-08-03T14:14:39Z</time></trkpt><trkpt lat="-23.75595" lon="-46.555625"><ele>816.772</ele><time>2026-08-03T14:14:40Z</time></trkpt><trkpt lat="-23.755972" lon="-46.555605"><ele>816.722</ele><time>2026-08-03T14:14:41Z</time></trkpt><trkpt lat="-23.755993" lon="-46.555583"><ele>816.780</ele><time>2026-08-03T14:14:42Z</time></trkpt><trkpt lat="-23.756013" lon="-46.555555"><ele>816.744</ele><time>2026-08-03T14:14:43Z</time></trkpt><trkpt lat="-23.756038" lon="-46.555532"><ele>816.729</ele><time>2026-08-03T14:14:44Z</time></trkpt><trkpt lat="-23.756057" lon="-46.555505"><ele>816.723</ele><time>2026-08-03T14:14:45Z</time></trkpt><trkpt lat="-23.756072" lon="-46.555477"><ele>816.712</ele><time>2026-08-03T14:14:46Z</time></trkpt><trkpt lat="-23.756082" lon="-46.555455"><ele>816.741</ele><time>2026-08-03T14:14:47Z</time></trkpt><trkpt lat="-23.756092" lon="-46.555437"><ele>816.724</ele><time>2026-08-03T14:14:48Z</time></trkpt><trkpt lat="-23.756108" lon="-46.555418"><ele>816.704</ele><time>2026-08-03T14:14:49Z</time></trkpt><trkpt lat="-23.756115" lon="-46.55541"><ele>816.714</ele><time>2026-08-03T14:14:50Z</time></trkpt><trkpt lat="-23.756105" lon="-46.555423"><ele>816.709</ele><time>2026-08-03T14:14:53Z</time></trkpt><trkpt lat="-23.756105" lon="-46.555437"><ele>816.724</ele><time>2026-08-03T14:14:54Z</time></trkpt><trkpt lat="-23.756112" lon="-46.555448"><ele>816.739</ele><time>2026-08-03T14:14:55Z</time></trkpt><trkpt lat="-23.75613" lon="-46.555437"><ele>816.649</ele><time>2026-08-03T14:14:56Z</time></trkpt><trkpt lat="-23.756133" lon="-46.555452"><ele>816.567</ele><time>2026-08-03T14:14:57Z</time></trkpt><trkpt lat="-23.756162" lon="-46.555483"><ele>816.321</ele><time>2026-08-03T14:14:58Z</time></trkpt><trkpt lat="-23.756187" lon="-46.555488"><ele>816.116</ele><time>2026-08-03T14:14:59Z</time></trkpt><trkpt lat="-23.756212" lon="-46.555478"><ele>816.110</ele><time>2026-08-03T14:15:00Z</time></trkpt><trkpt lat="-23.756223" lon="-46.555465"><ele>816.059</ele><time>2026-08-03T14:15:01Z</time></trkpt><trkpt lat="-23.756227" lon="-46.555448"><ele>815.948</ele><time>2026-08-03T14:15:02Z</time></trkpt><trkpt lat="-23.756227" lon="-46.555437"><ele>815.893</ele><time>2026-08-03T14:15:03Z</time></trkpt><trkpt lat="-23.756225" lon="-46.555453"><ele>815.865</ele><time>2026-08-03T14:15:04Z</time></trkpt><trkpt lat="-23.756233" lon="-46.555445"><ele>815.721</ele><time>2026-08-03T14:15:06Z</time></trkpt><trkpt lat="-23.756245" lon="-46.55543"><ele>815.509</ele><time>2026-08-03T14:15:07Z</time></trkpt><trkpt lat="-23.756233" lon="-46.555427"><ele>815.341</ele><time>2026-08-03T14:15:08Z</time></trkpt><trkpt lat="-23.756207" lon="-46.555422"><ele>814.796</ele><time>2026-08-03T14:15:09Z</time></trkpt><trkpt lat="-23.756185" lon="-46.555402"><ele>814.346</ele><time>2026-08-03T14:15:11Z</time></trkpt><trkpt lat="-23.75617" lon="-46.555383"><ele>814.334</ele><time>2026-08-03T14:15:12Z</time></trkpt><trkpt lat="-23.756167" lon="-46.55537"><ele>814.338</ele><time>2026-08-03T14:15:13Z</time></trkpt><trkpt lat="-23.756187" lon="-46.555378"><ele>814.333</ele><time>2026-08-03T14:15:16Z</time></trkpt><trkpt lat="-23.7562" lon="-46.555363"><ele>814.397</ele><time>2026-08-03T14:15:17Z</time></trkpt><trkpt lat="-23.756212" lon="-46.555363"><ele>814.346</ele><time>2026-08-03T14:15:18Z</time></trkpt><trkpt lat="-23.756227" lon="-46.555368"><ele>814.345</ele><time>2026-08-03T14:15:22Z</time></trkpt><trkpt lat="-23.756252" lon="-46.55536"><ele>814.328</ele><time>2026-08-03T14:15:25Z</time></trkpt><trkpt lat="-23.756272" lon="-46.555353"><ele>814.389</ele><time>2026-08-03T14:15:26Z</time></trkpt><trkpt lat="-23.75629" lon="-46.555357"><ele>814.317</ele><time>2026-08-03T14:15:27Z</time></trkpt><trkpt lat="-23.756308" lon="-46.555375"><ele>814.309</ele><time>2026-08-03T14:15:28Z</time></trkpt><trkpt lat="-23.756327" lon="-46.555392"><ele>814.314</ele><time>2026-08-03T14:15:29Z</time></trkpt><trkpt lat="-23.756347" lon="-46.555403"><ele>814.589</ele><time>2026-08-03T14:15:30Z</time></trkpt><trkpt lat="-23.75636" lon="-46.555408"><ele>814.989</ele><time>2026-08-03T14:15:31Z</time></trkpt><trkpt lat="-23.756377" lon="-46.555437"><ele>814.937</ele><time>2026-08-03T14:15:32Z</time></trkpt><trkpt lat="-23.756383" lon="-46.555465"><ele>814.991</ele><time>2026-08-03T14:15:33Z</time></trkpt><trkpt lat="-23.756402" lon="-46.555495"><ele>814.966</ele><time>2026-08-03T14:15:34Z</time></trkpt><trkpt lat="-23.75643" lon="-46.555557"><ele>815.570</ele><time>2026-08-03T14:15:35Z</time></trkpt><trkpt lat="-23.756473" lon="-46.555587"><ele>815.989</ele><time>2026-08-03T14:15:36Z</time></trkpt><trkpt lat="-23.756488" lon="-46.555595"><ele>816.018</ele><time>2026-08-03T14:15:37Z</time></trkpt><trkpt lat="-23.756557" lon="-46.555615"><ele>816.011</ele><time>2026-08-03T14:15:38Z</time></trkpt><trkpt lat="-23.75657" lon="-46.555598"><ele>816.121</ele><time>2026-08-03T14:15:39Z</time></trkpt><trkpt lat="-23.75658" lon="-46.555592"><ele>816.103</ele><time>2026-08-03T14:15:40Z</time></trkpt><trkpt lat="-23.75661" lon="-46.55561"><ele>816.109</ele><time>2026-08-03T14:15:42Z</time></trkpt><trkpt lat="-23.756628" lon="-46.555647"><ele>816.163</ele><time>2026-08-03T14:15:43Z</time></trkpt><trkpt lat="-23.75663" lon="-46.555657"><ele>816.178</ele><time>2026-08-03T14:15:45Z</time></trkpt><trkpt lat="-23.75665" lon="-46.555665"><ele>816.128</ele><time>2026-08-03T14:15:46Z</time></trkpt><trkpt lat="-23.756675" lon="-46.555675"><ele>816.126</ele><time>2026-08-03T14:15:47Z</time></trkpt><trkpt lat="-23.756687" lon="-46.555672"><ele>816.160</ele><time>2026-08-03T14:15:48Z</time></trkpt><trkpt lat="-23.756717" lon="-46.555672"><ele>816.145</ele><time>2026-08-03T14:15:49Z</time></trkpt><trkpt lat="-23.756737" lon="-46.55567"><ele>816.189</ele><time>2026-08-03T14:15:50Z</time></trkpt><trkpt lat="-23.756762" lon="-46.555643"><ele>816.188</ele><time>2026-08-03T14:15:51Z</time></trkpt><trkpt lat="-23.756773" lon="-46.55563"><ele>816.187</ele><time>2026-08-03T14:15:52Z</time></trkpt><trkpt lat="-23.756795" lon="-46.55563"><ele>816.196</ele><time>2026-08-03T14:15:53Z</time></trkpt><trkpt lat="-23.756827" lon="-46.555653"><ele>816.031</ele><time>2026-08-03T14:15:54Z</time></trkpt><trkpt lat="-23.756888" lon="-46.555697"><ele>815.924</ele><time>2026-08-03T14:15:55Z</time></trkpt><trkpt lat="-23.75691" lon="-46.555707"><ele>815.909</ele><time>2026-08-03T14:15:56Z</time></trkpt><trkpt lat="-23.756948" lon="-46.555737"><ele>815.191</ele><time>2026-08-03T14:15:57Z</time></trkpt><trkpt lat="-23.756992" lon="-46.555767"><ele>814.316</ele><time>2026-08-03T14:15:58Z</time></trkpt><trkpt lat="-23.75703" lon="-46.555797"><ele>814.256</ele><time>2026-08-03T14:15:59Z</time></trkpt><trkpt lat="-23.757057" lon="-46.55581"><ele>814.164</ele><time>2026-08-03T14:16:00Z</time></trkpt><trkpt lat="-23.75707" lon="-46.555817"><ele>814.068</ele><time>2026-08-03T14:16:01Z</time></trkpt><trkpt lat="-23.757078" lon="-46.55583"><ele>813.933</ele><time>2026-08-03T14:16:02Z</time></trkpt><trkpt lat="-23.757082" lon="-46.555843"><ele>813.977</ele><time>2026-08-03T14:16:03Z</time></trkpt><trkpt lat="-23.757085" lon="-46.555855"><ele>813.866</ele><time>2026-08-03T14:16:04Z</time></trkpt><trkpt lat="-23.757087" lon="-46.555823"><ele>813.835</ele><time>2026-08-03T14:16:05Z</time></trkpt><trkpt lat="-23.757083" lon="-46.555795"><ele>813.759</ele><time>2026-08-03T14:16:06Z</time></trkpt><trkpt lat="-23.757107" lon="-46.555757"><ele>813.503</ele><time>2026-08-03T14:16:07Z</time></trkpt><trkpt lat="-23.757145" lon="-46.555723"><ele>813.423</ele><time>2026-08-03T14:16:08Z</time></trkpt><trkpt lat="-23.757173" lon="-46.555682"><ele>813.309</ele><time>2026-08-03T14:16:09Z</time></trkpt><trkpt lat="-23.75726" lon="-46.555678"><ele>813.177</ele><time>2026-08-03T14:16:10Z</time></trkpt><trkpt lat="-23.757293" lon="-46.555678"><ele>813.072</ele><time>2026-08-03T14:16:11Z</time></trkpt><trkpt lat="-23.757322" lon="-46.555668"><ele>812.942</ele><time>2026-08-03T14:16:12Z</time></trkpt><trkpt lat="-23.757353" lon="-46.55566"><ele>812.810</ele><time>2026-08-03T14:16:13Z</time></trkpt><trkpt lat="-23.757387" lon="-46.55567"><ele>812.874</ele><time>2026-08-03T14:16:14Z</time></trkpt><trkpt lat="-23.757437" lon="-46.555668"><ele>812.849</ele><time>2026-08-03T14:16:15Z</time></trkpt><trkpt lat="-23.75746" lon="-46.55566"><ele>812.843</ele><time>2026-08-03T14:16:16Z</time></trkpt><trkpt lat="-23.757487" lon="-46.555647"><ele>812.882</ele><time>2026-08-03T14:16:17Z</time></trkpt><trkpt lat="-23.757497" lon="-46.555652"><ele>812.821</ele><time>2026-08-03T14:16:18Z</time></trkpt><trkpt lat="-23.757512" lon="-46.555662"><ele>812.896</ele><time>2026-08-03T14:16:19Z</time></trkpt><trkpt lat="-23.757538" lon="-46.555665"><ele>812.831</ele><time>2026-08-03T14:16:21Z</time></trkpt><trkpt lat="-23.757562" lon="-46.555658"><ele>812.724</ele><time>2026-08-03T14:16:22Z</time></trkpt><trkpt lat="-23.757592" lon="-46.555658"><ele>812.709</ele><time>2026-08-03T14:16:23Z</time></trkpt><trkpt lat="-23.75762" lon="-46.555662"><ele>812.681</ele><time>2026-08-03T14:16:24Z</time></trkpt><trkpt lat="-23.757657" lon="-46.555655"><ele>812.156</ele><time>2026-08-03T14:16:25Z</time></trkpt><trkpt lat="-23.757673" lon="-46.555655"><ele>811.376</ele><time>2026-08-03T14:16:26Z</time></trkpt><trkpt lat="-23.7577" lon="-46.555677"><ele>810.644</ele><time>2026-08-03T14:16:27Z</time></trkpt><trkpt lat="-23.757705" lon="-46.555667"><ele>810.298</ele><time>2026-08-03T14:16:28Z</time></trkpt><trkpt lat="-23.757713" lon="-46.555658"><ele>809.953</ele><time>2026-08-03T14:16:29Z</time></trkpt><trkpt lat="-23.757787" lon="-46.555657"><ele>809.787</ele><time>2026-08-03T14:16:30Z</time></trkpt><trkpt lat="-23.757835" lon="-46.555662"><ele>809.626</ele><time>2026-08-03T14:16:31Z</time></trkpt><trkpt lat="-23.757848" lon="-46.555655"><ele>809.035</ele><time>2026-08-03T14:16:32Z</time></trkpt><trkpt lat="-23.757877" lon="-46.555645"><ele>808.354</ele><time>2026-08-03T14:16:33Z</time></trkpt><trkpt lat="-23.757897" lon="-46.555657"><ele>808.356</ele><time>2026-08-03T14:16:34Z</time></trkpt><trkpt lat="-23.75791" lon="-46.555657"><ele>808.211</ele><time>2026-08-03T14:16:35Z</time></trkpt><trkpt lat="-23.757942" lon="-46.555653"><ele>808.109</ele><time>2026-08-03T14:16:37Z</time></trkpt><trkpt lat="-23.757972" lon="-46.555638"><ele>808.047</ele><time>2026-08-03T14:16:38Z</time></trkpt><trkpt lat="-23.757987" lon="-46.55563"><ele>807.992</ele><time>2026-08-03T14:16:39Z</time></trkpt><trkpt lat="-23.758027" lon="-46.555612"><ele>807.812</ele><time>2026-08-03T14:16:40Z</time></trkpt><trkpt lat="-23.758045" lon="-46.555605"><ele>807.730</ele><time>2026-08-03T14:16:41Z</time></trkpt><trkpt lat="-23.758072" lon="-46.55559"><ele>807.664</ele><time>2026-08-03T14:16:42Z</time></trkpt><trkpt lat="-23.758087" lon="-46.555578"><ele>807.419</ele><time>2026-08-03T14:16:43Z</time></trkpt><trkpt lat="-23.75812" lon="-46.555567"><ele>807.253</ele><time>2026-08-03T14:16:44Z</time></trkpt><trkpt lat="-23.758138" lon="-46.555565"><ele>807.282</ele><time>2026-08-03T14:16:45Z</time></trkpt><trkpt lat="-23.758182" lon="-46.55555"><ele>807.141</ele><time>2026-08-03T14:16:46Z</time></trkpt><trkpt lat="-23.75822" lon="-46.555547"><ele>807.163</ele><time>2026-08-03T14:16:47Z</time></trkpt><trkpt lat="-23.758243" lon="-46.55554"><ele>807.044</ele><time>2026-08-03T14:16:48Z</time></trkpt><trkpt lat="-23.758268" lon="-46.555523"><ele>807.018</ele><time>2026-08-03T14:16:49Z</time></trkpt><trkpt lat="-23.758288" lon="-46.555518"><ele>807.009</ele><time>2026-08-03T14:16:50Z</time></trkpt><trkpt lat="-23.75831" lon="-46.55552"><ele>807.058</ele><time>2026-08-03T14:16:51Z</time></trkpt><trkpt lat="-23.758333" lon="-46.555515"><ele>807.013</ele><time>2026-08-03T14:16:52Z</time></trkpt><trkpt lat="-23.758368" lon="-46.555502"><ele>806.973</ele><time>2026-08-03T14:16:53Z</time></trkpt><trkpt lat="-23.758397" lon="-46.555497"><ele>806.921</ele><time>2026-08-03T14:16:54Z</time></trkpt><trkpt lat="-23.75842" lon="-46.55546"><ele>806.965</ele><time>2026-08-03T14:16:55Z</time></trkpt><trkpt lat="-23.75844" lon="-46.555443"><ele>806.910</ele><time>2026-08-03T14:16:56Z</time></trkpt><trkpt lat="-23.758455" lon="-46.555418"><ele>806.734</ele><time>2026-08-03T14:16:57Z</time></trkpt><trkpt lat="-23.758452" lon="-46.555382"><ele>806.673</ele><time>2026-08-03T14:16:58Z</time></trkpt><trkpt lat="-23.758463" lon="-46.555343"><ele>806.592</ele><time>2026-08-03T14:17:00Z</time></trkpt><trkpt lat="-23.758462" lon="-46.555327"><ele>806.495</ele><time>2026-08-03T14:17:01Z</time></trkpt><trkpt lat="-23.758502" lon="-46.5553"><ele>806.449</ele><time>2026-08-03T14:17:02Z</time></trkpt><trkpt lat="-23.758523" lon="-46.555265"><ele>806.423</ele><time>2026-08-03T14:17:03Z</time></trkpt><trkpt lat="-23.758525" lon="-46.555243"><ele>805.909</ele><time>2026-08-03T14:17:04Z</time></trkpt><trkpt lat="-23.758532" lon="-46.55521"><ele>805.241</ele><time>2026-08-03T14:17:05Z</time></trkpt><trkpt lat="-23.75857" lon="-46.555197"><ele>805.116</ele><time>2026-08-03T14:17:06Z</time></trkpt><trkpt lat="-23.758585" lon="-46.555178"><ele>805.156</ele><time>2026-08-03T14:17:07Z</time></trkpt><trkpt lat="-23.758628" lon="-46.555153"><ele>805.064</ele><time>2026-08-03T14:17:08Z</time></trkpt><trkpt lat="-23.758633" lon="-46.555143"><ele>804.818</ele><time>2026-08-03T14:17:09Z</time></trkpt><trkpt lat="-23.758683" lon="-46.555138"><ele>804.613</ele><time>2026-08-03T14:17:10Z</time></trkpt><trkpt lat="-23.758702" lon="-46.555133"><ele>804.247</ele><time>2026-08-03T14:17:11Z</time></trkpt><trkpt lat="-23.758715" lon="-46.555133"><ele>803.466</ele><time>2026-08-03T14:17:12Z</time></trkpt><trkpt lat="-23.758743" lon="-46.555128"><ele>802.295</ele><time>2026-08-03T14:17:13Z</time></trkpt><trkpt lat="-23.758763" lon="-46.55513"><ele>800.785</ele><time>2026-08-03T14:17:14Z</time></trkpt><trkpt lat="-23.75882" lon="-46.555132"><ele>799.789</ele><time>2026-08-03T14:17:15Z</time></trkpt><trkpt lat="-23.758858" lon="-46.555122"><ele>798.917</ele><time>2026-08-03T14:17:16Z</time></trkpt><trkpt lat="-23.758883" lon="-46.555112"><ele>797.309</ele><time>2026-08-03T14:17:17Z</time></trkpt><trkpt lat="-23.758892" lon="-46.55509"><ele>796.230</ele><time>2026-08-03T14:17:18Z</time></trkpt><trkpt lat="-23.758895" lon="-46.55507"><ele>795.735</ele><time>2026-08-03T14:17:19Z</time></trkpt><trkpt lat="-23.758908" lon="-46.555048"><ele>795.115</ele><time>2026-08-03T14:17:20Z</time></trkpt><trkpt lat="-23.758912" lon="-46.55503"><ele>794.693</ele><time>2026-08-03T14:17:21Z</time></trkpt><trkpt lat="-23.758933" lon="-46.55502"><ele>794.177</ele><time>2026-08-03T14:17:22Z</time></trkpt><trkpt lat="-23.75896" lon="-46.555005"><ele>793.762</ele><time>2026-08-03T14:17:23Z</time></trkpt><trkpt lat="-23.758992" lon="-46.554995"><ele>793.696</ele><time>2026-08-03T14:17:24Z</time></trkpt><trkpt lat="-23.759017" lon="-46.55499"><ele>793.525</ele><time>2026-08-03T14:17:25Z</time></trkpt><trkpt lat="-23.759035" lon="-46.554973"><ele>793.214</ele><time>2026-08-03T14:17:26Z</time></trkpt><trkpt lat="-23.759055" lon="-46.554952"><ele>793.053</ele><time>2026-08-03T14:17:27Z</time></trkpt><trkpt lat="-23.759073" lon="-46.554928"><ele>792.704</ele><time>2026-08-03T14:17:28Z</time></trkpt><trkpt lat="-23.75909" lon="-46.554903"><ele>791.914</ele><time>2026-08-03T14:17:29Z</time></trkpt><trkpt lat="-23.759103" lon="-46.554868"><ele>791.309</ele><time>2026-08-03T14:17:30Z</time></trkpt><trkpt lat="-23.75912" lon="-46.554842"><ele>791.357</ele><time>2026-08-03T14:17:31Z</time></trkpt><trkpt lat="-23.759133" lon="-46.55482"><ele>791.292</ele><time>2026-08-03T14:17:32Z</time></trkpt><trkpt lat="-23.759137" lon="-46.554798"><ele>791.292</ele><time>2026-08-03T14:17:33Z</time></trkpt><trkpt lat="-23.75914" lon="-46.55478"><ele>791.060</ele><time>2026-08-03T14:17:34Z</time></trkpt><trkpt lat="-23.759137" lon="-46.554762"><ele>790.664</ele><time>2026-08-03T14:17:35Z</time></trkpt><trkpt lat="-23.759148" lon="-46.55474"><ele>790.269</ele><time>2026-08-03T14:17:36Z</time></trkpt><trkpt lat="-23.759152" lon="-46.554718"><ele>790.283</ele><time>2026-08-03T14:17:37Z</time></trkpt><trkpt lat="-23.759157" lon="-46.554697"><ele>790.192</ele><time>2026-08-03T14:17:38Z</time></trkpt><trkpt lat="-23.759168" lon="-46.554682"><ele>790.021</ele><time>2026-08-03T14:17:39Z</time></trkpt><trkpt lat="-23.759177" lon="-46.554668"><ele>789.991</ele><time>2026-08-03T14:17:40Z</time></trkpt><trkpt lat="-23.759198" lon="-46.554653"><ele>789.681</ele><time>2026-08-03T14:17:41Z</time></trkpt><trkpt lat="-23.759215" lon="-46.55463"><ele>789.319</ele><time>2026-08-03T14:17:42Z</time></trkpt><trkpt lat="-23.759227" lon="-46.554617"><ele>788.909</ele><time>2026-08-03T14:17:43Z</time></trkpt><trkpt lat="-23.759227" lon="-46.554585"><ele>788.431</ele><time>2026-08-03T14:17:44Z</time></trkpt><trkpt lat="-23.759223" lon="-46.554568"><ele>788.256</ele><time>2026-08-03T14:17:45Z</time></trkpt><trkpt lat="-23.759247" lon="-46.554532"><ele>787.966</ele><time>2026-08-03T14:17:46Z</time></trkpt><trkpt lat="-23.759255" lon="-46.554502"><ele>787.694</ele><time>2026-08-03T14:17:47Z</time></trkpt><trkpt lat="-23.759253" lon="-46.55448"><ele>787.358</ele><time>2026-08-03T14:17:48Z</time></trkpt><trkpt lat="-23.759258" lon="-46.554467"><ele>787.043</ele><time>2026-08-03T14:17:49Z</time></trkpt><trkpt lat="-23.759302" lon="-46.554438"><ele>786.827</ele><time>2026-08-03T14:17:50Z</time></trkpt><trkpt lat="-23.759317" lon="-46.554422"><ele>786.596</ele><time>2026-08-03T14:17:51Z</time></trkpt><trkpt lat="-23.759312" lon="-46.55439"><ele>786.185</ele><time>2026-08-03T14:17:52Z</time></trkpt><trkpt lat="-23.759297" lon="-46.55436"><ele>785.821</ele><time>2026-08-03T14:17:53Z</time></trkpt><trkpt lat="-23.759285" lon="-46.554332"><ele>785.741</ele><time>2026-08-03T14:17:54Z</time></trkpt><trkpt lat="-23.759272" lon="-46.554297"><ele>785.605</ele><time>2026-08-03T14:17:55Z</time></trkpt><trkpt lat="-23.759248" lon="-46.554282"><ele>785.209</ele><time>2026-08-03T14:17:56Z</time></trkpt><trkpt lat="-23.759217" lon="-46.554265"><ele>785.064</ele><time>2026-08-03T14:17:57Z</time></trkpt><trkpt lat="-23.759182" lon="-46.554242"><ele>785.039</ele><time>2026-08-03T14:17:58Z</time></trkpt><trkpt lat="-23.759185" lon="-46.554212"><ele>785.099</ele><time>2026-08-03T14:17:59Z</time></trkpt><trkpt lat="-23.759173" lon="-46.554183"><ele>785.067</ele><time>2026-08-03T14:18:00Z</time></trkpt><trkpt lat="-23.759185" lon="-46.554178"><ele>784.961</ele><time>2026-08-03T14:18:01Z</time></trkpt><trkpt lat="-23.75916" lon="-46.554167"><ele>784.616</ele><time>2026-08-03T14:18:02Z</time></trkpt><trkpt lat="-23.759165" lon="-46.554117"><ele>784.420</ele><time>2026-08-03T14:18:03Z</time></trkpt><trkpt lat="-23.759162" lon="-46.55409"><ele>784.299</ele><time>2026-08-03T14:18:04Z</time></trkpt><trkpt lat="-23.75917" lon="-46.55407"><ele>784.148</ele><time>2026-08-03T14:18:05Z</time></trkpt><trkpt lat="-23.759175" lon="-46.554045"><ele>784.038</ele><time>2026-08-03T14:18:06Z</time></trkpt><trkpt lat="-23.759178" lon="-46.554022"><ele>783.870</ele><time>2026-08-03T14:18:07Z</time></trkpt><trkpt lat="-23.759182" lon="-46.553995"><ele>783.417</ele><time>2026-08-03T14:18:08Z</time></trkpt><trkpt lat="-23.759185" lon="-46.553972"><ele>783.109</ele><time>2026-08-03T14:18:09Z</time></trkpt><trkpt lat="-23.759192" lon="-46.553943"><ele>782.885</ele><time>2026-08-03T14:18:10Z</time></trkpt><trkpt lat="-23.759203" lon="-46.553918"><ele>782.650</ele><time>2026-08-03T14:18:11Z</time></trkpt><trkpt lat="-23.759207" lon="-46.553895"><ele>782.690</ele><time>2026-08-03T14:18:12Z</time></trkpt><trkpt lat="-23.759212" lon="-46.553872"><ele>782.668</ele><time>2026-08-03T14:18:13Z</time></trkpt><trkpt lat="-23.759213" lon="-46.553855"><ele>782.472</ele><time>2026-08-03T14:18:14Z</time></trkpt><trkpt lat="-23.759218" lon="-46.55384"><ele>782.117</ele><time>2026-08-03T14:18:15Z</time></trkpt><trkpt lat="-23.759228" lon="-46.553818"><ele>782.151</ele><time>2026-08-03T14:18:16Z</time></trkpt><trkpt lat="-23.759237" lon="-46.5538"><ele>781.890</ele><time>2026-08-03T14:18:17Z</time></trkpt><trkpt lat="-23.759233" lon="-46.553757"><ele>781.379</ele><time>2026-08-03T14:18:18Z</time></trkpt><trkpt lat="-23.759242" lon="-46.553733"><ele>781.022</ele><time>2026-08-03T14:18:19Z</time></trkpt><trkpt lat="-23.759253" lon="-46.553717"><ele>780.962</ele><time>2026-08-03T14:18:20Z</time></trkpt><trkpt lat="-23.759263" lon="-46.553712"><ele>780.808</ele><time>2026-08-03T14:18:21Z</time></trkpt><trkpt lat="-23.75928" lon="-46.55369"><ele>780.509</ele><time>2026-08-03T14:18:22Z</time></trkpt><trkpt lat="-23.759298" lon="-46.553667"><ele>779.974</ele><time>2026-08-03T14:18:23Z</time></trkpt><trkpt lat="-23.759317" lon="-46.553655"><ele>779.359</ele><time>2026-08-03T14:18:24Z</time></trkpt><trkpt lat="-23.759325" lon="-46.553645"><ele>778.529</ele><time>2026-08-03T14:18:25Z</time></trkpt><trkpt lat="-23.759335" lon="-46.553628"><ele>777.887</ele><time>2026-08-03T14:18:26Z</time></trkpt><trkpt lat="-23.759353" lon="-46.553617"><ele>777.661</ele><time>2026-08-03T14:18:27Z</time></trkpt><trkpt lat="-23.759363" lon="-46.553612"><ele>777.696</ele><time>2026-08-03T14:18:28Z</time></trkpt><trkpt lat="-23.759377" lon="-46.553577"><ele>777.650</ele><time>2026-08-03T14:18:29Z</time></trkpt><trkpt lat="-23.759372" lon="-46.553543"><ele>777.639</ele><time>2026-08-03T14:18:30Z</time></trkpt><trkpt lat="-23.759363" lon="-46.55351"><ele>777.528</ele><time>2026-08-03T14:18:31Z</time></trkpt><trkpt lat="-23.759355" lon="-46.553488"><ele>777.559</ele><time>2026-08-03T14:18:32Z</time></trkpt><trkpt lat="-23.759343" lon="-46.553463"><ele>777.503</ele><time>2026-08-03T14:18:33Z</time></trkpt><trkpt lat="-23.759327" lon="-46.553412"><ele>777.423</ele><time>2026-08-03T14:18:34Z</time></trkpt><trkpt lat="-23.759318" lon="-46.553375"><ele>777.409</ele><time>2026-08-03T14:18:35Z</time></trkpt><trkpt lat="-23.759312" lon="-46.553347"><ele>777.457</ele><time>2026-08-03T14:18:36Z</time></trkpt><trkpt lat="-23.75931" lon="-46.553323"><ele>777.392</ele><time>2026-08-03T14:18:37Z</time></trkpt><trkpt lat="-23.759305" lon="-46.553313"><ele>777.012</ele><time>2026-08-03T14:18:38Z</time></trkpt><trkpt lat="-23.759292" lon="-46.553283"><ele>776.780</ele><time>2026-08-03T14:18:39Z</time></trkpt><trkpt lat="-23.759283" lon="-46.553263"><ele>776.754</ele><time>2026-08-03T14:18:40Z</time></trkpt><trkpt lat="-23.759282" lon="-46.553247"><ele>776.719</ele><time>2026-08-03T14:18:41Z</time></trkpt><trkpt lat="-23.759273" lon="-46.553228"><ele>776.733</ele><time>2026-08-03T14:18:42Z</time></trkpt><trkpt lat="-23.759288" lon="-46.553198"><ele>776.742</ele><time>2026-08-03T14:18:43Z</time></trkpt><trkpt lat="-23.759283" lon="-46.553175"><ele>776.781</ele><time>2026-08-03T14:18:44Z</time></trkpt><trkpt lat="-23.759278" lon="-46.553157"><ele>776.764</ele><time>2026-08-03T14:18:45Z</time></trkpt><trkpt lat="-23.759328" lon="-46.55313"><ele>776.706</ele><time>2026-08-03T14:18:46Z</time></trkpt><trkpt lat="-23.759352" lon="-46.553113"><ele>776.716</ele><time>2026-08-03T14:18:47Z</time></trkpt><trkpt lat="-23.759365" lon="-46.553112"><ele>776.709</ele><time>2026-08-03T14:18:48Z</time></trkpt><trkpt lat="-23.759385" lon="-46.553095"><ele>776.768</ele><time>2026-08-03T14:18:49Z</time></trkpt><trkpt lat="-23.759405" lon="-46.553095"><ele>776.743</ele><time>2026-08-03T14:18:50Z</time></trkpt><trkpt lat="-23.759427" lon="-46.553095"><ele>776.763</ele><time>2026-08-03T14:18:51Z</time></trkpt><trkpt lat="-23.759455" lon="-46.553083"><ele>776.741</ele><time>2026-08-03T14:18:52Z</time></trkpt><trkpt lat="-23.759482" lon="-46.55309"><ele>776.755</ele><time>2026-08-03T14:18:53Z</time></trkpt><trkpt lat="-23.759493" lon="-46.553097"><ele>776.740</ele><time>2026-08-03T14:18:54Z</time></trkpt><trkpt lat="-23.759513" lon="-46.553105"><ele>776.974</ele><time>2026-08-03T14:18:55Z</time></trkpt><trkpt lat="-23.759538" lon="-46.553108"><ele>777.243</ele><time>2026-08-03T14:18:56Z</time></trkpt><trkpt lat="-23.759558" lon="-46.55311"><ele>777.742</ele><time>2026-08-03T14:18:57Z</time></trkpt><trkpt lat="-23.759583" lon="-46.55308"><ele>778.037</ele><time>2026-08-03T14:18:58Z</time></trkpt><trkpt lat="-23.759608" lon="-46.55304"><ele>778.149</ele><time>2026-08-03T14:18:59Z</time></trkpt><trkpt lat="-23.759625" lon="-46.553018"><ele>778.813</ele><time>2026-08-03T14:19:00Z</time></trkpt><trkpt lat="-23.75964" lon="-46.553007"><ele>780.809</ele><time>2026-08-03T14:19:01Z</time></trkpt><trkpt lat="-23.75966" lon="-46.552987"><ele>782.825</ele><time>2026-08-03T14:19:02Z</time></trkpt><trkpt lat="-23.759682" lon="-46.552967"><ele>783.850</ele><time>2026-08-03T14:19:03Z</time></trkpt><trkpt lat="-23.7597" lon="-46.552922"><ele>783.820</ele><time>2026-08-03T14:19:04Z</time></trkpt><trkpt lat="-23.759712" lon="-46.552903"><ele>783.898</ele><time>2026-08-03T14:19:05Z</time></trkpt><trkpt lat="-23.759723" lon="-46.552888"><ele>783.852</ele><time>2026-08-03T14:19:06Z</time></trkpt><trkpt lat="-23.75974" lon="-46.552853"><ele>783.877</ele><time>2026-08-03T14:19:07Z</time></trkpt><trkpt lat="-23.759752" lon="-46.552835"><ele>783.811</ele><time>2026-08-03T14:19:08Z</time></trkpt><trkpt lat="-23.759763" lon="-46.55282"><ele>783.810</ele><time>2026-08-03T14:19:09Z</time></trkpt><trkpt lat="-23.759772" lon="-46.552797"><ele>783.829</ele><time>2026-08-03T14:19:10Z</time></trkpt><trkpt lat="-23.759782" lon="-46.552773"><ele>783.847</ele><time>2026-08-03T14:19:11Z</time></trkpt><trkpt lat="-23.759793" lon="-46.552762"><ele>783.829</ele><time>2026-08-03T14:19:12Z</time></trkpt><trkpt lat="-23.759817" lon="-46.552753"><ele>783.821</ele><time>2026-08-03T14:19:13Z</time></trkpt><trkpt lat="-23.759837" lon="-46.552747"><ele>783.809</ele><time>2026-08-03T14:19:14Z</time></trkpt><trkpt lat="-23.759847" lon="-46.552732"><ele>783.896</ele><time>2026-08-03T14:19:15Z</time></trkpt><trkpt lat="-23.759857" lon="-46.552722"><ele>783.851</ele><time>2026-08-03T14:19:16Z</time></trkpt><trkpt lat="-23.759863" lon="-46.552688"><ele>783.871</ele><time>2026-08-03T14:19:17Z</time></trkpt><trkpt lat="-23.759867" lon="-46.552662"><ele>778.739</ele><time>2026-08-03T14:19:18Z</time></trkpt><trkpt lat="-23.759875" lon="-46.55263"><ele>773.193</ele><time>2026-08-03T14:19:19Z</time></trkpt><trkpt lat="-23.759868" lon="-46.552595"><ele>772.958</ele><time>2026-08-03T14:19:20Z</time></trkpt><trkpt lat="-23.759877" lon="-46.552553"><ele>772.572</ele><time>2026-08-03T14:19:21Z</time></trkpt><trkpt lat="-23.759872" lon="-46.552533"><ele>772.391</ele><time>2026-08-03T14:19:22Z</time></trkpt><trkpt lat="-23.759883" lon="-46.55249"><ele>772.280</ele><time>2026-08-03T14:19:23Z</time></trkpt><trkpt lat="-23.759895" lon="-46.552457"><ele>772.121</ele><time>2026-08-03T14:19:24Z</time></trkpt><trkpt lat="-23.759902" lon="-46.552425"><ele>772.141</ele><time>2026-08-03T14:19:25Z</time></trkpt><trkpt lat="-23.759907" lon="-46.552393"><ele>772.105</ele><time>2026-08-03T14:19:26Z</time></trkpt><trkpt lat="-23.759917" lon="-46.552367"><ele>772.109</ele><time>2026-08-03T14:19:27Z</time></trkpt><trkpt lat="-23.759923" lon="-46.55234"><ele>772.184</ele><time>2026-08-03T14:19:28Z</time></trkpt><trkpt lat="-23.759928" lon="-46.552317"><ele>772.199</ele><time>2026-08-03T14:19:29Z</time></trkpt><trkpt lat="-23.759927" lon="-46.5523"><ele>772.129</ele><time>2026-08-03T14:19:30Z</time></trkpt><trkpt lat="-23.759925" lon="-46.55228"><ele>772.157</ele><time>2026-08-03T14:19:31Z</time></trkpt><trkpt lat="-23.759918" lon="-46.552263"><ele>772.151</ele><time>2026-08-03T14:19:32Z</time></trkpt><trkpt lat="-23.75991" lon="-46.552248"><ele>772.146</ele><time>2026-08-03T14:19:33Z</time></trkpt><trkpt lat="-23.759895" lon="-46.55224"><ele>772.190</ele><time>2026-08-03T14:19:34Z</time></trkpt><trkpt lat="-23.759883" lon="-46.552228"><ele>772.169</ele><time>2026-08-03T14:19:35Z</time></trkpt><trkpt lat="-23.759875" lon="-46.552218"><ele>772.128</ele><time>2026-08-03T14:19:36Z</time></trkpt><trkpt lat="-23.759865" lon="-46.552212"><ele>772.219</ele><time>2026-08-03T14:19:37Z</time></trkpt><trkpt lat="-23.759848" lon="-46.552213"><ele>772.309</ele><time>2026-08-03T14:19:38Z</time></trkpt><trkpt lat="-23.759833" lon="-46.552203"><ele>772.319</ele><time>2026-08-03T14:19:39Z</time></trkpt><trkpt lat="-23.759822" lon="-46.552195"><ele>772.509</ele><time>2026-08-03T14:19:40Z</time></trkpt><trkpt lat="-23.75981" lon="-46.552187"><ele>772.643</ele><time>2026-08-03T14:19:41Z</time></trkpt><trkpt lat="-23.75978" lon="-46.552162"><ele>772.728</ele><time>2026-08-03T14:19:42Z</time></trkpt><trkpt lat="-23.759752" lon="-46.552133"><ele>772.768</ele><time>2026-08-03T14:19:43Z</time></trkpt><trkpt lat="-23.75973" lon="-46.552112"><ele>772.836</ele><time>2026-08-03T14:19:44Z</time></trkpt><trkpt lat="-23.75972" lon="-46.552092"><ele>772.840</ele><time>2026-08-03T14:19:45Z</time></trkpt><trkpt lat="-23.759693" lon="-46.552072"><ele>772.835</ele><time>2026-08-03T14:19:46Z</time></trkpt><trkpt lat="-23.759657" lon="-46.552058"><ele>772.959</ele><time>2026-08-03T14:19:47Z</time></trkpt><trkpt lat="-23.759635" lon="-46.55204"><ele>772.918</ele><time>2026-08-03T14:19:48Z</time></trkpt><trkpt lat="-23.759622" lon="-46.552032"><ele>772.927</ele><time>2026-08-03T14:19:49Z</time></trkpt><trkpt lat="-23.759607" lon="-46.55202"><ele>772.998</ele><time>2026-08-03T14:19:50Z</time></trkpt><trkpt lat="-23.759597" lon="-46.552005"><ele>773.015</ele><time>2026-08-03T14:19:51Z</time></trkpt><trkpt lat="-23.759585" lon="-46.551993"><ele>773.026</ele><time>2026-08-03T14:19:52Z</time></trkpt><trkpt lat="-23.759568" lon="-46.551958"><ele>773.109</ele><time>2026-08-03T14:19:53Z</time></trkpt><trkpt lat="-23.75955" lon="-46.551928"><ele>773.161</ele><time>2026-08-03T14:19:54Z</time></trkpt><trkpt lat="-23.759537" lon="-46.551895"><ele>773.276</ele><time>2026-08-03T14:19:55Z</time></trkpt><trkpt lat="-23.759532" lon="-46.551865"><ele>773.776</ele><time>2026-08-03T14:19:56Z</time></trkpt><trkpt lat="-23.759505" lon="-46.551838"><ele>774.834</ele><time>2026-08-03T14:19:57Z</time></trkpt><trkpt lat="-23.759478" lon="-46.55182"><ele>775.898</ele><time>2026-08-03T14:19:58Z</time></trkpt><trkpt lat="-23.75947" lon="-46.551803"><ele>776.363</ele><time>2026-08-03T14:19:59Z</time></trkpt><trkpt lat="-23.759465" lon="-46.551785"><ele>776.747</ele><time>2026-08-03T14:20:00Z</time></trkpt><trkpt lat="-23.759458" lon="-46.551767"><ele>777.576</ele><time>2026-08-03T14:20:01Z</time></trkpt><trkpt lat="-23.759448" lon="-46.55175"><ele>778.475</ele><time>2026-08-03T14:20:02Z</time></trkpt><trkpt lat="-23.75943" lon="-46.551735"><ele>779.099</ele><time>2026-08-03T14:20:03Z</time></trkpt><trkpt lat="-23.759415" lon="-46.55172"><ele>779.607</ele><time>2026-08-03T14:20:04Z</time></trkpt><trkpt lat="-23.759398" lon="-46.551702"><ele>780.027</ele><time>2026-08-03T14:20:05Z</time></trkpt><trkpt lat="-23.759385" lon="-46.551688"><ele>780.209</ele><time>2026-08-03T14:20:06Z</time></trkpt><trkpt lat="-23.759365" lon="-46.551668"><ele>780.341</ele><time>2026-08-03T14:20:07Z</time></trkpt><trkpt lat="-23.759343" lon="-46.551658"><ele>780.636</ele><time>2026-08-03T14:20:08Z</time></trkpt><trkpt lat="-23.759325" lon="-46.55165"><ele>781.086</ele><time>2026-08-03T14:20:09Z</time></trkpt><trkpt lat="-23.759297" lon="-46.551638"><ele>781.284</ele><time>2026-08-03T14:20:10Z</time></trkpt><trkpt lat="-23.759273" lon="-46.551638"><ele>781.588</ele><time>2026-08-03T14:20:11Z</time></trkpt><trkpt lat="-23.759248" lon="-46.55164"><ele>781.993</ele><time>2026-08-03T14:20:12Z</time></trkpt><trkpt lat="-23.759227" lon="-46.551653"><ele>782.567</ele><time>2026-08-03T14:20:13Z</time></trkpt><trkpt lat="-23.7592" lon="-46.551653"><ele>782.856</ele><time>2026-08-03T14:20:14Z</time></trkpt><trkpt lat="-23.759182" lon="-46.551658"><ele>783.095</ele><time>2026-08-03T14:20:15Z</time></trkpt><trkpt lat="-23.759162" lon="-46.55167"><ele>783.449</ele><time>2026-08-03T14:20:16Z</time></trkpt><trkpt lat="-23.759132" lon="-46.55168"><ele>783.802</ele><time>2026-08-03T14:20:17Z</time></trkpt><trkpt lat="-23.759105" lon="-46.55169"><ele>784.022</ele><time>2026-08-03T14:20:18Z</time></trkpt><trkpt lat="-23.759088" lon="-46.551688"><ele>784.009</ele><time>2026-08-03T14:20:19Z</time></trkpt><trkpt lat="-23.759075" lon="-46.551683"><ele>784.046</ele><time>2026-08-03T14:20:20Z</time></trkpt><trkpt lat="-23.759065" lon="-46.551675"><ele>784.081</ele><time>2026-08-03T14:20:21Z</time></trkpt><trkpt lat="-23.759053" lon="-46.551668"><ele>784.011</ele><time>2026-08-03T14:20:22Z</time></trkpt><trkpt lat="-23.759045" lon="-46.551663"><ele>784.069</ele><time>2026-08-03T14:20:23Z</time></trkpt><trkpt lat="-23.75903" lon="-46.551637"><ele>784.033</ele><time>2026-08-03T14:20:24Z</time></trkpt><trkpt lat="-23.759012" lon="-46.551612"><ele>784.088</ele><time>2026-08-03T14:20:25Z</time></trkpt><trkpt lat="-23.759003" lon="-46.551597"><ele>784.042</ele><time>2026-08-03T14:20:26Z</time></trkpt><trkpt lat="-23.758987" lon="-46.551573"><ele>784.011</ele><time>2026-08-03T14:20:27Z</time></trkpt><trkpt lat="-23.758955" lon="-46.551548"><ele>784.040</ele><time>2026-08-03T14:20:28Z</time></trkpt><trkpt lat="-23.758925" lon="-46.551527"><ele>784.059</ele><time>2026-08-03T14:20:29Z</time></trkpt><trkpt lat="-23.758893" lon="-46.551507"><ele>784.003</ele><time>2026-08-03T14:20:30Z</time></trkpt><trkpt lat="-23.758868" lon="-46.551487"><ele>784.023</ele><time>2026-08-03T14:20:31Z</time></trkpt><trkpt lat="-23.758842" lon="-46.551462"><ele>784.009</ele><time>2026-08-03T14:20:32Z</time></trkpt><trkpt lat="-23.758822" lon="-46.551433"><ele>784.037</ele><time>2026-08-03T14:20:33Z</time></trkpt><trkpt lat="-23.758807" lon="-46.551412"><ele>783.832</ele><time>2026-08-03T14:20:34Z</time></trkpt><trkpt lat="-23.758795" lon="-46.551385"><ele>783.632</ele><time>2026-08-03T14:20:35Z</time></trkpt><trkpt lat="-23.758782" lon="-46.551363"><ele>783.670</ele><time>2026-08-03T14:20:36Z</time></trkpt><trkpt lat="-23.758757" lon="-46.55133"><ele>783.664</ele><time>2026-08-03T14:20:37Z</time></trkpt><trkpt lat="-23.758745" lon="-46.551297"><ele>783.629</ele><time>2026-08-03T14:20:38Z</time></trkpt><trkpt lat="-23.758733" lon="-46.55126"><ele>783.693</ele><time>2026-08-03T14:20:39Z</time></trkpt><trkpt lat="-23.758723" lon="-46.551223"><ele>783.662</ele><time>2026-08-03T14:20:40Z</time></trkpt><trkpt lat="-23.758705" lon="-46.551197"><ele>783.611</ele><time>2026-08-03T14:20:41Z</time></trkpt><trkpt lat="-23.758702" lon="-46.551167"><ele>783.635</ele><time>2026-08-03T14:20:42Z</time></trkpt><trkpt lat="-23.758698" lon="-46.551138"><ele>783.686</ele><time>2026-08-03T14:20:43Z</time></trkpt><trkpt lat="-23.758692" lon="-46.551102"><ele>783.614</ele><time>2026-08-03T14:20:44Z</time></trkpt><trkpt lat="-23.758712" lon="-46.551077"><ele>783.609</ele><time>2026-08-03T14:20:45Z</time></trkpt><trkpt lat="-23.758698" lon="-46.551055"><ele>783.665</ele><time>2026-08-03T14:20:46Z</time></trkpt><trkpt lat="-23.758702" lon="-46.551037"><ele>783.620</ele><time>2026-08-03T14:20:47Z</time></trkpt><trkpt lat="-23.7587" lon="-46.551018"><ele>783.630</ele><time>2026-08-03T14:20:48Z</time></trkpt><trkpt lat="-23.758702" lon="-46.551"><ele>783.648</ele><time>2026-08-03T14:20:49Z</time></trkpt><trkpt lat="-23.758718" lon="-46.550983"><ele>783.692</ele><time>2026-08-03T14:20:50Z</time></trkpt><trkpt lat="-23.758717" lon="-46.550955"><ele>783.857</ele><time>2026-08-03T14:20:51Z</time></trkpt><trkpt lat="-23.758705" lon="-46.550938"><ele>784.341</ele><time>2026-08-03T14:20:52Z</time></trkpt><trkpt lat="-23.758702" lon="-46.55091"><ele>785.160</ele><time>2026-08-03T14:20:53Z</time></trkpt><trkpt lat="-23.758695" lon="-46.550893"><ele>786.029</ele><time>2026-08-03T14:20:54Z</time></trkpt><trkpt lat="-23.758697" lon="-46.550847"><ele>786.537</ele><time>2026-08-03T14:20:55Z</time></trkpt><trkpt lat="-23.758697" lon="-46.550828"><ele>786.549</ele><time>2026-08-03T14:20:56Z</time></trkpt><trkpt lat="-23.75871" lon="-46.550808"><ele>786.613</ele><time>2026-08-03T14:20:57Z</time></trkpt><trkpt lat="-23.75874" lon="-46.550773"><ele>786.609</ele><time>2026-08-03T14:20:58Z</time></trkpt><trkpt lat="-23.75875" lon="-46.55077"><ele>786.675</ele><time>2026-08-03T14:21:00Z</time></trkpt><trkpt lat="-23.758773" lon="-46.550755"><ele>786.620</ele><time>2026-08-03T14:21:01Z</time></trkpt><trkpt lat="-23.758792" lon="-46.550738"><ele>786.690</ele><time>2026-08-03T14:21:02Z</time></trkpt><trkpt lat="-23.75881" lon="-46.550718"><ele>786.668</ele><time>2026-08-03T14:21:03Z</time></trkpt><trkpt lat="-23.758822" lon="-46.550707"><ele>786.862</ele><time>2026-08-03T14:21:04Z</time></trkpt><trkpt lat="-23.758842" lon="-46.550687"><ele>786.927</ele><time>2026-08-03T14:21:05Z</time></trkpt><trkpt lat="-23.75886" lon="-46.550632"><ele>786.941</ele><time>2026-08-03T14:21:06Z</time></trkpt><trkpt lat="-23.758882" lon="-46.550588"><ele>786.940</ele><time>2026-08-03T14:21:07Z</time></trkpt><trkpt lat="-23.758908" lon="-46.55058"><ele>786.979</ele><time>2026-08-03T14:21:08Z</time></trkpt><trkpt lat="-23.758915" lon="-46.55057"><ele>786.981</ele><time>2026-08-03T14:21:09Z</time></trkpt><trkpt lat="-23.758917" lon="-46.55056"><ele>786.961</ele><time>2026-08-03T14:21:10Z</time></trkpt><trkpt lat="-23.758928" lon="-46.550533"><ele>786.917</ele><time>2026-08-03T14:21:11Z</time></trkpt><trkpt lat="-23.758942" lon="-46.550507"><ele>786.909</ele><time>2026-08-03T14:21:12Z</time></trkpt><trkpt lat="-23.758972" lon="-46.550482"><ele>786.920</ele><time>2026-08-03T14:21:13Z</time></trkpt><trkpt lat="-23.75902" lon="-46.550455"><ele>786.965</ele><time>2026-08-03T14:21:14Z</time></trkpt><trkpt lat="-23.759057" lon="-46.55043"><ele>786.995</ele><time>2026-08-03T14:21:15Z</time></trkpt><trkpt lat="-23.759092" lon="-46.550408"><ele>786.953</ele><time>2026-08-03T14:21:16Z</time></trkpt><trkpt lat="-23.759107" lon="-46.55039"><ele>786.977</ele><time>2026-08-03T14:21:17Z</time></trkpt><trkpt lat="-23.759133" lon="-46.550333"><ele>786.942</ele><time>2026-08-03T14:21:18Z</time></trkpt><trkpt lat="-23.759158" lon="-46.5503"><ele>786.956</ele><time>2026-08-03T14:21:19Z</time></trkpt><trkpt lat="-23.75917" lon="-46.55028"><ele>786.995</ele><time>2026-08-03T14:21:20Z</time></trkpt><trkpt lat="-23.759173" lon="-46.550263"><ele>786.994</ele><time>2026-08-03T14:21:21Z</time></trkpt><trkpt lat="-23.759178" lon="-46.550215"><ele>786.997</ele><time>2026-08-03T14:21:22Z</time></trkpt><trkpt lat="-23.759183" lon="-46.55019"><ele>786.923</ele><time>2026-08-03T14:21:23Z</time></trkpt><trkpt lat="-23.759202" lon="-46.55016"><ele>786.925</ele><time>2026-08-03T14:21:24Z</time></trkpt><trkpt lat="-23.759217" lon="-46.550135"><ele>786.909</ele><time>2026-08-03T14:21:25Z</time></trkpt><trkpt lat="-23.759215" lon="-46.55011"><ele>787.011</ele><time>2026-08-03T14:21:26Z</time></trkpt><trkpt lat="-23.75921" lon="-46.550087"><ele>787.186</ele><time>2026-08-03T14:21:27Z</time></trkpt><trkpt lat="-23.7592" lon="-46.550067"><ele>788.186</ele><time>2026-08-03T14:21:28Z</time></trkpt><trkpt lat="-23.759183" lon="-46.550042"><ele>789.724</ele><time>2026-08-03T14:21:29Z</time></trkpt><trkpt lat="-23.759167" lon="-46.550018"><ele>790.518</ele><time>2026-08-03T14:21:30Z</time></trkpt><trkpt lat="-23.759158" lon="-46.549988"><ele>790.713</ele><time>2026-08-03T14:21:31Z</time></trkpt><trkpt lat="-23.75914" lon="-46.549968"><ele>790.857</ele><time>2026-08-03T14:21:32Z</time></trkpt><trkpt lat="-23.75913" lon="-46.549942"><ele>791.096</ele><time>2026-08-03T14:21:33Z</time></trkpt><trkpt lat="-23.759137" lon="-46.549913"><ele>791.225</ele><time>2026-08-03T14:21:34Z</time></trkpt><trkpt lat="-23.759133" lon="-46.549887"><ele>791.471</ele><time>2026-08-03T14:21:35Z</time></trkpt><trkpt lat="-23.759143" lon="-46.549858"><ele>791.641</ele><time>2026-08-03T14:21:36Z</time></trkpt><trkpt lat="-23.75915" lon="-46.549838"><ele>791.715</ele><time>2026-08-03T14:21:37Z</time></trkpt><trkpt lat="-23.75916" lon="-46.54981"><ele>792.109</ele><time>2026-08-03T14:21:38Z</time></trkpt><trkpt lat="-23.759172" lon="-46.549787"><ele>792.769</ele><time>2026-08-03T14:21:39Z</time></trkpt><trkpt lat="-23.759168" lon="-46.549758"><ele>793.014</ele><time>2026-08-03T14:21:40Z</time></trkpt><trkpt lat="-23.759175" lon="-46.549733"><ele>793.014</ele><time>2026-08-03T14:21:41Z</time></trkpt><trkpt lat="-23.759185" lon="-46.54971"><ele>793.072</ele><time>2026-08-03T14:21:42Z</time></trkpt><trkpt lat="-23.759193" lon="-46.549688"><ele>793.016</ele><time>2026-08-03T14:21:43Z</time></trkpt><trkpt lat="-23.759202" lon="-46.54967"><ele>793.041</ele><time>2026-08-03T14:21:44Z</time></trkpt><trkpt lat="-23.759205" lon="-46.549648"><ele>793.125</ele><time>2026-08-03T14:21:45Z</time></trkpt><trkpt lat="-23.759218" lon="-46.549625"><ele>793.174</ele><time>2026-08-03T14:21:46Z</time></trkpt><trkpt lat="-23.759235" lon="-46.549603"><ele>793.293</ele><time>2026-08-03T14:21:47Z</time></trkpt><trkpt lat="-23.759245" lon="-46.549578"><ele>793.328</ele><time>2026-08-03T14:21:48Z</time></trkpt><trkpt lat="-23.759263" lon="-46.549557"><ele>793.389</ele><time>2026-08-03T14:21:49Z</time></trkpt><trkpt lat="-23.759288" lon="-46.549525"><ele>793.317</ele><time>2026-08-03T14:21:50Z</time></trkpt><trkpt lat="-23.759313" lon="-46.549487"><ele>793.309</ele><time>2026-08-03T14:21:51Z</time></trkpt><trkpt lat="-23.759337" lon="-46.54946"><ele>793.364</ele><time>2026-08-03T14:21:52Z</time></trkpt><trkpt lat="-23.759352" lon="-46.549437"><ele>793.329</ele><time>2026-08-03T14:21:53Z</time></trkpt><trkpt lat="-23.759368" lon="-46.549417"><ele>793.389</ele><time>2026-08-03T14:21:54Z</time></trkpt><trkpt lat="-23.759387" lon="-46.549398"><ele>793.417</ele><time>2026-08-03T14:21:55Z</time></trkpt><trkpt lat="-23.75941" lon="-46.549383"><ele>793.451</ele><time>2026-08-03T14:21:56Z</time></trkpt><trkpt lat="-23.759433" lon="-46.549365"><ele>793.456</ele><time>2026-08-03T14:21:57Z</time></trkpt><trkpt lat="-23.759458" lon="-46.549347"><ele>793.530</ele><time>2026-08-03T14:21:58Z</time></trkpt><trkpt lat="-23.759478" lon="-46.54933"><ele>793.579</ele><time>2026-08-03T14:21:59Z</time></trkpt><trkpt lat="-23.759493" lon="-46.549315"><ele>793.558</ele><time>2026-08-03T14:22:00Z</time></trkpt><trkpt lat="-23.759503" lon="-46.549282"><ele>793.627</ele><time>2026-08-03T14:22:01Z</time></trkpt><trkpt lat="-23.75952" lon="-46.549278"><ele>793.568</ele><time>2026-08-03T14:22:02Z</time></trkpt><trkpt lat="-23.759537" lon="-46.549253"><ele>793.514</ele><time>2026-08-03T14:22:03Z</time></trkpt><trkpt lat="-23.759553" lon="-46.549228"><ele>793.509</ele><time>2026-08-03T14:22:04Z</time></trkpt><trkpt lat="-23.759565" lon="-46.549207"><ele>793.594</ele><time>2026-08-03T14:22:05Z</time></trkpt><trkpt lat="-23.75957" lon="-46.549192"><ele>793.429</ele><time>2026-08-03T14:22:06Z</time></trkpt><trkpt lat="-23.759587" lon="-46.549157"><ele>793.489</ele><time>2026-08-03T14:22:07Z</time></trkpt><trkpt lat="-23.75959" lon="-46.549127"><ele>793.457</ele><time>2026-08-03T14:22:08Z</time></trkpt><trkpt lat="-23.759598" lon="-46.549107"><ele>793.491</ele><time>2026-08-03T14:22:09Z</time></trkpt><trkpt lat="-23.75961" lon="-46.549087"><ele>793.436</ele><time>2026-08-03T14:22:10Z</time></trkpt><trkpt lat="-23.75962" lon="-46.549073"><ele>793.470</ele><time>2026-08-03T14:22:11Z</time></trkpt><trkpt lat="-23.759635" lon="-46.549063"><ele>793.479</ele><time>2026-08-03T14:22:12Z</time></trkpt><trkpt lat="-23.759645" lon="-46.549048"><ele>793.448</ele><time>2026-08-03T14:22:13Z</time></trkpt><trkpt lat="-23.759652" lon="-46.549033"><ele>793.455</ele><time>2026-08-03T14:22:14Z</time></trkpt><trkpt lat="-23.759662" lon="-46.549008"><ele>793.307</ele><time>2026-08-03T14:22:15Z</time></trkpt><trkpt lat="-23.759677" lon="-46.548987"><ele>793.017</ele><time>2026-08-03T14:22:16Z</time></trkpt><trkpt lat="-23.759695" lon="-46.548962"><ele>792.609</ele><time>2026-08-03T14:22:17Z</time></trkpt><trkpt lat="-23.759708" lon="-46.54894"><ele>791.977</ele><time>2026-08-03T14:22:18Z</time></trkpt><trkpt lat="-23.75973" lon="-46.548907"><ele>791.042</ele><time>2026-08-03T14:22:19Z</time></trkpt><trkpt lat="-23.759755" lon="-46.548883"><ele>790.492</ele><time>2026-08-03T14:22:20Z</time></trkpt><trkpt lat="-23.759772" lon="-46.548862"><ele>790.370</ele><time>2026-08-03T14:22:21Z</time></trkpt><trkpt lat="-23.75979" lon="-46.548837"><ele>790.334</ele><time>2026-08-03T14:22:22Z</time></trkpt><trkpt lat="-23.759803" lon="-46.548818"><ele>790.319</ele><time>2026-08-03T14:22:23Z</time></trkpt><trkpt lat="-23.75982" lon="-46.548802"><ele>790.363</ele><time>2026-08-03T14:22:24Z</time></trkpt><trkpt lat="-23.759835" lon="-46.548783"><ele>790.362</ele><time>2026-08-03T14:22:25Z</time></trkpt><trkpt lat="-23.759843" lon="-46.548772"><ele>790.351</ele><time>2026-08-03T14:22:26Z</time></trkpt><trkpt lat="-23.759857" lon="-46.548745"><ele>790.392</ele><time>2026-08-03T14:22:27Z</time></trkpt><trkpt lat="-23.75988" lon="-46.54872"><ele>790.373</ele><time>2026-08-03T14:22:28Z</time></trkpt><trkpt lat="-23.7599" lon="-46.548695"><ele>790.320</ele><time>2026-08-03T14:22:29Z</time></trkpt><trkpt lat="-23.759925" lon="-46.548675"><ele>790.309</ele><time>2026-08-03T14:22:30Z</time></trkpt><trkpt lat="-23.759952" lon="-46.548658"><ele>790.381</ele><time>2026-08-03T14:22:31Z</time></trkpt><trkpt lat="-23.75998" lon="-46.548642"><ele>790.336</ele><time>2026-08-03T14:22:32Z</time></trkpt><trkpt lat="-23.759998" lon="-46.54863"><ele>790.366</ele><time>2026-08-03T14:22:33Z</time></trkpt><trkpt lat="-23.76002" lon="-46.54862"><ele>790.384</ele><time>2026-08-03T14:22:34Z</time></trkpt><trkpt lat="-23.760048" lon="-46.548608"><ele>790.388</ele><time>2026-08-03T14:22:35Z</time></trkpt><trkpt lat="-23.760065" lon="-46.5486"><ele>790.533</ele><time>2026-08-03T14:22:36Z</time></trkpt><trkpt lat="-23.760087" lon="-46.548583"><ele>790.877</ele><time>2026-08-03T14:22:37Z</time></trkpt><trkpt lat="-23.760105" lon="-46.548567"><ele>791.336</ele><time>2026-08-03T14:22:38Z</time></trkpt><trkpt lat="-23.760135" lon="-46.548562"><ele>791.485</ele><time>2026-08-03T14:22:39Z</time></trkpt><trkpt lat="-23.760165" lon="-46.548553"><ele>791.494</ele><time>2026-08-03T14:22:40Z</time></trkpt><trkpt lat="-23.760195" lon="-46.548545"><ele>791.457</ele><time>2026-08-03T14:22:41Z</time></trkpt><trkpt lat="-23.760223" lon="-46.548532"><ele>791.422</ele><time>2026-08-03T14:22:42Z</time></trkpt><trkpt lat="-23.76025" lon="-46.548525"><ele>791.409</ele><time>2026-08-03T14:22:43Z</time></trkpt><trkpt lat="-23.760288" lon="-46.54852"><ele>791.491</ele><time>2026-08-03T14:22:44Z</time></trkpt><trkpt lat="-23.760313" lon="-46.548522"><ele>791.496</ele><time>2026-08-03T14:22:45Z</time></trkpt><trkpt lat="-23.760333" lon="-46.548523"><ele>791.416</ele><time>2026-08-03T14:22:46Z</time></trkpt><trkpt lat="-23.760362" lon="-46.548537"><ele>791.484</ele><time>2026-08-03T14:22:47Z</time></trkpt><trkpt lat="-23.760383" lon="-46.54855"><ele>791.428</ele><time>2026-08-03T14:22:48Z</time></trkpt><trkpt lat="-23.760398" lon="-46.548562"><ele>791.433</ele><time>2026-08-03T14:22:49Z</time></trkpt><trkpt lat="-23.760405" lon="-46.548575"><ele>791.417</ele><time>2026-08-03T14:22:50Z</time></trkpt><trkpt lat="-23.760412" lon="-46.548592"><ele>791.436</ele><time>2026-08-03T14:22:51Z</time></trkpt><trkpt lat="-23.760447" lon="-46.548605"><ele>791.685</ele><time>2026-08-03T14:22:52Z</time></trkpt><trkpt lat="-23.76047" lon="-46.548605"><ele>791.628</ele><time>2026-08-03T14:22:53Z</time></trkpt><trkpt lat="-23.760497" lon="-46.5486"><ele>791.589</ele><time>2026-08-03T14:22:54Z</time></trkpt><trkpt lat="-23.760522" lon="-46.548602"><ele>791.417</ele><time>2026-08-03T14:22:55Z</time></trkpt><trkpt lat="-23.760555" lon="-46.548615"><ele>791.309</ele><time>2026-08-03T14:22:56Z</time></trkpt><trkpt lat="-23.760582" lon="-46.548623"><ele>791.354</ele><time>2026-08-03T14:22:57Z</time></trkpt><trkpt lat="-23.760615" lon="-46.548632"><ele>791.299</ele><time>2026-08-03T14:22:58Z</time></trkpt><trkpt lat="-23.760648" lon="-46.548632"><ele>791.239</ele><time>2026-08-03T14:22:59Z</time></trkpt><trkpt lat="-23.76068" lon="-46.548642"><ele>791.187</ele><time>2026-08-03T14:23:00Z</time></trkpt><trkpt lat="-23.760718" lon="-46.548637"><ele>791.041</ele><time>2026-08-03T14:23:01Z</time></trkpt><trkpt lat="-23.760738" lon="-46.548637"><ele>791.036</ele><time>2026-08-03T14:23:02Z</time></trkpt><trkpt lat="-23.760748" lon="-46.548635"><ele>790.930</ele><time>2026-08-03T14:23:03Z</time></trkpt><trkpt lat="-23.760763" lon="-46.54865"><ele>790.879</ele><time>2026-08-03T14:23:04Z</time></trkpt><trkpt lat="-23.760777" lon="-46.54867"><ele>790.858</ele><time>2026-08-03T14:23:05Z</time></trkpt><trkpt lat="-23.760777" lon="-46.548657"><ele>790.854</ele><time>2026-08-03T14:23:06Z</time></trkpt><trkpt lat="-23.76079" lon="-46.548637"><ele>790.656</ele><time>2026-08-03T14:23:08Z</time></trkpt><trkpt lat="-23.760792" lon="-46.548618"><ele>790.511</ele><time>2026-08-03T14:23:09Z</time></trkpt><trkpt lat="-23.760793" lon="-46.548598"><ele>790.409</ele><time>2026-08-03T14:23:10Z</time></trkpt><trkpt lat="-23.760792" lon="-46.548582"><ele>790.227</ele><time>2026-08-03T14:23:11Z</time></trkpt><trkpt lat="-23.760783" lon="-46.548547"><ele>790.162</ele><time>2026-08-03T14:23:12Z</time></trkpt><trkpt lat="-23.76077" lon="-46.548518"><ele>789.932</ele><time>2026-08-03T14:23:13Z</time></trkpt><trkpt lat="-23.760765" lon="-46.548507"><ele>789.290</ele><time>2026-08-03T14:23:14Z</time></trkpt><trkpt lat="-23.760753" lon="-46.548497"><ele>788.714</ele><time>2026-08-03T14:23:15Z</time></trkpt><trkpt lat="-23.760743" lon="-46.548473"><ele>787.969</ele><time>2026-08-03T14:23:16Z</time></trkpt><trkpt lat="-23.76072" lon="-46.548428"><ele>786.993</ele><time>2026-08-03T14:23:17Z</time></trkpt><trkpt lat="-23.760715" lon="-46.548393"><ele>786.522</ele><time>2026-08-03T14:23:18Z</time></trkpt><trkpt lat="-23.760698" lon="-46.548365"><ele>785.971</ele><time>2026-08-03T14:23:19Z</time></trkpt><trkpt lat="-23.760685" lon="-46.548338"><ele>784.927</ele><time>2026-08-03T14:23:20Z</time></trkpt><trkpt lat="-23.76067" lon="-46.548312"><ele>784.268</ele><time>2026-08-03T14:23:21Z</time></trkpt><trkpt lat="-23.760658" lon="-46.548282"><ele>784.214</ele><time>2026-08-03T14:23:22Z</time></trkpt><trkpt lat="-23.760658" lon="-46.548263"><ele>784.209</ele><time>2026-08-03T14:23:23Z</time></trkpt><trkpt lat="-23.760653" lon="-46.548245"><ele>784.244</ele><time>2026-08-03T14:23:24Z</time></trkpt><trkpt lat="-23.760647" lon="-46.548213"><ele>784.189</ele><time>2026-08-03T14:23:25Z</time></trkpt><trkpt lat="-23.760633" lon="-46.548163"><ele>784.139</ele><time>2026-08-03T14:23:26Z</time></trkpt><trkpt lat="-23.760632" lon="-46.54815"><ele>784.177</ele><time>2026-08-03T14:23:27Z</time></trkpt><trkpt lat="-23.760647" lon="-46.54815"><ele>784.141</ele><time>2026-08-03T14:23:28Z</time></trkpt><trkpt lat="-23.76064" lon="-46.548157"><ele>784.176</ele><time>2026-08-03T14:23:29Z</time></trkpt><trkpt lat="-23.760632" lon="-46.548145"><ele>783.960</ele><time>2026-08-03T14:23:31Z</time></trkpt><trkpt lat="-23.760632" lon="-46.54812"><ele>783.879</ele><time>2026-08-03T14:23:32Z</time></trkpt><trkpt lat="-23.760627" lon="-46.54809"><ele>783.888</ele><time>2026-08-03T14:23:33Z</time></trkpt><trkpt lat="-23.760627" lon="-46.54806"><ele>783.622</ele><time>2026-08-03T14:23:34Z</time></trkpt><trkpt lat="-23.760632" lon="-46.548025"><ele>783.562</ele><time>2026-08-03T14:23:35Z</time></trkpt><trkpt lat="-23.760622" lon="-46.547933"><ele>783.408</ele><time>2026-08-03T14:23:36Z</time></trkpt><trkpt lat="-23.760602" lon="-46.547895"><ele>783.409</ele><time>2026-08-03T14:23:37Z</time></trkpt><trkpt lat="-23.760585" lon="-46.54787"><ele>783.454</ele><time>2026-08-03T14:23:38Z</time></trkpt><trkpt lat="-23.760568" lon="-46.547855"><ele>783.449</ele><time>2026-08-03T14:23:39Z</time></trkpt><trkpt lat="-23.760558" lon="-46.547843"><ele>783.469</ele><time>2026-08-03T14:23:40Z</time></trkpt><trkpt lat="-23.76055" lon="-46.54783"><ele>783.447</ele><time>2026-08-03T14:23:41Z</time></trkpt><trkpt lat="-23.76055" lon="-46.547817"><ele>783.441</ele><time>2026-08-03T14:23:42Z</time></trkpt><trkpt lat="-23.760542" lon="-46.547798"><ele>783.286</ele><time>2026-08-03T14:23:43Z</time></trkpt><trkpt lat="-23.76054" lon="-46.547788"><ele>782.950</ele><time>2026-08-03T14:23:44Z</time></trkpt><trkpt lat="-23.760532" lon="-46.547782"><ele>782.859</ele><time>2026-08-03T14:23:47Z</time></trkpt><trkpt lat="-23.760523" lon="-46.547777"><ele>782.718</ele><time>2026-08-03T14:23:50Z</time></trkpt><trkpt lat="-23.760508" lon="-46.547813"><ele>775.892</ele><time>2026-08-03T14:42:11Z</time></trkpt><trkpt lat="-23.76052" lon="-46.547805"><ele>776.473</ele><time>2026-08-03T14:42:13Z</time></trkpt><trkpt lat="-23.760532" lon="-46.54781"><ele>776.920</ele><time>2026-08-03T14:42:15Z</time></trkpt><trkpt lat="-23.760537" lon="-46.547828"><ele>777.409</ele><time>2026-08-03T14:42:17Z</time></trkpt><trkpt lat="-23.760537" lon="-46.547838"><ele>777.951</ele><time>2026-08-03T14:42:18Z</time></trkpt><trkpt lat="-23.760535" lon="-46.54785"><ele>778.446</ele><time>2026-08-03T14:42:19Z</time></trkpt><trkpt lat="-23.760533" lon="-46.547863"><ele>778.876</ele><time>2026-08-03T14:42:20Z</time></trkpt><trkpt lat="-23.760532" lon="-46.547878"><ele>779.084</ele><time>2026-08-03T14:42:21Z</time></trkpt><trkpt lat="-23.760532" lon="-46.54789"><ele>779.148</ele><time>2026-08-03T14:42:22Z</time></trkpt><trkpt lat="-23.760533" lon="-46.547902"><ele>779.253</ele><time>2026-08-03T14:42:23Z</time></trkpt><trkpt lat="-23.760535" lon="-46.547915"><ele>779.287</ele><time>2026-08-03T14:42:24Z</time></trkpt><trkpt lat="-23.760552" lon="-46.547935"><ele>779.356</ele><time>2026-08-03T14:42:25Z</time></trkpt><trkpt lat="-23.760568" lon="-46.547948"><ele>779.295</ele><time>2026-08-03T14:42:26Z</time></trkpt><trkpt lat="-23.760565" lon="-46.54797"><ele>779.265</ele><time>2026-08-03T14:42:27Z</time></trkpt><trkpt lat="-23.760568" lon="-46.547982"><ele>779.168</ele><time>2026-08-03T14:42:28Z</time></trkpt><trkpt lat="-23.760575" lon="-46.547998"><ele>779.014</ele><time>2026-08-03T14:42:29Z</time></trkpt><trkpt lat="-23.760582" lon="-46.548015"><ele>778.909</ele><time>2026-08-03T14:42:30Z</time></trkpt><trkpt lat="-23.76059" lon="-46.548028"><ele>778.978</ele><time>2026-08-03T14:42:31Z</time></trkpt><trkpt lat="-23.760598" lon="-46.548043"><ele>778.843</ele><time>2026-08-03T14:42:32Z</time></trkpt><trkpt lat="-23.760608" lon="-46.548055"><ele>778.773</ele><time>2026-08-03T14:42:33Z</time></trkpt><trkpt lat="-23.760607" lon="-46.548073"><ele>778.521</ele><time>2026-08-03T14:42:34Z</time></trkpt><trkpt lat="-23.760615" lon="-46.548078"><ele>778.435</ele><time>2026-08-03T14:42:35Z</time></trkpt><trkpt lat="-23.760615" lon="-46.54809"><ele>778.290</ele><time>2026-08-03T14:42:37Z</time></trkpt><trkpt lat="-23.760623" lon="-46.548098"><ele>778.144</ele><time>2026-08-03T14:42:38Z</time></trkpt><trkpt lat="-23.760612" lon="-46.548133"><ele>777.943</ele><time>2026-08-03T14:42:39Z</time></trkpt><trkpt lat="-23.760628" lon="-46.548148"><ele>777.952</ele><time>2026-08-03T14:42:42Z</time></trkpt><trkpt lat="-23.76064" lon="-46.54817"><ele>777.841</ele><time>2026-08-03T14:42:43Z</time></trkpt><trkpt lat="-23.760648" lon="-46.548182"><ele>777.581</ele><time>2026-08-03T14:42:44Z</time></trkpt><trkpt lat="-23.760675" lon="-46.548203"><ele>777.209</ele><time>2026-08-03T14:42:45Z</time></trkpt><trkpt lat="-23.760662" lon="-46.548242"><ele>777.109</ele><time>2026-08-03T14:42:46Z</time></trkpt><trkpt lat="-23.760667" lon="-46.548283"><ele>777.126</ele><time>2026-08-03T14:42:47Z</time></trkpt><trkpt lat="-23.760677" lon="-46.548313"><ele>777.051</ele><time>2026-08-03T14:42:48Z</time></trkpt><trkpt lat="-23.760683" lon="-46.548335"><ele>776.761</ele><time>2026-08-03T14:42:49Z</time></trkpt><trkpt lat="-23.760673" lon="-46.548337"><ele>776.769</ele><time>2026-08-03T14:42:50Z</time></trkpt><trkpt lat="-23.760678" lon="-46.548345"><ele>776.763</ele><time>2026-08-03T14:42:52Z</time></trkpt><trkpt lat="-23.760685" lon="-46.548358"><ele>776.718</ele><time>2026-08-03T14:42:53Z</time></trkpt><trkpt lat="-23.760692" lon="-46.548367"><ele>776.742</ele><time>2026-08-03T14:42:54Z</time></trkpt><trkpt lat="-23.760703" lon="-46.548377"><ele>776.711</ele><time>2026-08-03T14:42:56Z</time></trkpt><trkpt lat="-23.760713" lon="-46.54839"><ele>776.760</ele><time>2026-08-03T14:42:57Z</time></trkpt><trkpt lat="-23.760733" lon="-46.548402"><ele>776.795</ele><time>2026-08-03T14:42:59Z</time></trkpt><trkpt lat="-23.76074" lon="-46.548417"><ele>776.749</ele><time>2026-08-03T14:43:00Z</time></trkpt><trkpt lat="-23.760747" lon="-46.548438"><ele>776.723</ele><time>2026-08-03T14:43:01Z</time></trkpt><trkpt lat="-23.760762" lon="-46.548472"><ele>776.709</ele><time>2026-08-03T14:43:02Z</time></trkpt><trkpt lat="-23.760757" lon="-46.548492"><ele>776.731</ele><time>2026-08-03T14:43:03Z</time></trkpt><trkpt lat="-23.760758" lon="-46.548508"><ele>776.796</ele><time>2026-08-03T14:43:04Z</time></trkpt><trkpt lat="-23.760758" lon="-46.548522"><ele>776.716</ele><time>2026-08-03T14:43:05Z</time></trkpt><trkpt lat="-23.760763" lon="-46.548542"><ele>776.774</ele><time>2026-08-03T14:43:06Z</time></trkpt><trkpt lat="-23.76077" lon="-46.548558"><ele>776.898</ele><time>2026-08-03T14:43:07Z</time></trkpt><trkpt lat="-23.760775" lon="-46.548578"><ele>778.053</ele><time>2026-08-03T14:43:08Z</time></trkpt><trkpt lat="-23.760775" lon="-46.548595"><ele>779.587</ele><time>2026-08-03T14:43:10Z</time></trkpt><trkpt lat="-23.760763" lon="-46.54861"><ele>780.596</ele><time>2026-08-03T14:43:11Z</time></trkpt><trkpt lat="-23.76076" lon="-46.54862"><ele>782.095</ele><time>2026-08-03T14:43:12Z</time></trkpt><trkpt lat="-23.760755" lon="-46.54863"><ele>783.483</ele><time>2026-08-03T14:43:13Z</time></trkpt><trkpt lat="-23.760738" lon="-46.548633"><ele>784.425</ele><time>2026-08-03T14:43:14Z</time></trkpt><trkpt lat="-23.760715" lon="-46.548627"><ele>785.217</ele><time>2026-08-03T14:43:15Z</time></trkpt><trkpt lat="-23.76069" lon="-46.548617"><ele>785.509</ele><time>2026-08-03T14:43:16Z</time></trkpt><trkpt lat="-23.760668" lon="-46.548612"><ele>785.630</ele><time>2026-08-03T14:43:17Z</time></trkpt><trkpt lat="-23.760647" lon="-46.548617"><ele>785.765</ele><time>2026-08-03T14:43:18Z</time></trkpt><trkpt lat="-23.760618" lon="-46.548625"><ele>786.025</ele><time>2026-08-03T14:43:19Z</time></trkpt><trkpt lat="-23.760602" lon="-46.548632"><ele>786.453</ele><time>2026-08-03T14:43:20Z</time></trkpt><trkpt lat="-23.760583" lon="-46.548632"><ele>786.747</ele><time>2026-08-03T14:43:21Z</time></trkpt><trkpt lat="-23.760573" lon="-46.54863"><ele>786.912</ele><time>2026-08-03T14:43:22Z</time></trkpt><trkpt lat="-23.760563" lon="-46.548632"><ele>787.176</ele><time>2026-08-03T14:43:23Z</time></trkpt><trkpt lat="-23.760548" lon="-46.548633"><ele>787.345</ele><time>2026-08-03T14:43:24Z</time></trkpt><trkpt lat="-23.760533" lon="-46.548643"><ele>787.654</ele><time>2026-08-03T14:43:25Z</time></trkpt><trkpt lat="-23.760517" lon="-46.548648"><ele>787.981</ele><time>2026-08-03T14:43:26Z</time></trkpt><trkpt lat="-23.760498" lon="-46.548655"><ele>788.161</ele><time>2026-08-03T14:43:27Z</time></trkpt><trkpt lat="-23.76048" lon="-46.548655"><ele>788.117</ele><time>2026-08-03T14:43:28Z</time></trkpt><trkpt lat="-23.760462" lon="-46.548642"><ele>788.109</ele><time>2026-08-03T14:43:29Z</time></trkpt><trkpt lat="-23.76045" lon="-46.548637"><ele>788.120</ele><time>2026-08-03T14:43:30Z</time></trkpt><trkpt lat="-23.760435" lon="-46.548628"><ele>788.125</ele><time>2026-08-03T14:43:31Z</time></trkpt><trkpt lat="-23.760425" lon="-46.548622"><ele>788.195</ele><time>2026-08-03T14:43:32Z</time></trkpt><trkpt lat="-23.76041" lon="-46.548612"><ele>788.143</ele><time>2026-08-03T14:43:33Z</time></trkpt><trkpt lat="-23.760398" lon="-46.548598"><ele>788.187</ele><time>2026-08-03T14:43:34Z</time></trkpt><trkpt lat="-23.760392" lon="-46.548583"><ele>788.182</ele><time>2026-08-03T14:43:35Z</time></trkpt><trkpt lat="-23.760377" lon="-46.548575"><ele>788.136</ele><time>2026-08-03T14:43:36Z</time></trkpt><trkpt lat="-23.76036" lon="-46.548562"><ele>788.155</ele><time>2026-08-03T14:43:37Z</time></trkpt><trkpt lat="-23.760345" lon="-46.548547"><ele>788.144</ele><time>2026-08-03T14:43:38Z</time></trkpt><trkpt lat="-23.760328" lon="-46.548537"><ele>788.129</ele><time>2026-08-03T14:43:39Z</time></trkpt><trkpt lat="-23.760317" lon="-46.548527"><ele>788.100</ele><time>2026-08-03T14:43:40Z</time></trkpt><trkpt lat="-23.760302" lon="-46.548525"><ele>788.120</ele><time>2026-08-03T14:43:41Z</time></trkpt><trkpt lat="-23.760285" lon="-46.54852"><ele>788.009</ele><time>2026-08-03T14:43:42Z</time></trkpt><trkpt lat="-23.760265" lon="-46.548515"><ele>788.074</ele><time>2026-08-03T14:43:43Z</time></trkpt><trkpt lat="-23.76025" lon="-46.548517"><ele>788.089</ele><time>2026-08-03T14:43:44Z</time></trkpt><trkpt lat="-23.760232" lon="-46.548513"><ele>788.079</ele><time>2026-08-03T14:43:45Z</time></trkpt><trkpt lat="-23.760217" lon="-46.548513"><ele>788.047</ele><time>2026-08-03T14:43:46Z</time></trkpt><trkpt lat="-23.760203" lon="-46.54851"><ele>788.011</ele><time>2026-08-03T14:43:47Z</time></trkpt><trkpt lat="-23.760187" lon="-46.548515"><ele>788.046</ele><time>2026-08-03T14:43:48Z</time></trkpt><trkpt lat="-23.760175" lon="-46.54852"><ele>787.990</ele><time>2026-08-03T14:43:49Z</time></trkpt><trkpt lat="-23.760162" lon="-46.54853"><ele>787.829</ele><time>2026-08-03T14:43:50Z</time></trkpt><trkpt lat="-23.760145" lon="-46.548538"><ele>787.828</ele><time>2026-08-03T14:43:51Z</time></trkpt><trkpt lat="-23.760122" lon="-46.548548"><ele>787.836</ele><time>2026-08-03T14:43:52Z</time></trkpt><trkpt lat="-23.760107" lon="-46.548537"><ele>787.817</ele><time>2026-08-03T14:43:53Z</time></trkpt><trkpt lat="-23.760095" lon="-46.548538"><ele>787.818</ele><time>2026-08-03T14:43:54Z</time></trkpt><trkpt lat="-23.760082" lon="-46.548543"><ele>787.809</ele><time>2026-08-03T14:43:55Z</time></trkpt><trkpt lat="-23.760065" lon="-46.548548"><ele>787.895</ele><time>2026-08-03T14:43:56Z</time></trkpt><trkpt lat="-23.760043" lon="-46.548557"><ele>787.820</ele><time>2026-08-03T14:43:57Z</time></trkpt><trkpt lat="-23.760028" lon="-46.548568"><ele>787.980</ele><time>2026-08-03T14:43:58Z</time></trkpt><trkpt lat="-23.760013" lon="-46.548577"><ele>787.968</ele><time>2026-08-03T14:43:59Z</time></trkpt><trkpt lat="-23.760002" lon="-46.548588"><ele>787.932</ele><time>2026-08-03T14:44:00Z</time></trkpt><trkpt lat="-23.759993" lon="-46.548607"><ele>788.157</ele><time>2026-08-03T14:44:01Z</time></trkpt><trkpt lat="-23.759985" lon="-46.548622"><ele>788.321</ele><time>2026-08-03T14:44:02Z</time></trkpt><trkpt lat="-23.759977" lon="-46.54864"><ele>788.460</ele><time>2026-08-03T14:44:03Z</time></trkpt><trkpt lat="-23.759965" lon="-46.548662"><ele>788.429</ele><time>2026-08-03T14:44:04Z</time></trkpt><trkpt lat="-23.759957" lon="-46.548682"><ele>788.597</ele><time>2026-08-03T14:44:05Z</time></trkpt><trkpt lat="-23.759947" lon="-46.548693"><ele>788.723</ele><time>2026-08-03T14:44:06Z</time></trkpt><trkpt lat="-23.759933" lon="-46.548705"><ele>788.825</ele><time>2026-08-03T14:44:07Z</time></trkpt><trkpt lat="-23.759915" lon="-46.548718"><ele>788.809</ele><time>2026-08-03T14:44:08Z</time></trkpt><trkpt lat="-23.759895" lon="-46.548733"><ele>788.941</ele><time>2026-08-03T14:44:09Z</time></trkpt><trkpt lat="-23.759887" lon="-46.54874"><ele>789.096</ele><time>2026-08-03T14:44:10Z</time></trkpt><trkpt lat="-23.759873" lon="-46.54875"><ele>789.226</ele><time>2026-08-03T14:44:11Z</time></trkpt><trkpt lat="-23.759863" lon="-46.548758"><ele>789.544</ele><time>2026-08-03T14:44:12Z</time></trkpt><trkpt lat="-23.75985" lon="-46.548765"><ele>789.528</ele><time>2026-08-03T14:44:13Z</time></trkpt><trkpt lat="-23.759837" lon="-46.548775"><ele>789.573</ele><time>2026-08-03T14:44:14Z</time></trkpt><trkpt lat="-23.75982" lon="-46.54879"><ele>789.587</ele><time>2026-08-03T14:44:15Z</time></trkpt><trkpt lat="-23.759803" lon="-46.548812"><ele>789.616</ele><time>2026-08-03T14:44:16Z</time></trkpt><trkpt lat="-23.75979" lon="-46.54883"><ele>789.635</ele><time>2026-08-03T14:44:17Z</time></trkpt><trkpt lat="-23.759785" lon="-46.548847"><ele>789.685</ele><time>2026-08-03T14:44:18Z</time></trkpt><trkpt lat="-23.75978" lon="-46.548863"><ele>789.689</ele><time>2026-08-03T14:44:19Z</time></trkpt><trkpt lat="-23.759767" lon="-46.548882"><ele>789.617</ele><time>2026-08-03T14:44:20Z</time></trkpt><trkpt lat="-23.759758" lon="-46.548898"><ele>789.609</ele><time>2026-08-03T14:44:21Z</time></trkpt><trkpt lat="-23.759748" lon="-46.548908"><ele>789.640</ele><time>2026-08-03T14:44:22Z</time></trkpt><trkpt lat="-23.759738" lon="-46.548917"><ele>789.635</ele><time>2026-08-03T14:44:23Z</time></trkpt><trkpt lat="-23.759725" lon="-46.548927"><ele>789.675</ele><time>2026-08-03T14:44:24Z</time></trkpt><trkpt lat="-23.759712" lon="-46.548938"><ele>789.673</ele><time>2026-08-03T14:44:25Z</time></trkpt><trkpt lat="-23.759693" lon="-46.548955"><ele>789.687</ele><time>2026-08-03T14:44:26Z</time></trkpt><trkpt lat="-23.759675" lon="-46.54896"><ele>789.682</ele><time>2026-08-03T14:44:27Z</time></trkpt><trkpt lat="-23.759658" lon="-46.548967"><ele>789.696</ele><time>2026-08-03T14:44:28Z</time></trkpt><trkpt lat="-23.759647" lon="-46.548978"><ele>789.665</ele><time>2026-08-03T14:44:29Z</time></trkpt><trkpt lat="-23.759632" lon="-46.548987"><ele>789.674</ele><time>2026-08-03T14:44:30Z</time></trkpt><trkpt lat="-23.75962" lon="-46.548993"><ele>789.727</ele><time>2026-08-03T14:44:31Z</time></trkpt><trkpt lat="-23.759613" lon="-46.549002"><ele>789.768</ele><time>2026-08-03T14:44:32Z</time></trkpt><trkpt lat="-23.75961" lon="-46.549012"><ele>789.814</ele><time>2026-08-03T14:44:33Z</time></trkpt><trkpt lat="-23.759603" lon="-46.549025"><ele>789.809</ele><time>2026-08-03T14:44:34Z</time></trkpt><trkpt lat="-23.759597" lon="-46.549035"><ele>789.954</ele><time>2026-08-03T14:44:35Z</time></trkpt><trkpt lat="-23.759587" lon="-46.549052"><ele>790.069</ele><time>2026-08-03T14:44:36Z</time></trkpt><trkpt lat="-23.759577" lon="-46.54907"><ele>790.089</ele><time>2026-08-03T14:44:37Z</time></trkpt><trkpt lat="-23.759572" lon="-46.549085"><ele>790.037</ele><time>2026-08-03T14:44:38Z</time></trkpt><trkpt lat="-23.759563" lon="-46.549107"><ele>790.021</ele><time>2026-08-03T14:44:39Z</time></trkpt><trkpt lat="-23.759552" lon="-46.54913"><ele>790.046</ele><time>2026-08-03T14:44:40Z</time></trkpt><trkpt lat="-23.759543" lon="-46.549147"><ele>790.080</ele><time>2026-08-03T14:44:41Z</time></trkpt><trkpt lat="-23.759543" lon="-46.549167"><ele>790.489</ele><time>2026-08-03T14:44:42Z</time></trkpt><trkpt lat="-23.759547" lon="-46.54918"><ele>790.838</ele><time>2026-08-03T14:44:43Z</time></trkpt><trkpt lat="-23.759537" lon="-46.549187"><ele>791.193</ele><time>2026-08-03T14:44:44Z</time></trkpt><trkpt lat="-23.759528" lon="-46.549197"><ele>791.765</ele><time>2026-08-03T14:44:45Z</time></trkpt><trkpt lat="-23.75952" lon="-46.549208"><ele>792.121</ele><time>2026-08-03T14:44:46Z</time></trkpt><trkpt lat="-23.759507" lon="-46.549218"><ele>792.109</ele><time>2026-08-03T14:44:47Z</time></trkpt><trkpt lat="-23.759497" lon="-46.549235"><ele>792.141</ele><time>2026-08-03T14:44:48Z</time></trkpt><trkpt lat="-23.759482" lon="-46.549247"><ele>792.116</ele><time>2026-08-03T14:44:49Z</time></trkpt><trkpt lat="-23.759465" lon="-46.549258"><ele>792.136</ele><time>2026-08-03T14:44:50Z</time></trkpt><trkpt lat="-23.759452" lon="-46.54927"><ele>792.174</ele><time>2026-08-03T14:44:51Z</time></trkpt><trkpt lat="-23.759437" lon="-46.54928"><ele>792.128</ele><time>2026-08-03T14:44:52Z</time></trkpt><trkpt lat="-23.759418" lon="-46.549293"><ele>792.153</ele><time>2026-08-03T14:44:53Z</time></trkpt><trkpt lat="-23.759402" lon="-46.549303"><ele>792.137</ele><time>2026-08-03T14:44:54Z</time></trkpt><trkpt lat="-23.759392" lon="-46.549315"><ele>792.126</ele><time>2026-08-03T14:44:55Z</time></trkpt><trkpt lat="-23.759383" lon="-46.549328"><ele>792.175</ele><time>2026-08-03T14:44:56Z</time></trkpt><trkpt lat="-23.759373" lon="-46.549343"><ele>792.169</ele><time>2026-08-03T14:44:57Z</time></trkpt><trkpt lat="-23.759365" lon="-46.549358"><ele>792.104</ele><time>2026-08-03T14:44:58Z</time></trkpt><trkpt lat="-23.759353" lon="-46.549372"><ele>792.124</ele><time>2026-08-03T14:44:59Z</time></trkpt><trkpt lat="-23.759342" lon="-46.549382"><ele>792.109</ele><time>2026-08-03T14:45:00Z</time></trkpt><trkpt lat="-23.75933" lon="-46.549395"><ele>792.128</ele><time>2026-08-03T14:45:01Z</time></trkpt><trkpt lat="-23.759317" lon="-46.549403"><ele>791.953</ele><time>2026-08-03T14:45:02Z</time></trkpt><trkpt lat="-23.759305" lon="-46.549413"><ele>791.793</ele><time>2026-08-03T14:45:03Z</time></trkpt><trkpt lat="-23.759293" lon="-46.549427"><ele>791.741</ele><time>2026-08-03T14:45:04Z</time></trkpt><trkpt lat="-23.759278" lon="-46.549435"><ele>791.745</ele><time>2026-08-03T14:45:05Z</time></trkpt><trkpt lat="-23.759265" lon="-46.549442"><ele>791.740</ele><time>2026-08-03T14:45:06Z</time></trkpt><trkpt lat="-23.759255" lon="-46.549447"><ele>791.744</ele><time>2026-08-03T14:45:07Z</time></trkpt><trkpt lat="-23.759242" lon="-46.54945"><ele>791.753</ele><time>2026-08-03T14:45:08Z</time></trkpt><trkpt lat="-23.759227" lon="-46.54946"><ele>791.732</ele><time>2026-08-03T14:45:09Z</time></trkpt><trkpt lat="-23.759215" lon="-46.549477"><ele>791.775</ele><time>2026-08-03T14:45:10Z</time></trkpt><trkpt lat="-23.759203" lon="-46.549497"><ele>791.728</ele><time>2026-08-03T14:45:11Z</time></trkpt><trkpt lat="-23.759197" lon="-46.549515"><ele>791.720</ele><time>2026-08-03T14:45:12Z</time></trkpt><trkpt lat="-23.759185" lon="-46.549528"><ele>791.709</ele><time>2026-08-03T14:45:13Z</time></trkpt><trkpt lat="-23.759175" lon="-46.549547"><ele>791.729</ele><time>2026-08-03T14:45:14Z</time></trkpt><trkpt lat="-23.759167" lon="-46.549558"><ele>791.744</ele><time>2026-08-03T14:45:15Z</time></trkpt><trkpt lat="-23.75916" lon="-46.549575"><ele>791.754</ele><time>2026-08-03T14:45:16Z</time></trkpt><trkpt lat="-23.759162" lon="-46.549598"><ele>791.762</ele><time>2026-08-03T14:45:17Z</time></trkpt><trkpt lat="-23.759167" lon="-46.549615"><ele>791.756</ele><time>2026-08-03T14:45:18Z</time></trkpt><trkpt lat="-23.759173" lon="-46.549642"><ele>791.961</ele><time>2026-08-03T14:45:19Z</time></trkpt><trkpt lat="-23.759173" lon="-46.54968"><ele>792.575</ele><time>2026-08-03T14:45:21Z</time></trkpt><trkpt lat="-23.759163" lon="-46.549698"><ele>793.234</ele><time>2026-08-03T14:45:22Z</time></trkpt><trkpt lat="-23.759158" lon="-46.54972"><ele>793.913</ele><time>2026-08-03T14:45:23Z</time></trkpt><trkpt lat="-23.75916" lon="-46.549742"><ele>794.411</ele><time>2026-08-03T14:45:24Z</time></trkpt><trkpt lat="-23.759155" lon="-46.549763"><ele>794.721</ele><time>2026-08-03T14:45:25Z</time></trkpt><trkpt lat="-23.759153" lon="-46.549782"><ele>794.803</ele><time>2026-08-03T14:45:26Z</time></trkpt><trkpt lat="-23.759152" lon="-46.549797"><ele>794.809</ele><time>2026-08-03T14:45:27Z</time></trkpt><trkpt lat="-23.759152" lon="-46.549807"><ele>794.853</ele><time>2026-08-03T14:45:28Z</time></trkpt><trkpt lat="-23.75915" lon="-46.549823"><ele>794.848</ele><time>2026-08-03T14:45:29Z</time></trkpt><trkpt lat="-23.759153" lon="-46.54984"><ele>794.818</ele><time>2026-08-03T14:45:30Z</time></trkpt><trkpt lat="-23.759155" lon="-46.54986"><ele>794.846</ele><time>2026-08-03T14:45:31Z</time></trkpt><trkpt lat="-23.759153" lon="-46.549878"><ele>794.820</ele><time>2026-08-03T14:45:32Z</time></trkpt><trkpt lat="-23.759155" lon="-46.549902"><ele>794.825</ele><time>2026-08-03T14:45:33Z</time></trkpt><trkpt lat="-23.75916" lon="-46.549922"><ele>794.849</ele><time>2026-08-03T14:45:34Z</time></trkpt><trkpt lat="-23.759163" lon="-46.549937"><ele>794.868</ele><time>2026-08-03T14:45:35Z</time></trkpt><trkpt lat="-23.759172" lon="-46.549953"><ele>794.867</ele><time>2026-08-03T14:45:36Z</time></trkpt><trkpt lat="-23.759175" lon="-46.549973"><ele>794.832</ele><time>2026-08-03T14:45:37Z</time></trkpt><trkpt lat="-23.759182" lon="-46.549992"><ele>794.892</ele><time>2026-08-03T14:45:38Z</time></trkpt><trkpt lat="-23.759182" lon="-46.55001"><ele>794.811</ele><time>2026-08-03T14:45:39Z</time></trkpt><trkpt lat="-23.759185" lon="-46.550032"><ele>794.809</ele><time>2026-08-03T14:45:40Z</time></trkpt><trkpt lat="-23.759187" lon="-46.550053"><ele>794.745</ele><time>2026-08-03T14:45:41Z</time></trkpt><trkpt lat="-23.759188" lon="-46.550078"><ele>794.770</ele><time>2026-08-03T14:45:42Z</time></trkpt><trkpt lat="-23.759188" lon="-46.550088"><ele>794.730</ele><time>2026-08-03T14:45:43Z</time></trkpt><trkpt lat="-23.759193" lon="-46.550098"><ele>794.798</ele><time>2026-08-03T14:45:44Z</time></trkpt><trkpt lat="-23.759203" lon="-46.550108"><ele>794.772</ele><time>2026-08-03T14:45:45Z</time></trkpt><trkpt lat="-23.759198" lon="-46.550128"><ele>794.747</ele><time>2026-08-03T14:45:46Z</time></trkpt><trkpt lat="-23.75919" lon="-46.550155"><ele>794.791</ele><time>2026-08-03T14:45:47Z</time></trkpt><trkpt lat="-23.759185" lon="-46.550185"><ele>794.750</ele><time>2026-08-03T14:45:48Z</time></trkpt><trkpt lat="-23.759173" lon="-46.550215"><ele>794.759</ele><time>2026-08-03T14:45:49Z</time></trkpt><trkpt lat="-23.759162" lon="-46.550243"><ele>794.794</ele><time>2026-08-03T14:45:50Z</time></trkpt><trkpt lat="-23.759147" lon="-46.550272"><ele>794.757</ele><time>2026-08-03T14:45:51Z</time></trkpt><trkpt lat="-23.759143" lon="-46.5503"><ele>794.722</ele><time>2026-08-03T14:45:52Z</time></trkpt><trkpt lat="-23.759122" lon="-46.550333"><ele>794.709</ele><time>2026-08-03T14:45:53Z</time></trkpt><trkpt lat="-23.759102" lon="-46.550362"><ele>794.791</ele><time>2026-08-03T14:45:54Z</time></trkpt><trkpt lat="-23.759078" lon="-46.550385"><ele>794.716</ele><time>2026-08-03T14:45:55Z</time></trkpt><trkpt lat="-23.75905" lon="-46.550427"><ele>794.836</ele><time>2026-08-03T14:45:56Z</time></trkpt><trkpt lat="-23.759023" lon="-46.550453"><ele>794.964</ele><time>2026-08-03T14:45:57Z</time></trkpt><trkpt lat="-23.759007" lon="-46.550477"><ele>795.088</ele><time>2026-08-03T14:45:58Z</time></trkpt><trkpt lat="-23.758993" lon="-46.550502"><ele>795.243</ele><time>2026-08-03T14:45:59Z</time></trkpt><trkpt lat="-23.758977" lon="-46.55052"><ele>795.657</ele><time>2026-08-03T14:46:00Z</time></trkpt><trkpt lat="-23.758967" lon="-46.550533"><ele>795.636</ele><time>2026-08-03T14:46:01Z</time></trkpt><trkpt lat="-23.758948" lon="-46.550545"><ele>795.685</ele><time>2026-08-03T14:46:02Z</time></trkpt><trkpt lat="-23.758927" lon="-46.55055"><ele>795.652</ele><time>2026-08-03T14:46:03Z</time></trkpt><trkpt lat="-23.7589" lon="-46.550558"><ele>795.653</ele><time>2026-08-03T14:46:04Z</time></trkpt><trkpt lat="-23.758873" lon="-46.55057"><ele>795.608</ele><time>2026-08-03T14:46:05Z</time></trkpt><trkpt lat="-23.758857" lon="-46.550587"><ele>795.609</ele><time>2026-08-03T14:46:06Z</time></trkpt><trkpt lat="-23.758835" lon="-46.55061"><ele>795.667</ele><time>2026-08-03T14:46:07Z</time></trkpt><trkpt lat="-23.758813" lon="-46.550618"><ele>795.622</ele><time>2026-08-03T14:46:08Z</time></trkpt><trkpt lat="-23.758798" lon="-46.550637"><ele>795.672</ele><time>2026-08-03T14:46:09Z</time></trkpt><trkpt lat="-23.758778" lon="-46.550655"><ele>795.610</ele><time>2026-08-03T14:46:10Z</time></trkpt><trkpt lat="-23.758763" lon="-46.550672"><ele>795.614</ele><time>2026-08-03T14:46:11Z</time></trkpt><trkpt lat="-23.75874" lon="-46.55068"><ele>795.649</ele><time>2026-08-03T14:46:12Z</time></trkpt><trkpt lat="-23.75871" lon="-46.550695"><ele>795.663</ele><time>2026-08-03T14:46:13Z</time></trkpt><trkpt lat="-23.758685" lon="-46.550715"><ele>795.622</ele><time>2026-08-03T14:46:14Z</time></trkpt><trkpt lat="-23.75868" lon="-46.550752"><ele>795.531</ele><time>2026-08-03T14:46:15Z</time></trkpt><trkpt lat="-23.758672" lon="-46.55078"><ele>795.038</ele><time>2026-08-03T14:46:16Z</time></trkpt><trkpt lat="-23.758672" lon="-46.550822"><ele>794.770</ele><time>2026-08-03T14:46:17Z</time></trkpt><trkpt lat="-23.758663" lon="-46.550855"><ele>794.617</ele><time>2026-08-03T14:46:18Z</time></trkpt><trkpt lat="-23.758662" lon="-46.550885"><ele>794.609</ele><time>2026-08-03T14:46:19Z</time></trkpt><trkpt lat="-23.758662" lon="-46.550913"><ele>794.685</ele><time>2026-08-03T14:46:20Z</time></trkpt><trkpt lat="-23.758665" lon="-46.550943"><ele>794.690</ele><time>2026-08-03T14:46:21Z</time></trkpt><trkpt lat="-23.758678" lon="-46.550968"><ele>794.690</ele><time>2026-08-03T14:46:22Z</time></trkpt><trkpt lat="-23.758688" lon="-46.550988"><ele>794.688</ele><time>2026-08-03T14:46:23Z</time></trkpt><trkpt lat="-23.758712" lon="-46.551025"><ele>794.612</ele><time>2026-08-03T14:46:24Z</time></trkpt><trkpt lat="-23.758728" lon="-46.551057"><ele>794.637</ele><time>2026-08-03T14:46:25Z</time></trkpt><trkpt lat="-23.758745" lon="-46.551093"><ele>794.691</ele><time>2026-08-03T14:46:26Z</time></trkpt><trkpt lat="-23.758765" lon="-46.55113"><ele>794.640</ele><time>2026-08-03T14:46:27Z</time></trkpt><trkpt lat="-23.758782" lon="-46.551162"><ele>794.619</ele><time>2026-08-03T14:46:28Z</time></trkpt><trkpt lat="-23.758792" lon="-46.551198"><ele>794.654</ele><time>2026-08-03T14:46:29Z</time></trkpt><trkpt lat="-23.758803" lon="-46.551227"><ele>794.656</ele><time>2026-08-03T14:46:30Z</time></trkpt><trkpt lat="-23.75882" lon="-46.551258"><ele>794.611</ele><time>2026-08-03T14:46:31Z</time></trkpt><trkpt lat="-23.758838" lon="-46.551278"><ele>794.609</ele><time>2026-08-03T14:46:32Z</time></trkpt><trkpt lat="-23.758862" lon="-46.551303"><ele>794.847</ele><time>2026-08-03T14:46:33Z</time></trkpt><trkpt lat="-23.758885" lon="-46.551327"><ele>795.152</ele><time>2026-08-03T14:46:34Z</time></trkpt><trkpt lat="-23.7589" lon="-46.551353"><ele>795.412</ele><time>2026-08-03T14:46:35Z</time></trkpt><trkpt lat="-23.758913" lon="-46.551377"><ele>795.850</ele><time>2026-08-03T14:46:36Z</time></trkpt><trkpt lat="-23.758938" lon="-46.551393"><ele>796.234</ele><time>2026-08-03T14:46:37Z</time></trkpt><trkpt lat="-23.758968" lon="-46.551407"><ele>796.719</ele><time>2026-08-03T14:46:38Z</time></trkpt><trkpt lat="-23.758998" lon="-46.55143"><ele>797.043</ele><time>2026-08-03T14:46:39Z</time></trkpt><trkpt lat="-23.75902" lon="-46.551452"><ele>797.062</ele><time>2026-08-03T14:46:40Z</time></trkpt><trkpt lat="-23.75904" lon="-46.551468"><ele>797.181</ele><time>2026-08-03T14:46:41Z</time></trkpt><trkpt lat="-23.759057" lon="-46.551483"><ele>797.174</ele><time>2026-08-03T14:46:42Z</time></trkpt><trkpt lat="-23.759075" lon="-46.551498"><ele>797.156</ele><time>2026-08-03T14:46:43Z</time></trkpt><trkpt lat="-23.759088" lon="-46.551518"><ele>797.121</ele><time>2026-08-03T14:46:44Z</time></trkpt><trkpt lat="-23.759107" lon="-46.551537"><ele>797.109</ele><time>2026-08-03T14:46:45Z</time></trkpt><trkpt lat="-23.759133" lon="-46.55155"><ele>797.129</ele><time>2026-08-03T14:46:46Z</time></trkpt><trkpt lat="-23.759158" lon="-46.551562"><ele>797.144</ele><time>2026-08-03T14:46:47Z</time></trkpt><trkpt lat="-23.75918" lon="-46.551572"><ele>797.164</ele><time>2026-08-03T14:46:48Z</time></trkpt><trkpt lat="-23.759207" lon="-46.551582"><ele>797.132</ele><time>2026-08-03T14:46:49Z</time></trkpt><trkpt lat="-23.759232" lon="-46.551598"><ele>797.196</ele><time>2026-08-03T14:46:50Z</time></trkpt><trkpt lat="-23.759248" lon="-46.55163"><ele>797.121</ele><time>2026-08-03T14:46:51Z</time></trkpt><trkpt lat="-23.759265" lon="-46.551658"><ele>797.175</ele><time>2026-08-03T14:46:52Z</time></trkpt><trkpt lat="-23.759283" lon="-46.551685"><ele>797.144</ele><time>2026-08-03T14:46:53Z</time></trkpt><trkpt lat="-23.759303" lon="-46.551718"><ele>797.013</ele><time>2026-08-03T14:46:54Z</time></trkpt><trkpt lat="-23.759315" lon="-46.551743"><ele>797.031</ele><time>2026-08-03T14:46:55Z</time></trkpt><trkpt lat="-23.75933" lon="-46.551777"><ele>797.061</ele><time>2026-08-03T14:46:56Z</time></trkpt><trkpt lat="-23.759352" lon="-46.551807"><ele>797.007</ele><time>2026-08-03T14:46:57Z</time></trkpt><trkpt lat="-23.759362" lon="-46.551843"><ele>796.909</ele><time>2026-08-03T14:46:58Z</time></trkpt><trkpt lat="-23.759382" lon="-46.55187"><ele>796.885</ele><time>2026-08-03T14:46:59Z</time></trkpt><trkpt lat="-23.7594" lon="-46.55189"><ele>796.760</ele><time>2026-08-03T14:47:00Z</time></trkpt><trkpt lat="-23.759423" lon="-46.551907"><ele>796.610</ele><time>2026-08-03T14:47:01Z</time></trkpt><trkpt lat="-23.759458" lon="-46.551913"><ele>796.698</ele><time>2026-08-03T14:47:02Z</time></trkpt><trkpt lat="-23.759483" lon="-46.551935"><ele>796.682</ele><time>2026-08-03T14:47:03Z</time></trkpt><trkpt lat="-23.759507" lon="-46.551953"><ele>796.587</ele><time>2026-08-03T14:47:04Z</time></trkpt><trkpt lat="-23.759527" lon="-46.551972"><ele>796.291</ele><time>2026-08-03T14:47:05Z</time></trkpt><trkpt lat="-23.759553" lon="-46.551988"><ele>795.890</ele><time>2026-08-03T14:47:06Z</time></trkpt><trkpt lat="-23.759565" lon="-46.551997"><ele>795.659</ele><time>2026-08-03T14:47:07Z</time></trkpt><trkpt lat="-23.759583" lon="-46.552025"><ele>795.234</ele><time>2026-08-03T14:47:08Z</time></trkpt><trkpt lat="-23.75961" lon="-46.552043"><ele>794.955</ele><time>2026-08-03T14:47:09Z</time></trkpt><trkpt lat="-23.759635" lon="-46.552057"><ele>794.710</ele><time>2026-08-03T14:47:10Z</time></trkpt><trkpt lat="-23.759663" lon="-46.552063"><ele>794.509</ele><time>2026-08-03T14:47:11Z</time></trkpt><trkpt lat="-23.759687" lon="-46.552075"><ele>794.295</ele><time>2026-08-03T14:47:12Z</time></trkpt><trkpt lat="-23.759715" lon="-46.552068"><ele>794.080</ele><time>2026-08-03T14:47:13Z</time></trkpt><trkpt lat="-23.75974" lon="-46.55208"><ele>794.070</ele><time>2026-08-03T14:47:14Z</time></trkpt><trkpt lat="-23.75977" lon="-46.552087"><ele>793.918</ele><time>2026-08-03T14:47:15Z</time></trkpt><trkpt lat="-23.759793" lon="-46.55211"><ele>792.962</ele><time>2026-08-03T14:47:16Z</time></trkpt><trkpt lat="-23.759818" lon="-46.552132"><ele>791.747</ele><time>2026-08-03T14:47:17Z</time></trkpt><trkpt lat="-23.759843" lon="-46.552145"><ele>791.381</ele><time>2026-08-03T14:47:18Z</time></trkpt><trkpt lat="-23.759862" lon="-46.552162"><ele>791.070</ele><time>2026-08-03T14:47:19Z</time></trkpt><trkpt lat="-23.75988" lon="-46.552168"><ele>790.919</ele><time>2026-08-03T14:47:20Z</time></trkpt><trkpt lat="-23.759897" lon="-46.552183"><ele>790.867</ele><time>2026-08-03T14:47:21Z</time></trkpt><trkpt lat="-23.759915" lon="-46.552208"><ele>790.781</ele><time>2026-08-03T14:47:22Z</time></trkpt><trkpt lat="-23.759933" lon="-46.552235"><ele>790.519</ele><time>2026-08-03T14:47:23Z</time></trkpt><trkpt lat="-23.759945" lon="-46.552262"><ele>790.109</ele><time>2026-08-03T14:47:24Z</time></trkpt><trkpt lat="-23.759958" lon="-46.55229"><ele>789.138</ele><time>2026-08-03T14:47:25Z</time></trkpt><trkpt lat="-23.759968" lon="-46.552318"><ele>788.333</ele><time>2026-08-03T14:47:26Z</time></trkpt><trkpt lat="-23.759977" lon="-46.552345"><ele>786.813</ele><time>2026-08-03T14:47:27Z</time></trkpt><trkpt lat="-23.759983" lon="-46.55237"><ele>785.521</ele><time>2026-08-03T14:47:28Z</time></trkpt><trkpt lat="-23.759987" lon="-46.552397"><ele>785.055</ele><time>2026-08-03T14:47:29Z</time></trkpt><trkpt lat="-23.759985" lon="-46.552425"><ele>784.540</ele><time>2026-08-03T14:47:30Z</time></trkpt><trkpt lat="-23.759983" lon="-46.552453"><ele>784.354</ele><time>2026-08-03T14:47:31Z</time></trkpt><trkpt lat="-23.759975" lon="-46.552492"><ele>784.013</ele><time>2026-08-03T14:47:32Z</time></trkpt><trkpt lat="-23.759975" lon="-46.552528"><ele>783.752</ele><time>2026-08-03T14:47:33Z</time></trkpt><trkpt lat="-23.759968" lon="-46.552562"><ele>783.113</ele><time>2026-08-03T14:47:34Z</time></trkpt><trkpt lat="-23.759962" lon="-46.552595"><ele>782.443</ele><time>2026-08-03T14:47:35Z</time></trkpt><trkpt lat="-23.759938" lon="-46.552618"><ele>782.107</ele><time>2026-08-03T14:47:36Z</time></trkpt><trkpt lat="-23.759913" lon="-46.552633"><ele>782.009</ele><time>2026-08-03T14:47:37Z</time></trkpt><trkpt lat="-23.759892" lon="-46.552647"><ele>781.883</ele><time>2026-08-03T14:47:38Z</time></trkpt><trkpt lat="-23.759872" lon="-46.55266"><ele>781.768</ele><time>2026-08-03T14:47:39Z</time></trkpt><trkpt lat="-23.759848" lon="-46.552673"><ele>781.618</ele><time>2026-08-03T14:47:40Z</time></trkpt><trkpt lat="-23.759835" lon="-46.55269"><ele>781.516</ele><time>2026-08-03T14:47:41Z</time></trkpt><trkpt lat="-23.759812" lon="-46.552705"><ele>781.420</ele><time>2026-08-03T14:47:42Z</time></trkpt><trkpt lat="-23.759787" lon="-46.552717"><ele>781.325</ele><time>2026-08-03T14:47:43Z</time></trkpt><trkpt lat="-23.759763" lon="-46.552725"><ele>781.389</ele><time>2026-08-03T14:47:44Z</time></trkpt><trkpt lat="-23.75974" lon="-46.552735"><ele>781.118</ele><time>2026-08-03T14:47:45Z</time></trkpt><trkpt lat="-23.759718" lon="-46.552758"><ele>780.737</ele><time>2026-08-03T14:47:46Z</time></trkpt><trkpt lat="-23.759697" lon="-46.552778"><ele>779.912</ele><time>2026-08-03T14:47:47Z</time></trkpt><trkpt lat="-23.759682" lon="-46.552802"><ele>779.032</ele><time>2026-08-03T14:47:48Z</time></trkpt><trkpt lat="-23.759662" lon="-46.552822"><ele>778.105</ele><time>2026-08-03T14:47:49Z</time></trkpt><trkpt lat="-23.759643" lon="-46.552842"><ele>777.109</ele><time>2026-08-03T14:47:50Z</time></trkpt><trkpt lat="-23.759633" lon="-46.552868"><ele>776.193</ele><time>2026-08-03T14:47:51Z</time></trkpt><trkpt lat="-23.759623" lon="-46.552895"><ele>774.928</ele><time>2026-08-03T14:47:52Z</time></trkpt><trkpt lat="-23.759617" lon="-46.552932"><ele>773.438</ele><time>2026-08-03T14:47:53Z</time></trkpt><trkpt lat="-23.759608" lon="-46.552957"><ele>772.296</ele><time>2026-08-03T14:47:54Z</time></trkpt><trkpt lat="-23.75959" lon="-46.552978"><ele>771.230</ele><time>2026-08-03T14:47:55Z</time></trkpt><trkpt lat="-23.759568" lon="-46.552993"><ele>770.285</ele><time>2026-08-03T14:47:56Z</time></trkpt><trkpt lat="-23.759543" lon="-46.552997"><ele>769.479</ele><time>2026-08-03T14:47:57Z</time></trkpt><trkpt lat="-23.759515" lon="-46.552997"><ele>768.998</ele><time>2026-08-03T14:47:58Z</time></trkpt><trkpt lat="-23.75949" lon="-46.553002"><ele>768.917</ele><time>2026-08-03T14:47:59Z</time></trkpt><trkpt lat="-23.759467" lon="-46.553"><ele>768.963</ele><time>2026-08-03T14:48:00Z</time></trkpt><trkpt lat="-23.759437" lon="-46.552985"><ele>768.944</ele><time>2026-08-03T14:48:01Z</time></trkpt><trkpt lat="-23.759413" lon="-46.552978"><ele>768.918</ele><time>2026-08-03T14:48:02Z</time></trkpt><trkpt lat="-23.759393" lon="-46.552988"><ele>768.909</ele><time>2026-08-03T14:48:03Z</time></trkpt><trkpt lat="-23.759372" lon="-46.553005"><ele>768.948</ele><time>2026-08-03T14:48:04Z</time></trkpt><trkpt lat="-23.759357" lon="-46.553025"><ele>768.913</ele><time>2026-08-03T14:48:05Z</time></trkpt><trkpt lat="-23.759353" lon="-46.553042"><ele>768.943</ele><time>2026-08-03T14:48:06Z</time></trkpt><trkpt lat="-23.75935" lon="-46.553068"><ele>768.971</ele><time>2026-08-03T14:48:07Z</time></trkpt><trkpt lat="-23.759348" lon="-46.553103"><ele>768.945</ele><time>2026-08-03T14:48:08Z</time></trkpt><trkpt lat="-23.759352" lon="-46.553137"><ele>768.960</ele><time>2026-08-03T14:48:09Z</time></trkpt><trkpt lat="-23.759358" lon="-46.553163"><ele>768.954</ele><time>2026-08-03T14:48:10Z</time></trkpt><trkpt lat="-23.759358" lon="-46.55321"><ele>768.963</ele><time>2026-08-03T14:48:11Z</time></trkpt><trkpt lat="-23.759355" lon="-46.553245"><ele>768.962</ele><time>2026-08-03T14:48:12Z</time></trkpt><trkpt lat="-23.759355" lon="-46.553278"><ele>769.048</ele><time>2026-08-03T14:48:13Z</time></trkpt><trkpt lat="-23.759357" lon="-46.55331"><ele>769.161</ele><time>2026-08-03T14:48:14Z</time></trkpt><trkpt lat="-23.759358" lon="-46.553337"><ele>769.517</ele><time>2026-08-03T14:48:15Z</time></trkpt><trkpt lat="-23.759338" lon="-46.553367"><ele>770.009</ele><time>2026-08-03T14:48:16Z</time></trkpt><trkpt lat="-23.759318" lon="-46.553402"><ele>770.366</ele><time>2026-08-03T14:48:17Z</time></trkpt><trkpt lat="-23.759302" lon="-46.553423"><ele>770.741</ele><time>2026-08-03T14:48:18Z</time></trkpt><trkpt lat="-23.75928" lon="-46.55345"><ele>771.311</ele><time>2026-08-03T14:48:19Z</time></trkpt><trkpt lat="-23.759258" lon="-46.553473"><ele>771.899</ele><time>2026-08-03T14:48:20Z</time></trkpt><trkpt lat="-23.759245" lon="-46.553493"><ele>772.093</ele><time>2026-08-03T14:48:21Z</time></trkpt><trkpt lat="-23.759237" lon="-46.553517"><ele>772.098</ele><time>2026-08-03T14:48:22Z</time></trkpt><trkpt lat="-23.759227" lon="-46.553543"><ele>772.162</ele><time>2026-08-03T14:48:23Z</time></trkpt><trkpt lat="-23.759218" lon="-46.553568"><ele>772.341</ele><time>2026-08-03T14:48:24Z</time></trkpt><trkpt lat="-23.759208" lon="-46.553592"><ele>772.590</ele><time>2026-08-03T14:48:25Z</time></trkpt><trkpt lat="-23.7592" lon="-46.55362"><ele>772.661</ele><time>2026-08-03T14:48:26Z</time></trkpt><trkpt lat="-23.759193" lon="-46.553648"><ele>772.721</ele><time>2026-08-03T14:48:27Z</time></trkpt><trkpt lat="-23.759188" lon="-46.553677"><ele>772.813</ele><time>2026-08-03T14:48:28Z</time></trkpt><trkpt lat="-23.759182" lon="-46.553707"><ele>772.909</ele><time>2026-08-03T14:48:29Z</time></trkpt><trkpt lat="-23.759175" lon="-46.55374"><ele>773.018</ele><time>2026-08-03T14:48:30Z</time></trkpt><trkpt lat="-23.75916" lon="-46.553763"><ele>773.193</ele><time>2026-08-03T14:48:31Z</time></trkpt><trkpt lat="-23.759148" lon="-46.553777"><ele>773.253</ele><time>2026-08-03T14:48:32Z</time></trkpt><trkpt lat="-23.759142" lon="-46.553795"><ele>773.231</ele><time>2026-08-03T14:48:33Z</time></trkpt><trkpt lat="-23.759133" lon="-46.553822"><ele>773.365</ele><time>2026-08-03T14:48:34Z</time></trkpt><trkpt lat="-23.759138" lon="-46.553857"><ele>773.380</ele><time>2026-08-03T14:48:35Z</time></trkpt><trkpt lat="-23.759125" lon="-46.553868"><ele>773.474</ele><time>2026-08-03T14:48:36Z</time></trkpt><trkpt lat="-23.759123" lon="-46.553888"><ele>774.053</ele><time>2026-08-03T14:48:37Z</time></trkpt><trkpt lat="-23.759108" lon="-46.553917"><ele>775.492</ele><time>2026-08-03T14:48:38Z</time></trkpt><trkpt lat="-23.759105" lon="-46.55395"><ele>776.888</ele><time>2026-08-03T14:48:39Z</time></trkpt><trkpt lat="-23.759095" lon="-46.553978"><ele>778.124</ele><time>2026-08-03T14:48:40Z</time></trkpt><trkpt lat="-23.759087" lon="-46.554"><ele>779.226</ele><time>2026-08-03T14:48:41Z</time></trkpt><trkpt lat="-23.759083" lon="-46.554028"><ele>779.909</ele><time>2026-08-03T14:48:42Z</time></trkpt><trkpt lat="-23.759075" lon="-46.554102"><ele>780.890</ele><time>2026-08-03T14:48:43Z</time></trkpt><trkpt lat="-23.759085" lon="-46.554118"><ele>781.345</ele><time>2026-08-03T14:48:44Z</time></trkpt><trkpt lat="-23.7591" lon="-46.554133"><ele>781.625</ele><time>2026-08-03T14:48:45Z</time></trkpt><trkpt lat="-23.759157" lon="-46.554118"><ele>781.963</ele><time>2026-08-03T14:48:46Z</time></trkpt><trkpt lat="-23.759188" lon="-46.554102"><ele>782.017</ele><time>2026-08-03T14:48:47Z</time></trkpt><trkpt lat="-23.759212" lon="-46.5541"><ele>782.092</ele><time>2026-08-03T14:48:48Z</time></trkpt><trkpt lat="-23.759232" lon="-46.554088"><ele>782.136</ele><time>2026-08-03T14:48:49Z</time></trkpt><trkpt lat="-23.759252" lon="-46.554077"><ele>782.215</ele><time>2026-08-03T14:48:50Z</time></trkpt><trkpt lat="-23.759277" lon="-46.554058"><ele>782.244</ele><time>2026-08-03T14:48:51Z</time></trkpt><trkpt lat="-23.759288" lon="-46.554032"><ele>782.249</ele><time>2026-08-03T14:48:52Z</time></trkpt><trkpt lat="-23.759322" lon="-46.554017"><ele>782.202</ele><time>2026-08-03T14:48:53Z</time></trkpt><trkpt lat="-23.759338" lon="-46.553993"><ele>782.222</ele><time>2026-08-03T14:48:54Z</time></trkpt><trkpt lat="-23.759403" lon="-46.554"><ele>782.209</ele><time>2026-08-03T14:48:55Z</time></trkpt><trkpt lat="-23.759428" lon="-46.553985"><ele>782.226</ele><time>2026-08-03T14:48:56Z</time></trkpt><trkpt lat="-23.759458" lon="-46.553983"><ele>782.211</ele><time>2026-08-03T14:48:57Z</time></trkpt><trkpt lat="-23.7595" lon="-46.55398"><ele>782.251</ele><time>2026-08-03T14:48:58Z</time></trkpt><trkpt lat="-23.759502" lon="-46.55396"><ele>782.259</ele><time>2026-08-03T14:48:59Z</time></trkpt><trkpt lat="-23.759523" lon="-46.553935"><ele>782.293</ele><time>2026-08-03T14:49:00Z</time></trkpt><trkpt lat="-23.75954" lon="-46.553927"><ele>782.258</ele><time>2026-08-03T14:49:01Z</time></trkpt><trkpt lat="-23.759552" lon="-46.553918"><ele>782.022</ele><time>2026-08-03T14:49:02Z</time></trkpt><trkpt lat="-23.759573" lon="-46.553912"><ele>782.041</ele><time>2026-08-03T14:49:03Z</time></trkpt><trkpt lat="-23.759595" lon="-46.553903"><ele>781.930</ele><time>2026-08-03T14:49:04Z</time></trkpt><trkpt lat="-23.759627" lon="-46.553903"><ele>781.987</ele><time>2026-08-03T14:49:05Z</time></trkpt><trkpt lat="-23.759668" lon="-46.55391"><ele>781.842</ele><time>2026-08-03T14:49:06Z</time></trkpt><trkpt lat="-23.759697" lon="-46.553893"><ele>781.426</ele><time>2026-08-03T14:49:07Z</time></trkpt><trkpt lat="-23.759722" lon="-46.553888"><ele>780.609</ele><time>2026-08-03T14:49:08Z</time></trkpt><trkpt lat="-23.759747" lon="-46.553902"><ele>779.530</ele><time>2026-08-03T14:49:09Z</time></trkpt><trkpt lat="-23.759775" lon="-46.553895"><ele>778.795</ele><time>2026-08-03T14:49:10Z</time></trkpt><trkpt lat="-23.759785" lon="-46.553898"><ele>778.685</ele><time>2026-08-03T14:49:11Z</time></trkpt><trkpt lat="-23.759817" lon="-46.553887"><ele>778.373</ele><time>2026-08-03T14:49:12Z</time></trkpt><trkpt lat="-23.759843" lon="-46.553875"><ele>776.797</ele><time>2026-08-03T14:49:13Z</time></trkpt><trkpt lat="-23.75987" lon="-46.553865"><ele>775.162</ele><time>2026-08-03T14:49:14Z</time></trkpt><trkpt lat="-23.759897" lon="-46.553852"><ele>774.036</ele><time>2026-08-03T14:49:15Z</time></trkpt><trkpt lat="-23.759927" lon="-46.553833"><ele>772.585</ele><time>2026-08-03T14:49:16Z</time></trkpt><trkpt lat="-23.759955" lon="-46.553813"><ele>771.484</ele><time>2026-08-03T14:49:17Z</time></trkpt><trkpt lat="-23.759977" lon="-46.5538"><ele>770.893</ele><time>2026-08-03T14:49:18Z</time></trkpt><trkpt lat="-23.759998" lon="-46.553775"><ele>769.865</ele><time>2026-08-03T14:49:19Z</time></trkpt><trkpt lat="-23.760027" lon="-46.553762"><ele>768.621</ele><time>2026-08-03T14:49:20Z</time></trkpt><trkpt lat="-23.76006" lon="-46.553748"><ele>767.909</ele><time>2026-08-03T14:49:21Z</time></trkpt><trkpt lat="-23.760085" lon="-46.553732"><ele>767.711</ele><time>2026-08-03T14:49:22Z</time></trkpt><trkpt lat="-23.760117" lon="-46.55372"><ele>766.986</ele><time>2026-08-03T14:49:23Z</time></trkpt><trkpt lat="-23.760153" lon="-46.5537"><ele>766.126</ele><time>2026-08-03T14:49:24Z</time></trkpt><trkpt lat="-23.760173" lon="-46.55369"><ele>765.844</ele><time>2026-08-03T14:49:25Z</time></trkpt><trkpt lat="-23.760197" lon="-46.55368"><ele>765.618</ele><time>2026-08-03T14:49:26Z</time></trkpt><trkpt lat="-23.76022" lon="-46.553678"><ele>765.693</ele><time>2026-08-03T14:49:27Z</time></trkpt><trkpt lat="-23.760242" lon="-46.553677"><ele>765.617</ele><time>2026-08-03T14:49:28Z</time></trkpt><trkpt lat="-23.760265" lon="-46.553672"><ele>765.696</ele><time>2026-08-03T14:49:29Z</time></trkpt><trkpt lat="-23.760288" lon="-46.553677"><ele>765.635</ele><time>2026-08-03T14:49:30Z</time></trkpt><trkpt lat="-23.76031" lon="-46.553675"><ele>765.671</ele><time>2026-08-03T14:49:31Z</time></trkpt><trkpt lat="-23.760318" lon="-46.553665"><ele>765.641</ele><time>2026-08-03T14:49:32Z</time></trkpt><trkpt lat="-23.76034" lon="-46.553648"><ele>765.615</ele><time>2026-08-03T14:49:33Z</time></trkpt><trkpt lat="-23.760378" lon="-46.553627"><ele>765.609</ele><time>2026-08-03T14:49:34Z</time></trkpt><trkpt lat="-23.760408" lon="-46.553587"><ele>765.649</ele><time>2026-08-03T14:49:35Z</time></trkpt><trkpt lat="-23.760445" lon="-46.553543"><ele>765.614</ele><time>2026-08-03T14:49:36Z</time></trkpt><trkpt lat="-23.760482" lon="-46.553515"><ele>765.644</ele><time>2026-08-03T14:49:37Z</time></trkpt><trkpt lat="-23.760533" lon="-46.553508"><ele>765.682</ele><time>2026-08-03T14:49:38Z</time></trkpt><trkpt lat="-23.76056" lon="-46.553497"><ele>765.696</ele><time>2026-08-03T14:49:39Z</time></trkpt><trkpt lat="-23.7606" lon="-46.553483"><ele>765.651</ele><time>2026-08-03T14:49:40Z</time></trkpt><trkpt lat="-23.760612" lon="-46.553455"><ele>765.925</ele><time>2026-08-03T14:49:41Z</time></trkpt><trkpt lat="-23.760655" lon="-46.553438"><ele>766.434</ele><time>2026-08-03T14:49:42Z</time></trkpt><trkpt lat="-23.76069" lon="-46.55342"><ele>766.883</ele><time>2026-08-03T14:49:43Z</time></trkpt><trkpt lat="-23.760722" lon="-46.553415"><ele>767.188</ele><time>2026-08-03T14:49:44Z</time></trkpt><trkpt lat="-23.76075" lon="-46.553408"><ele>767.524</ele><time>2026-08-03T14:49:45Z</time></trkpt><trkpt lat="-23.760778" lon="-46.553402"><ele>768.126</ele><time>2026-08-03T14:49:46Z</time></trkpt><trkpt lat="-23.760803" lon="-46.55339"><ele>768.309</ele><time>2026-08-03T14:49:47Z</time></trkpt><trkpt lat="-23.760828" lon="-46.553378"><ele>768.380</ele><time>2026-08-03T14:49:48Z</time></trkpt><trkpt lat="-23.760858" lon="-46.553367"><ele>768.575</ele><time>2026-08-03T14:49:49Z</time></trkpt><trkpt lat="-23.760883" lon="-46.553347"><ele>768.645</ele><time>2026-08-03T14:49:50Z</time></trkpt><trkpt lat="-23.760905" lon="-46.553335"><ele>768.613</ele><time>2026-08-03T14:49:51Z</time></trkpt><trkpt lat="-23.760933" lon="-46.553315"><ele>768.947</ele><time>2026-08-03T14:49:52Z</time></trkpt><trkpt lat="-23.76096" lon="-46.5533"><ele>769.192</ele><time>2026-08-03T14:49:53Z</time></trkpt><trkpt lat="-23.760973" lon="-46.553287"><ele>769.726</ele><time>2026-08-03T14:49:54Z</time></trkpt><trkpt lat="-23.761003" lon="-46.553283"><ele>770.595</ele><time>2026-08-03T14:49:55Z</time></trkpt><trkpt lat="-23.761025" lon="-46.553272"><ele>770.734</ele><time>2026-08-03T14:49:56Z</time></trkpt><trkpt lat="-23.761052" lon="-46.553257"><ele>770.895</ele><time>2026-08-03T14:49:57Z</time></trkpt><trkpt lat="-23.761078" lon="-46.55324"><ele>770.949</ele><time>2026-08-03T14:49:58Z</time></trkpt><trkpt lat="-23.761103" lon="-46.55322"><ele>771.023</ele><time>2026-08-03T14:49:59Z</time></trkpt><trkpt lat="-23.761113" lon="-46.553213"><ele>771.009</ele><time>2026-08-03T14:50:00Z</time></trkpt><trkpt lat="-23.761127" lon="-46.553195"><ele>771.091</ele><time>2026-08-03T14:50:01Z</time></trkpt><trkpt lat="-23.761147" lon="-46.553182"><ele>771.036</ele><time>2026-08-03T14:50:02Z</time></trkpt><trkpt lat="-23.761165" lon="-46.553167"><ele>771.066</ele><time>2026-08-03T14:50:03Z</time></trkpt><trkpt lat="-23.761183" lon="-46.553163"><ele>771.084</ele><time>2026-08-03T14:50:04Z</time></trkpt><trkpt lat="-23.761205" lon="-46.553142"><ele>771.038</ele><time>2026-08-03T14:50:05Z</time></trkpt><trkpt lat="-23.761228" lon="-46.55312"><ele>771.093</ele><time>2026-08-03T14:50:06Z</time></trkpt><trkpt lat="-23.76125" lon="-46.553095"><ele>771.077</ele><time>2026-08-03T14:50:07Z</time></trkpt><trkpt lat="-23.761275" lon="-46.553078"><ele>771.096</ele><time>2026-08-03T14:50:08Z</time></trkpt><trkpt lat="-23.761307" lon="-46.55307"><ele>771.085</ele><time>2026-08-03T14:50:09Z</time></trkpt><trkpt lat="-23.761337" lon="-46.553055"><ele>771.062</ele><time>2026-08-03T14:50:10Z</time></trkpt><trkpt lat="-23.761375" lon="-46.553047"><ele>771.083</ele><time>2026-08-03T14:50:11Z</time></trkpt><trkpt lat="-23.761402" lon="-46.55304"><ele>770.911</ele><time>2026-08-03T14:50:12Z</time></trkpt><trkpt lat="-23.76143" lon="-46.55304"><ele>770.909</ele><time>2026-08-03T14:50:13Z</time></trkpt><trkpt lat="-23.76146" lon="-46.553035"><ele>770.978</ele><time>2026-08-03T14:50:14Z</time></trkpt><trkpt lat="-23.761488" lon="-46.553032"><ele>770.843</ele><time>2026-08-03T14:50:15Z</time></trkpt><trkpt lat="-23.761518" lon="-46.553023"><ele>770.743</ele><time>2026-08-03T14:50:16Z</time></trkpt><trkpt lat="-23.761547" lon="-46.55302"><ele>770.671</ele><time>2026-08-03T14:50:17Z</time></trkpt><trkpt lat="-23.761575" lon="-46.553023"><ele>770.685</ele><time>2026-08-03T14:50:18Z</time></trkpt><trkpt lat="-23.761595" lon="-46.553027"><ele>770.590</ele><time>2026-08-03T14:50:19Z</time></trkpt><trkpt lat="-23.761617" lon="-46.553033"><ele>770.414</ele><time>2026-08-03T14:50:20Z</time></trkpt><trkpt lat="-23.761637" lon="-46.553038"><ele>770.133</ele><time>2026-08-03T14:50:21Z</time></trkpt><trkpt lat="-23.761657" lon="-46.55305"><ele>769.652</ele><time>2026-08-03T14:50:22Z</time></trkpt><trkpt lat="-23.761673" lon="-46.553065"><ele>769.157</ele><time>2026-08-03T14:50:23Z</time></trkpt><trkpt lat="-23.761692" lon="-46.553073"><ele>768.800</ele><time>2026-08-03T14:50:24Z</time></trkpt><trkpt lat="-23.761718" lon="-46.553082"><ele>768.720</ele><time>2026-08-03T14:50:25Z</time></trkpt><trkpt lat="-23.76174" lon="-46.553082"><ele>768.609</ele><time>2026-08-03T14:50:26Z</time></trkpt><trkpt lat="-23.761772" lon="-46.553085"><ele>768.687</ele><time>2026-08-03T14:50:27Z</time></trkpt><trkpt lat="-23.761805" lon="-46.55309"><ele>768.542</ele><time>2026-08-03T14:50:28Z</time></trkpt><trkpt lat="-23.761835" lon="-46.5531"><ele>768.332</ele><time>2026-08-03T14:50:29Z</time></trkpt><trkpt lat="-23.761865" lon="-46.553107"><ele>768.130</ele><time>2026-08-03T14:50:30Z</time></trkpt><trkpt lat="-23.761887" lon="-46.553112"><ele>767.964</ele><time>2026-08-03T14:50:31Z</time></trkpt><trkpt lat="-23.761905" lon="-46.553113"><ele>767.739</ele><time>2026-08-03T14:50:32Z</time></trkpt><trkpt lat="-23.761927" lon="-46.553113"><ele>767.693</ele><time>2026-08-03T14:50:33Z</time></trkpt><trkpt lat="-23.761962" lon="-46.553122"><ele>766.942</ele><time>2026-08-03T14:50:34Z</time></trkpt><trkpt lat="-23.761995" lon="-46.553128"><ele>765.631</ele><time>2026-08-03T14:50:35Z</time></trkpt><trkpt lat="-23.762015" lon="-46.55313"><ele>764.493</ele><time>2026-08-03T14:50:36Z</time></trkpt><trkpt lat="-23.762038" lon="-46.553125"><ele>763.265</ele><time>2026-08-03T14:50:37Z</time></trkpt><trkpt lat="-23.762053" lon="-46.553133"><ele>761.821</ele><time>2026-08-03T14:50:38Z</time></trkpt><trkpt lat="-23.762068" lon="-46.553138"><ele>760.409</ele><time>2026-08-03T14:50:39Z</time></trkpt><trkpt lat="-23.762088" lon="-46.553145"><ele>759.321</ele><time>2026-08-03T14:50:40Z</time></trkpt><trkpt lat="-23.762118" lon="-46.553158"><ele>758.546</ele><time>2026-08-03T14:50:41Z</time></trkpt><trkpt lat="-23.762148" lon="-46.553173"><ele>757.946</ele><time>2026-08-03T14:50:42Z</time></trkpt><trkpt lat="-23.762172" lon="-46.553183"><ele>757.414</ele><time>2026-08-03T14:50:43Z</time></trkpt><trkpt lat="-23.762195" lon="-46.553203"><ele>757.298</ele><time>2026-08-03T14:50:44Z</time></trkpt><trkpt lat="-23.762207" lon="-46.553222"><ele>756.353</ele><time>2026-08-03T14:50:45Z</time></trkpt><trkpt lat="-23.762218" lon="-46.55323"><ele>754.717</ele><time>2026-08-03T14:50:46Z</time></trkpt><trkpt lat="-23.762232" lon="-46.553243"><ele>752.456</ele><time>2026-08-03T14:50:47Z</time></trkpt><trkpt lat="-23.762238" lon="-46.553253"><ele>750.415</ele><time>2026-08-03T14:50:48Z</time></trkpt><trkpt lat="-23.76224" lon="-46.55327"><ele>749.038</ele><time>2026-08-03T14:50:49Z</time></trkpt><trkpt lat="-23.762245" lon="-46.553292"><ele>746.970</ele><time>2026-08-03T14:50:50Z</time></trkpt><trkpt lat="-23.762247" lon="-46.553305"><ele>744.517</ele><time>2026-08-03T14:50:51Z</time></trkpt><trkpt lat="-23.762237" lon="-46.553322"><ele>743.309</ele><time>2026-08-03T14:50:53Z</time></trkpt><trkpt lat="-23.762233" lon="-46.553338"><ele>743.355</ele><time>2026-08-03T14:50:54Z</time></trkpt><trkpt lat="-23.762233" lon="-46.553352"><ele>743.360</ele><time>2026-08-03T14:50:55Z</time></trkpt><trkpt lat="-23.76223" lon="-46.553367"><ele>743.360</ele><time>2026-08-03T14:50:56Z</time></trkpt><trkpt lat="-23.76223" lon="-46.553378"><ele>743.328</ele><time>2026-08-03T14:50:57Z</time></trkpt><trkpt lat="-23.762232" lon="-46.55339"><ele>743.342</ele><time>2026-08-03T14:50:58Z</time></trkpt><trkpt lat="-23.762228" lon="-46.553405"><ele>743.347</ele><time>2026-08-03T14:50:59Z</time></trkpt><trkpt lat="-23.762213" lon="-46.553425"><ele>743.311</ele><time>2026-08-03T14:51:00Z</time></trkpt><trkpt lat="-23.762218" lon="-46.553435"><ele>743.350</ele><time>2026-08-03T14:51:01Z</time></trkpt><trkpt lat="-23.762222" lon="-46.55345"><ele>743.399</ele><time>2026-08-03T14:51:02Z</time></trkpt><trkpt lat="-23.762225" lon="-46.553477"><ele>743.343</ele><time>2026-08-03T14:51:03Z</time></trkpt><trkpt lat="-23.76222" lon="-46.553495"><ele>743.364</ele><time>2026-08-03T14:51:04Z</time></trkpt><trkpt lat="-23.762217" lon="-46.553508"><ele>743.310</ele><time>2026-08-03T14:51:05Z</time></trkpt><trkpt lat="-23.7622" lon="-46.55353"><ele>743.309</ele><time>2026-08-03T14:51:06Z</time></trkpt><trkpt lat="-23.762188" lon="-46.55355"><ele>743.316</ele><time>2026-08-03T14:51:07Z</time></trkpt><trkpt lat="-23.762185" lon="-46.553567"><ele>743.421</ele><time>2026-08-03T14:51:08Z</time></trkpt><trkpt lat="-23.762178" lon="-46.553587"><ele>743.911</ele><time>2026-08-03T14:51:09Z</time></trkpt><trkpt lat="-23.762172" lon="-46.553605"><ele>745.219</ele><time>2026-08-03T14:51:10Z</time></trkpt><trkpt lat="-23.762167" lon="-46.55362"><ele>746.653</ele><time>2026-08-03T14:51:11Z</time></trkpt><trkpt lat="-23.762168" lon="-46.553635"><ele>747.778</ele><time>2026-08-03T14:51:12Z</time></trkpt><trkpt lat="-23.762182" lon="-46.553648"><ele>748.592</ele><time>2026-08-03T14:51:13Z</time></trkpt><trkpt lat="-23.762188" lon="-46.553677"><ele>749.171</ele><time>2026-08-03T14:51:14Z</time></trkpt><trkpt lat="-23.762188" lon="-46.553705"><ele>750.080</ele><time>2026-08-03T14:51:15Z</time></trkpt><trkpt lat="-23.762193" lon="-46.553732"><ele>750.999</ele><time>2026-08-03T14:51:16Z</time></trkpt><trkpt lat="-23.762193" lon="-46.55375"><ele>751.407</ele><time>2026-08-03T14:51:17Z</time></trkpt><trkpt lat="-23.762195" lon="-46.55377"><ele>752.327</ele><time>2026-08-03T14:51:18Z</time></trkpt><trkpt lat="-23.762203" lon="-46.553788"><ele>753.209</ele><time>2026-08-03T14:51:19Z</time></trkpt><trkpt lat="-23.762213" lon="-46.553803"><ele>753.731</ele><time>2026-08-03T14:51:20Z</time></trkpt><trkpt lat="-23.762227" lon="-46.553815"><ele>754.376</ele><time>2026-08-03T14:51:21Z</time></trkpt><trkpt lat="-23.762237" lon="-46.553832"><ele>755.026</ele><time>2026-08-03T14:51:22Z</time></trkpt><trkpt lat="-23.762245" lon="-46.55385"><ele>755.674</ele><time>2026-08-03T14:51:23Z</time></trkpt><trkpt lat="-23.762258" lon="-46.55387"><ele>756.328</ele><time>2026-08-03T14:51:24Z</time></trkpt><trkpt lat="-23.762267" lon="-46.553893"><ele>756.983</ele><time>2026-08-03T14:51:25Z</time></trkpt><trkpt lat="-23.762275" lon="-46.553902"><ele>757.627</ele><time>2026-08-03T14:51:26Z</time></trkpt><trkpt lat="-23.762283" lon="-46.553918"><ele>758.346</ele><time>2026-08-03T14:51:27Z</time></trkpt><trkpt lat="-23.762298" lon="-46.55393"><ele>759.125</ele><time>2026-08-03T14:51:28Z</time></trkpt><trkpt lat="-23.762313" lon="-46.553927"><ele>759.817</ele><time>2026-08-03T14:51:29Z</time></trkpt><trkpt lat="-23.762332" lon="-46.553933"><ele>760.287</ele><time>2026-08-03T14:51:30Z</time></trkpt><trkpt lat="-23.762347" lon="-46.553938"><ele>760.215</ele><time>2026-08-03T14:51:31Z</time></trkpt><trkpt lat="-23.762362" lon="-46.553945"><ele>760.209</ele><time>2026-08-03T14:51:32Z</time></trkpt><trkpt lat="-23.762373" lon="-46.55395"><ele>760.273</ele><time>2026-08-03T14:51:33Z</time></trkpt><trkpt lat="-23.762387" lon="-46.553952"><ele>760.248</ele><time>2026-08-03T14:51:34Z</time></trkpt><trkpt lat="-23.762398" lon="-46.55396"><ele>760.228</ele><time>2026-08-03T14:51:35Z</time></trkpt><trkpt lat="-23.762415" lon="-46.553963"><ele>760.276</ele><time>2026-08-03T14:51:36Z</time></trkpt><trkpt lat="-23.762432" lon="-46.553968"><ele>760.240</ele><time>2026-08-03T14:51:37Z</time></trkpt><trkpt lat="-23.76245" lon="-46.55397"><ele>760.255</ele><time>2026-08-03T14:51:38Z</time></trkpt><trkpt lat="-23.76247" lon="-46.553967"><ele>760.289</ele><time>2026-08-03T14:51:39Z</time></trkpt><trkpt lat="-23.76248" lon="-46.553962"><ele>760.288</ele><time>2026-08-03T14:51:40Z</time></trkpt><trkpt lat="-23.762488" lon="-46.553995"><ele>760.267</ele><time>2026-08-03T14:51:42Z</time></trkpt><trkpt lat="-23.762498" lon="-46.554022"><ele>760.244</ele><time>2026-08-03T14:51:43Z</time></trkpt><trkpt lat="-23.762517" lon="-46.554045"><ele>760.205</ele><time>2026-08-03T14:51:44Z</time></trkpt><trkpt lat="-23.762537" lon="-46.554055"><ele>760.215</ele><time>2026-08-03T14:51:45Z</time></trkpt><trkpt lat="-23.762558" lon="-46.554078"><ele>760.209</ele><time>2026-08-03T14:51:46Z</time></trkpt><trkpt lat="-23.762583" lon="-46.554113"><ele>759.936</ele><time>2026-08-03T14:51:47Z</time></trkpt><trkpt lat="-23.762588" lon="-46.554095"><ele>759.881</ele><time>2026-08-03T14:51:48Z</time></trkpt><trkpt lat="-23.762613" lon="-46.5541"><ele>759.671</ele><time>2026-08-03T14:51:49Z</time></trkpt><trkpt lat="-23.762647" lon="-46.554107"><ele>759.589</ele><time>2026-08-03T14:51:50Z</time></trkpt><trkpt lat="-23.762667" lon="-46.5541"><ele>759.363</ele><time>2026-08-03T14:51:51Z</time></trkpt><trkpt lat="-23.762698" lon="-46.55407"><ele>759.088</ele><time>2026-08-03T14:51:52Z</time></trkpt><trkpt lat="-23.762718" lon="-46.554038"><ele>758.592</ele><time>2026-08-03T14:51:53Z</time></trkpt><trkpt lat="-23.762737" lon="-46.554027"><ele>758.121</ele><time>2026-08-03T14:51:54Z</time></trkpt><trkpt lat="-23.762762" lon="-46.554012"><ele>757.880</ele><time>2026-08-03T14:51:55Z</time></trkpt><trkpt lat="-23.762788" lon="-46.553993"><ele>757.033</ele><time>2026-08-03T14:51:56Z</time></trkpt><trkpt lat="-23.76281" lon="-46.553962"><ele>756.123</ele><time>2026-08-03T14:51:57Z</time></trkpt><trkpt lat="-23.762853" lon="-46.553985"><ele>755.515</ele><time>2026-08-03T14:52:00Z</time></trkpt><trkpt lat="-23.762918" lon="-46.553992"><ele>755.109</ele><time>2026-08-03T14:52:01Z</time></trkpt><trkpt lat="-23.762973" lon="-46.554018"><ele>754.955</ele><time>2026-08-03T14:52:02Z</time></trkpt><trkpt lat="-23.763023" lon="-46.554032"><ele>754.790</ele><time>2026-08-03T14:52:03Z</time></trkpt><trkpt lat="-23.76304" lon="-46.554038"><ele>754.550</ele><time>2026-08-03T14:52:04Z</time></trkpt><trkpt lat="-23.76309" lon="-46.554037"><ele>754.468</ele><time>2026-08-03T14:52:05Z</time></trkpt><trkpt lat="-23.763108" lon="-46.55405"><ele>754.282</ele><time>2026-08-03T14:52:06Z</time></trkpt><trkpt lat="-23.763132" lon="-46.554068"><ele>754.067</ele><time>2026-08-03T14:52:07Z</time></trkpt><trkpt lat="-23.763165" lon="-46.554082"><ele>754.041</ele><time>2026-08-03T14:52:08Z</time></trkpt><trkpt lat="-23.76319" lon="-46.554087"><ele>754.090</ele><time>2026-08-03T14:52:09Z</time></trkpt><trkpt lat="-23.76323" lon="-46.554088"><ele>754.039</ele><time>2026-08-03T14:52:10Z</time></trkpt><trkpt lat="-23.763268" lon="-46.554095"><ele>754.046</ele><time>2026-08-03T14:52:11Z</time></trkpt><trkpt lat="-23.763297" lon="-46.554097"><ele>754.088</ele><time>2026-08-03T14:52:12Z</time></trkpt><trkpt lat="-23.763325" lon="-46.554092"><ele>754.016</ele><time>2026-08-03T14:52:13Z</time></trkpt><trkpt lat="-23.76335" lon="-46.554077"><ele>754.009</ele><time>2026-08-03T14:52:14Z</time></trkpt><trkpt lat="-23.763375" lon="-46.554065"><ele>754.036</ele><time>2026-08-03T14:52:15Z</time></trkpt><trkpt lat="-23.7634" lon="-46.55406"><ele>754.081</ele><time>2026-08-03T14:52:16Z</time></trkpt><trkpt lat="-23.76342" lon="-46.55405"><ele>754.011</ele><time>2026-08-03T14:52:17Z</time></trkpt><trkpt lat="-23.763435" lon="-46.55403"><ele>754.019</ele><time>2026-08-03T14:52:18Z</time></trkpt><trkpt lat="-23.763448" lon="-46.554013"><ele>754.083</ele><time>2026-08-03T14:52:19Z</time></trkpt><trkpt lat="-23.763463" lon="-46.553992"><ele>754.058</ele><time>2026-08-03T14:52:20Z</time></trkpt><trkpt lat="-23.763475" lon="-46.553968"><ele>754.062</ele><time>2026-08-03T14:52:21Z</time></trkpt><trkpt lat="-23.76349" lon="-46.553943"><ele>754.281</ele><time>2026-08-03T14:52:22Z</time></trkpt><trkpt lat="-23.763502" lon="-46.553913"><ele>754.640</ele><time>2026-08-03T14:52:23Z</time></trkpt><trkpt lat="-23.763517" lon="-46.553888"><ele>755.216</ele><time>2026-08-03T14:52:24Z</time></trkpt><trkpt lat="-23.763525" lon="-46.553862"><ele>756.776</ele><time>2026-08-03T14:52:25Z</time></trkpt><trkpt lat="-23.763533" lon="-46.553838"><ele>757.813</ele><time>2026-08-03T14:52:26Z</time></trkpt><trkpt lat="-23.763537" lon="-46.553812"><ele>758.009</ele><time>2026-08-03T14:52:27Z</time></trkpt><trkpt lat="-23.763545" lon="-46.553785"><ele>758.173</ele><time>2026-08-03T14:52:28Z</time></trkpt><trkpt lat="-23.76355" lon="-46.553753"><ele>758.248</ele><time>2026-08-03T14:52:29Z</time></trkpt><trkpt lat="-23.763547" lon="-46.553722"><ele>758.448</ele><time>2026-08-03T14:52:30Z</time></trkpt><trkpt lat="-23.763545" lon="-46.553687"><ele>758.926</ele><time>2026-08-03T14:52:31Z</time></trkpt><trkpt lat="-23.763542" lon="-46.553657"><ele>759.490</ele><time>2026-08-03T14:52:32Z</time></trkpt><trkpt lat="-23.763537" lon="-46.553635"><ele>759.565</ele><time>2026-08-03T14:52:33Z</time></trkpt><trkpt lat="-23.763537" lon="-46.55361"><ele>759.669</ele><time>2026-08-03T14:52:34Z</time></trkpt><trkpt lat="-23.763538" lon="-46.553587"><ele>759.728</ele><time>2026-08-03T14:52:35Z</time></trkpt><trkpt lat="-23.763538" lon="-46.553558"><ele>759.757</ele><time>2026-08-03T14:52:36Z</time></trkpt><trkpt lat="-23.763538" lon="-46.553532"><ele>759.755</ele><time>2026-08-03T14:52:37Z</time></trkpt><trkpt lat="-23.763542" lon="-46.5535"><ele>759.707</ele><time>2026-08-03T14:52:38Z</time></trkpt><trkpt lat="-23.763552" lon="-46.553472"><ele>759.717</ele><time>2026-08-03T14:52:39Z</time></trkpt><trkpt lat="-23.763565" lon="-46.553443"><ele>759.709</ele><time>2026-08-03T14:52:40Z</time></trkpt><trkpt lat="-23.763587" lon="-46.553427"><ele>759.747</ele><time>2026-08-03T14:52:41Z</time></trkpt><trkpt lat="-23.763612" lon="-46.553417"><ele>759.772</ele><time>2026-08-03T14:52:42Z</time></trkpt><trkpt lat="-23.763635" lon="-46.553408"><ele>759.712</ele><time>2026-08-03T14:52:43Z</time></trkpt><trkpt lat="-23.763663" lon="-46.553397"><ele>759.780</ele><time>2026-08-03T14:52:44Z</time></trkpt><trkpt lat="-23.76369" lon="-46.55338"><ele>759.714</ele><time>2026-08-03T14:52:45Z</time></trkpt><trkpt lat="-23.76372" lon="-46.553363"><ele>759.749</ele><time>2026-08-03T14:52:46Z</time></trkpt><trkpt lat="-23.763745" lon="-46.553355"><ele>759.673</ele><time>2026-08-03T14:52:47Z</time></trkpt><trkpt lat="-23.763767" lon="-46.553352"><ele>759.662</ele><time>2026-08-03T14:52:48Z</time></trkpt><trkpt lat="-23.763797" lon="-46.553352"><ele>759.661</ele><time>2026-08-03T14:52:49Z</time></trkpt><trkpt lat="-23.763828" lon="-46.553355"><ele>759.574</ele><time>2026-08-03T14:52:50Z</time></trkpt><trkpt lat="-23.763858" lon="-46.553363"><ele>758.756</ele><time>2026-08-03T14:52:51Z</time></trkpt><trkpt lat="-23.763888" lon="-46.553365"><ele>757.921</ele><time>2026-08-03T14:52:52Z</time></trkpt><trkpt lat="-23.763918" lon="-46.553363"><ele>757.409</ele><time>2026-08-03T14:52:53Z</time></trkpt><trkpt lat="-23.763947" lon="-46.55336"><ele>756.939</ele><time>2026-08-03T14:52:54Z</time></trkpt><trkpt lat="-23.763975" lon="-46.553357"><ele>756.544</ele><time>2026-08-03T14:52:55Z</time></trkpt><trkpt lat="-23.764007" lon="-46.553357"><ele>756.134</ele><time>2026-08-03T14:52:56Z</time></trkpt><trkpt lat="-23.764037" lon="-46.553358"><ele>755.832</ele><time>2026-08-03T14:52:57Z</time></trkpt><trkpt lat="-23.764067" lon="-46.553357"><ele>755.296</ele><time>2026-08-03T14:52:58Z</time></trkpt><trkpt lat="-23.764098" lon="-46.553353"><ele>754.531</ele><time>2026-08-03T14:52:59Z</time></trkpt><trkpt lat="-23.764128" lon="-46.553358"><ele>753.715</ele><time>2026-08-03T14:53:00Z</time></trkpt><trkpt lat="-23.764152" lon="-46.553362"><ele>753.154</ele><time>2026-08-03T14:53:01Z</time></trkpt><trkpt lat="-23.764175" lon="-46.553365"><ele>752.763</ele><time>2026-08-03T14:53:02Z</time></trkpt><trkpt lat="-23.764193" lon="-46.553363"><ele>752.366</ele><time>2026-08-03T14:53:03Z</time></trkpt><trkpt lat="-23.764215" lon="-46.553355"><ele>752.029</ele><time>2026-08-03T14:53:04Z</time></trkpt><trkpt lat="-23.76424" lon="-46.55335"><ele>751.621</ele><time>2026-08-03T14:53:05Z</time></trkpt><trkpt lat="-23.764262" lon="-46.553345"><ele>751.209</ele><time>2026-08-03T14:53:06Z</time></trkpt><trkpt lat="-23.764285" lon="-46.553342"><ele>750.918</ele><time>2026-08-03T14:53:07Z</time></trkpt><trkpt lat="-23.764303" lon="-46.553338"><ele>750.513</ele><time>2026-08-03T14:53:08Z</time></trkpt><trkpt lat="-23.764323" lon="-46.553335"><ele>750.213</ele><time>2026-08-03T14:53:09Z</time></trkpt><trkpt lat="-23.764345" lon="-46.553335"><ele>749.871</ele><time>2026-08-03T14:53:10Z</time></trkpt><trkpt lat="-23.764372" lon="-46.553337"><ele>749.395</ele><time>2026-08-03T14:53:11Z</time></trkpt><trkpt lat="-23.7644" lon="-46.553338"><ele>748.720</ele><time>2026-08-03T14:53:12Z</time></trkpt><trkpt lat="-23.764427" lon="-46.55334"><ele>748.264</ele><time>2026-08-03T14:53:13Z</time></trkpt><trkpt lat="-23.764443" lon="-46.553345"><ele>747.823</ele><time>2026-08-03T14:53:14Z</time></trkpt><trkpt lat="-23.764462" lon="-46.553353"><ele>747.482</ele><time>2026-08-03T14:53:15Z</time></trkpt><trkpt lat="-23.764487" lon="-46.553372"><ele>747.319</ele><time>2026-08-03T14:53:16Z</time></trkpt><trkpt lat="-23.76451" lon="-46.553387"><ele>747.209</ele><time>2026-08-03T14:53:17Z</time></trkpt><trkpt lat="-23.76453" lon="-46.553397"><ele>747.119</ele><time>2026-08-03T14:53:18Z</time></trkpt><trkpt lat="-23.764557" lon="-46.5534"><ele>746.909</ele><time>2026-08-03T14:53:19Z</time></trkpt><trkpt lat="-23.764585" lon="-46.553403"><ele>746.973</ele><time>2026-08-03T14:53:20Z</time></trkpt><trkpt lat="-23.76461" lon="-46.553408"><ele>746.938</ele><time>2026-08-03T14:53:21Z</time></trkpt><trkpt lat="-23.764643" lon="-46.553403"><ele>746.838</ele><time>2026-08-03T14:53:22Z</time></trkpt><trkpt lat="-23.764672" lon="-46.5534"><ele>746.826</ele><time>2026-08-03T14:53:23Z</time></trkpt><trkpt lat="-23.764702" lon="-46.553398"><ele>746.730</ele><time>2026-08-03T14:53:24Z</time></trkpt><trkpt lat="-23.76473" lon="-46.553397"><ele>746.545</ele><time>2026-08-03T14:53:25Z</time></trkpt><trkpt lat="-23.764765" lon="-46.553402"><ele>746.349</ele><time>2026-08-03T14:53:26Z</time></trkpt><trkpt lat="-23.764782" lon="-46.553398"><ele>746.218</ele><time>2026-08-03T14:53:27Z</time></trkpt><trkpt lat="-23.764813" lon="-46.553407"><ele>746.097</ele><time>2026-08-03T14:53:28Z</time></trkpt><trkpt lat="-23.76482" lon="-46.553423"><ele>745.867</ele><time>2026-08-03T14:53:29Z</time></trkpt><trkpt lat="-23.764837" lon="-46.553425"><ele>745.381</ele><time>2026-08-03T14:53:30Z</time></trkpt><trkpt lat="-23.764853" lon="-46.553433"><ele>744.719</ele><time>2026-08-03T14:53:31Z</time></trkpt><trkpt lat="-23.764872" lon="-46.553437"><ele>744.509</ele><time>2026-08-03T14:53:32Z</time></trkpt><trkpt lat="-23.764887" lon="-46.553442"><ele>744.488</ele><time>2026-08-03T14:53:33Z</time></trkpt><trkpt lat="-23.7649" lon="-46.553443"><ele>744.293</ele><time>2026-08-03T14:53:34Z</time></trkpt><trkpt lat="-23.764932" lon="-46.553455"><ele>744.153</ele><time>2026-08-03T14:53:35Z</time></trkpt><trkpt lat="-23.76497" lon="-46.553465"><ele>744.081</ele><time>2026-08-03T14:53:36Z</time></trkpt><trkpt lat="-23.765002" lon="-46.553472"><ele>743.885</ele><time>2026-08-03T14:53:37Z</time></trkpt><trkpt lat="-23.765028" lon="-46.55347"><ele>743.640</ele><time>2026-08-03T14:53:38Z</time></trkpt><trkpt lat="-23.765057" lon="-46.553467"><ele>743.184</ele><time>2026-08-03T14:53:39Z</time></trkpt><trkpt lat="-23.765095" lon="-46.553457"><ele>742.893</ele><time>2026-08-03T14:53:40Z</time></trkpt><trkpt lat="-23.765128" lon="-46.553453"><ele>742.042</ele><time>2026-08-03T14:53:41Z</time></trkpt><trkpt lat="-23.765165" lon="-46.553453"><ele>740.734</ele><time>2026-08-03T14:53:42Z</time></trkpt><trkpt lat="-23.765193" lon="-46.553453"><ele>739.355</ele><time>2026-08-03T14:53:43Z</time></trkpt><trkpt lat="-23.765225" lon="-46.553448"><ele>738.110</ele><time>2026-08-03T14:53:44Z</time></trkpt><trkpt lat="-23.765262" lon="-46.553442"><ele>737.109</ele><time>2026-08-03T14:53:45Z</time></trkpt><trkpt lat="-23.765287" lon="-46.553427"><ele>736.665</ele><time>2026-08-03T14:53:46Z</time></trkpt><trkpt lat="-23.76531" lon="-46.55342"><ele>736.630</ele><time>2026-08-03T14:53:47Z</time></trkpt><trkpt lat="-23.765337" lon="-46.553417"><ele>736.610</ele><time>2026-08-03T14:53:48Z</time></trkpt><trkpt lat="-23.765375" lon="-46.553418"><ele>736.658</ele><time>2026-08-03T14:53:49Z</time></trkpt><trkpt lat="-23.765407" lon="-46.55342"><ele>736.682</ele><time>2026-08-03T14:53:50Z</time></trkpt><trkpt lat="-23.76544" lon="-46.553423"><ele>736.627</ele><time>2026-08-03T14:53:51Z</time></trkpt><trkpt lat="-23.765477" lon="-46.55343"><ele>736.681</ele><time>2026-08-03T14:53:52Z</time></trkpt><trkpt lat="-23.765508" lon="-46.553432"><ele>736.680</ele><time>2026-08-03T14:53:53Z</time></trkpt><trkpt lat="-23.765537" lon="-46.553428"><ele>736.669</ele><time>2026-08-03T14:53:54Z</time></trkpt><trkpt lat="-23.765573" lon="-46.553428"><ele>736.647</ele><time>2026-08-03T14:53:55Z</time></trkpt><trkpt lat="-23.765603" lon="-46.553433"><ele>736.629</ele><time>2026-08-03T14:53:56Z</time></trkpt><trkpt lat="-23.765633" lon="-46.553438"><ele>736.621</ele><time>2026-08-03T14:53:57Z</time></trkpt><trkpt lat="-23.765667" lon="-46.553435"><ele>736.609</ele><time>2026-08-03T14:53:58Z</time></trkpt><trkpt lat="-23.765695" lon="-46.553438"><ele>736.696</ele><time>2026-08-03T14:53:59Z</time></trkpt><trkpt lat="-23.765723" lon="-46.55344"><ele>736.621</ele><time>2026-08-03T14:54:00Z</time></trkpt><trkpt lat="-23.765753" lon="-46.553447"><ele>736.751</ele><time>2026-08-03T14:54:01Z</time></trkpt><trkpt lat="-23.765778" lon="-46.553442"><ele>736.739</ele><time>2026-08-03T14:54:02Z</time></trkpt><trkpt lat="-23.765802" lon="-46.55344"><ele>736.823</ele><time>2026-08-03T14:54:03Z</time></trkpt><trkpt lat="-23.765825" lon="-46.553438"><ele>736.978</ele><time>2026-08-03T14:54:04Z</time></trkpt><trkpt lat="-23.765852" lon="-46.55344"><ele>737.112</ele><time>2026-08-03T14:54:05Z</time></trkpt><trkpt lat="-23.765878" lon="-46.553442"><ele>737.391</ele><time>2026-08-03T14:54:06Z</time></trkpt><trkpt lat="-23.765907" lon="-46.553443"><ele>737.540</ele><time>2026-08-03T14:54:07Z</time></trkpt><trkpt lat="-23.765932" lon="-46.553443"><ele>737.987</ele><time>2026-08-03T14:54:08Z</time></trkpt><trkpt lat="-23.765947" lon="-46.553447"><ele>738.742</ele><time>2026-08-03T14:54:09Z</time></trkpt><trkpt lat="-23.765967" lon="-46.553448"><ele>739.726</ele><time>2026-08-03T14:54:10Z</time></trkpt><trkpt lat="-23.765988" lon="-46.553458"><ele>740.609</ele><time>2026-08-03T14:54:11Z</time></trkpt><trkpt lat="-23.766005" lon="-46.553453"><ele>741.840</ele><time>2026-08-03T14:54:12Z</time></trkpt><trkpt lat="-23.766015" lon="-46.553447"><ele>743.075</ele><time>2026-08-03T14:54:13Z</time></trkpt><trkpt lat="-23.766038" lon="-46.553448"><ele>744.125</ele><time>2026-08-03T14:54:14Z</time></trkpt><trkpt lat="-23.766065" lon="-46.553465"><ele>745.013</ele><time>2026-08-03T14:54:15Z</time></trkpt><trkpt lat="-23.766093" lon="-46.553475"><ele>746.057</ele><time>2026-08-03T14:54:16Z</time></trkpt><trkpt lat="-23.766115" lon="-46.553487"><ele>746.962</ele><time>2026-08-03T14:54:17Z</time></trkpt><trkpt lat="-23.766153" lon="-46.553518"><ele>747.676</ele><time>2026-08-03T14:54:18Z</time></trkpt><trkpt lat="-23.766175" lon="-46.553538"><ele>748.575</ele><time>2026-08-03T14:54:19Z</time></trkpt><trkpt lat="-23.766198" lon="-46.553537"><ele>749.654</ele><time>2026-08-03T14:54:20Z</time></trkpt><trkpt lat="-23.766222" lon="-46.553527"><ele>750.684</ele><time>2026-08-03T14:54:21Z</time></trkpt><trkpt lat="-23.766242" lon="-46.553515"><ele>751.307</ele><time>2026-08-03T14:54:22Z</time></trkpt><trkpt lat="-23.766267" lon="-46.553503"><ele>751.917</ele><time>2026-08-03T14:54:23Z</time></trkpt><trkpt lat="-23.766288" lon="-46.553503"><ele>752.609</ele><time>2026-08-03T14:54:24Z</time></trkpt><trkpt lat="-23.766312" lon="-46.55353"><ele>753.430</ele><time>2026-08-03T14:54:25Z</time></trkpt><trkpt lat="-23.766335" lon="-46.553552"><ele>754.295</ele><time>2026-08-03T14:54:26Z</time></trkpt><trkpt lat="-23.766373" lon="-46.553588"><ele>754.665</ele><time>2026-08-03T14:54:27Z</time></trkpt><trkpt lat="-23.766422" lon="-46.553625"><ele>754.953</ele><time>2026-08-03T14:54:28Z</time></trkpt><trkpt lat="-23.766455" lon="-46.553652"><ele>755.287</ele><time>2026-08-03T14:54:29Z</time></trkpt><trkpt lat="-23.766482" lon="-46.553698"><ele>755.362</ele><time>2026-08-03T14:54:30Z</time></trkpt><trkpt lat="-23.7665" lon="-46.553717"><ele>755.416</ele><time>2026-08-03T14:54:31Z</time></trkpt><trkpt lat="-23.766522" lon="-46.553743"><ele>755.595</ele><time>2026-08-03T14:54:32Z</time></trkpt><trkpt lat="-23.766538" lon="-46.553768"><ele>755.724</ele><time>2026-08-03T14:54:33Z</time></trkpt><trkpt lat="-23.766545" lon="-46.553788"><ele>755.745</ele><time>2026-08-03T14:54:34Z</time></trkpt><trkpt lat="-23.766553" lon="-46.553807"><ele>755.847</ele><time>2026-08-03T14:54:35Z</time></trkpt><trkpt lat="-23.766558" lon="-46.553825"><ele>755.811</ele><time>2026-08-03T14:54:36Z</time></trkpt><trkpt lat="-23.766555" lon="-46.553838"><ele>755.909</ele><time>2026-08-03T14:54:37Z</time></trkpt><trkpt lat="-23.766572" lon="-46.55385"><ele>755.976</ele><time>2026-08-03T14:54:38Z</time></trkpt><trkpt lat="-23.766608" lon="-46.553847"><ele>755.941</ele><time>2026-08-03T14:54:39Z</time></trkpt><trkpt lat="-23.766637" lon="-46.55385"><ele>755.971</ele><time>2026-08-03T14:54:40Z</time></trkpt><trkpt lat="-23.766652" lon="-46.553862"><ele>755.939</ele><time>2026-08-03T14:54:41Z</time></trkpt><trkpt lat="-23.766655" lon="-46.553875"><ele>755.913</ele><time>2026-08-03T14:54:42Z</time></trkpt><trkpt lat="-23.766658" lon="-46.553888"><ele>755.928</ele><time>2026-08-03T14:54:43Z</time></trkpt><trkpt lat="-23.766663" lon="-46.553905"><ele>755.952</ele><time>2026-08-03T14:54:44Z</time></trkpt><trkpt lat="-23.76667" lon="-46.553928"><ele>755.941</ele><time>2026-08-03T14:54:45Z</time></trkpt><trkpt lat="-23.766685" lon="-46.55395"><ele>755.920</ele><time>2026-08-03T14:54:46Z</time></trkpt><trkpt lat="-23.766702" lon="-46.553977"><ele>755.991</ele><time>2026-08-03T14:54:47Z</time></trkpt><trkpt lat="-23.766715" lon="-46.554008"><ele>755.981</ele><time>2026-08-03T14:54:48Z</time></trkpt><trkpt lat="-23.766717" lon="-46.55403"><ele>755.819</ele><time>2026-08-03T14:54:49Z</time></trkpt><trkpt lat="-23.766722" lon="-46.554053"><ele>755.809</ele><time>2026-08-03T14:54:50Z</time></trkpt><trkpt lat="-23.766722" lon="-46.554085"><ele>755.811</ele><time>2026-08-03T14:54:51Z</time></trkpt><trkpt lat="-23.766725" lon="-46.554112"><ele>755.726</ele><time>2026-08-03T14:54:52Z</time></trkpt><trkpt lat="-23.766733" lon="-46.55415"><ele>755.586</ele><time>2026-08-03T14:54:53Z</time></trkpt><trkpt lat="-23.766738" lon="-46.554177"><ele>754.944</ele><time>2026-08-03T14:54:54Z</time></trkpt><trkpt lat="-23.76674" lon="-46.554203"><ele>754.258</ele><time>2026-08-03T14:54:55Z</time></trkpt><trkpt lat="-23.76674" lon="-46.55423"><ele>753.813</ele><time>2026-08-03T14:54:56Z</time></trkpt><trkpt lat="-23.766738" lon="-46.554253"><ele>753.467</ele><time>2026-08-03T14:54:57Z</time></trkpt><trkpt lat="-23.766737" lon="-46.554275"><ele>753.146</ele><time>2026-08-03T14:54:58Z</time></trkpt><trkpt lat="-23.766732" lon="-46.554298"><ele>753.135</ele><time>2026-08-03T14:54:59Z</time></trkpt><trkpt lat="-23.766725" lon="-46.554318"><ele>753.124</ele><time>2026-08-03T14:55:00Z</time></trkpt><trkpt lat="-23.76673" lon="-46.554338"><ele>753.104</ele><time>2026-08-03T14:55:01Z</time></trkpt><trkpt lat="-23.766738" lon="-46.554352"><ele>753.114</ele><time>2026-08-03T14:55:02Z</time></trkpt><trkpt lat="-23.766745" lon="-46.554368"><ele>753.109</ele><time>2026-08-03T14:55:03Z</time></trkpt><trkpt lat="-23.76675" lon="-46.554388"><ele>753.194</ele><time>2026-08-03T14:55:04Z</time></trkpt><trkpt lat="-23.766748" lon="-46.554402"><ele>753.169</ele><time>2026-08-03T14:55:05Z</time></trkpt><trkpt lat="-23.76675" lon="-46.554427"><ele>753.199</ele><time>2026-08-03T14:55:06Z</time></trkpt><trkpt lat="-23.76675" lon="-46.554455"><ele>753.187</ele><time>2026-08-03T14:55:07Z</time></trkpt><trkpt lat="-23.766748" lon="-46.554483"><ele>753.141</ele><time>2026-08-03T14:55:08Z</time></trkpt><trkpt lat="-23.766753" lon="-46.554515"><ele>753.116</ele><time>2026-08-03T14:55:09Z</time></trkpt><trkpt lat="-23.766755" lon="-46.55454"><ele>753.130</ele><time>2026-08-03T14:55:10Z</time></trkpt><trkpt lat="-23.766767" lon="-46.554573"><ele>753.159</ele><time>2026-08-03T14:55:11Z</time></trkpt><trkpt lat="-23.766772" lon="-46.554612"><ele>753.198</ele><time>2026-08-03T14:55:12Z</time></trkpt><trkpt lat="-23.766767" lon="-46.55464"><ele>753.228</ele><time>2026-08-03T14:55:13Z</time></trkpt><trkpt lat="-23.766763" lon="-46.554667"><ele>753.489</ele><time>2026-08-03T14:55:14Z</time></trkpt><trkpt lat="-23.766743" lon="-46.55469"><ele>753.517</ele><time>2026-08-03T14:55:15Z</time></trkpt><trkpt lat="-23.76674" lon="-46.554707"><ele>753.909</ele><time>2026-08-03T14:55:16Z</time></trkpt><trkpt lat="-23.76674" lon="-46.55472"><ele>754.334</ele><time>2026-08-03T14:55:17Z</time></trkpt><trkpt lat="-23.76674" lon="-46.554737"><ele>754.589</ele><time>2026-08-03T14:55:18Z</time></trkpt><trkpt lat="-23.76673" lon="-46.55477"><ele>754.849</ele><time>2026-08-03T14:55:19Z</time></trkpt><trkpt lat="-23.766723" lon="-46.554788"><ele>755.057</ele><time>2026-08-03T14:55:20Z</time></trkpt><trkpt lat="-23.766707" lon="-46.554807"><ele>755.011</ele><time>2026-08-03T14:55:21Z</time></trkpt><trkpt lat="-23.766693" lon="-46.554818"><ele>755.426</ele><time>2026-08-03T14:55:22Z</time></trkpt><trkpt lat="-23.76668" lon="-46.554832"><ele>756.390</ele><time>2026-08-03T14:55:23Z</time></trkpt><trkpt lat="-23.766667" lon="-46.554845"><ele>756.959</ele><time>2026-08-03T14:55:24Z</time></trkpt><trkpt lat="-23.766657" lon="-46.554863"><ele>757.338</ele><time>2026-08-03T14:55:25Z</time></trkpt><trkpt lat="-23.76665" lon="-46.554875"><ele>757.823</ele><time>2026-08-03T14:55:26Z</time></trkpt><trkpt lat="-23.766643" lon="-46.554888"><ele>758.283</ele><time>2026-08-03T14:55:27Z</time></trkpt><trkpt lat="-23.766638" lon="-46.554903"><ele>758.411</ele><time>2026-08-03T14:55:28Z</time></trkpt><trkpt lat="-23.766643" lon="-46.554915"><ele>758.909</ele><time>2026-08-03T14:55:29Z</time></trkpt><trkpt lat="-23.766642" lon="-46.554932"><ele>759.974</ele><time>2026-08-03T14:55:30Z</time></trkpt><trkpt lat="-23.766638" lon="-46.554947"><ele>760.739</ele><time>2026-08-03T14:55:31Z</time></trkpt><trkpt lat="-23.766635" lon="-46.55497"><ele>761.159</ele><time>2026-08-03T14:55:33Z</time></trkpt><trkpt lat="-23.766632" lon="-46.55498"><ele>761.327</ele><time>2026-08-03T14:55:34Z</time></trkpt><trkpt lat="-23.766623" lon="-46.554997"><ele>761.411</ele><time>2026-08-03T14:55:36Z</time></trkpt><trkpt lat="-23.766628" lon="-46.55501"><ele>761.616</ele><time>2026-08-03T14:55:37Z</time></trkpt><trkpt lat="-23.766642" lon="-46.555022"><ele>761.950</ele><time>2026-08-03T14:55:39Z</time></trkpt><trkpt lat="-23.766633" lon="-46.555028"><ele>762.429</ele><time>2026-08-03T14:55:40Z</time></trkpt><trkpt lat="-23.766623" lon="-46.555045"><ele>762.928</ele><time>2026-08-03T14:55:41Z</time></trkpt><trkpt lat="-23.766618" lon="-46.555058"><ele>763.566</ele><time>2026-08-03T14:55:42Z</time></trkpt><trkpt lat="-23.766613" lon="-46.555075"><ele>764.129</ele><time>2026-08-03T14:55:43Z</time></trkpt><trkpt lat="-23.766613" lon="-46.555092"><ele>764.621</ele><time>2026-08-03T14:55:44Z</time></trkpt><trkpt lat="-23.766617" lon="-46.555103"><ele>764.909</ele><time>2026-08-03T14:55:45Z</time></trkpt><trkpt lat="-23.766615" lon="-46.555118"><ele>765.588</ele><time>2026-08-03T14:55:46Z</time></trkpt><trkpt lat="-23.766625" lon="-46.555125"><ele>766.113</ele><time>2026-08-03T14:55:47Z</time></trkpt><trkpt lat="-23.76664" lon="-46.555142"><ele>766.513</ele><time>2026-08-03T14:55:48Z</time></trkpt><trkpt lat="-23.766643" lon="-46.555155"><ele>767.211</ele><time>2026-08-03T14:55:49Z</time></trkpt><trkpt lat="-23.76664" lon="-46.555172"><ele>767.965</ele><time>2026-08-03T14:55:50Z</time></trkpt><trkpt lat="-23.766635" lon="-46.555192"><ele>768.920</ele><time>2026-08-03T14:55:51Z</time></trkpt><trkpt lat="-23.766625" lon="-46.55521"><ele>769.814</ele><time>2026-08-03T14:55:52Z</time></trkpt><trkpt lat="-23.766615" lon="-46.55523"><ele>770.923</ele><time>2026-08-03T14:55:53Z</time></trkpt><trkpt lat="-23.766608" lon="-46.555257"><ele>772.112</ele><time>2026-08-03T14:55:54Z</time></trkpt><trkpt lat="-23.766608" lon="-46.555283"><ele>772.925</ele><time>2026-08-03T14:55:55Z</time></trkpt><trkpt lat="-23.76661" lon="-46.555322"><ele>773.426</ele><time>2026-08-03T14:55:56Z</time></trkpt><trkpt lat="-23.766617" lon="-46.55534"><ele>773.708</ele><time>2026-08-03T14:55:57Z</time></trkpt><trkpt lat="-23.766597" lon="-46.55536"><ele>773.909</ele><time>2026-08-03T14:55:58Z</time></trkpt><trkpt lat="-23.766595" lon="-46.555397"><ele>773.944</ele><time>2026-08-03T14:55:59Z</time></trkpt><trkpt lat="-23.766593" lon="-46.55542"><ele>774.199</ele><time>2026-08-03T14:56:00Z</time></trkpt><trkpt lat="-23.766595" lon="-46.555443"><ele>774.369</ele><time>2026-08-03T14:56:01Z</time></trkpt><trkpt lat="-23.766595" lon="-46.555472"><ele>774.587</ele><time>2026-08-03T14:56:02Z</time></trkpt><trkpt lat="-23.76659" lon="-46.555487"><ele>774.681</ele><time>2026-08-03T14:56:03Z</time></trkpt><trkpt lat="-23.766587" lon="-46.555503"><ele>774.816</ele><time>2026-08-03T14:56:04Z</time></trkpt><trkpt lat="-23.766588" lon="-46.555527"><ele>775.120</ele><time>2026-08-03T14:56:05Z</time></trkpt><trkpt lat="-23.766593" lon="-46.555542"><ele>775.259</ele><time>2026-08-03T14:56:06Z</time></trkpt><trkpt lat="-23.766602" lon="-46.555555"><ele>775.658</ele><time>2026-08-03T14:56:07Z</time></trkpt><trkpt lat="-23.766607" lon="-46.55557"><ele>776.258</ele><time>2026-08-03T14:56:08Z</time></trkpt><trkpt lat="-23.766608" lon="-46.555582"><ele>776.952</ele><time>2026-08-03T14:56:09Z</time></trkpt><trkpt lat="-23.7666" lon="-46.555593"><ele>777.717</ele><time>2026-08-03T14:56:10Z</time></trkpt><trkpt lat="-23.766587" lon="-46.555603"><ele>778.409</ele><time>2026-08-03T14:56:11Z</time></trkpt><trkpt lat="-23.76658" lon="-46.55561"><ele>779.157</ele><time>2026-08-03T14:56:12Z</time></trkpt><trkpt lat="-23.766567" lon="-46.55562"><ele>780.382</ele><time>2026-08-03T14:56:13Z</time></trkpt><trkpt lat="-23.76656" lon="-46.555627"><ele>781.522</ele><time>2026-08-03T14:56:14Z</time></trkpt><trkpt lat="-23.76655" lon="-46.555635"><ele>782.430</ele><time>2026-08-03T14:56:15Z</time></trkpt><trkpt lat="-23.766528" lon="-46.555635"><ele>783.454</ele><time>2026-08-03T14:56:16Z</time></trkpt><trkpt lat="-23.766517" lon="-46.555635"><ele>784.329</ele><time>2026-08-03T14:56:17Z</time></trkpt><trkpt lat="-23.766527" lon="-46.555622"><ele>785.323</ele><time>2026-08-03T14:56:18Z</time></trkpt><trkpt lat="-23.766527" lon="-46.555608"><ele>786.452</ele><time>2026-08-03T14:56:19Z</time></trkpt><trkpt lat="-23.76651" lon="-46.555623"><ele>787.921</ele><time>2026-08-03T14:56:23Z</time></trkpt><trkpt lat="-23.76651" lon="-46.555655"><ele>789.467</ele><time>2026-08-03T14:56:24Z</time></trkpt><trkpt lat="-23.76651" lon="-46.555695"><ele>790.881</ele><time>2026-08-03T14:56:25Z</time></trkpt><trkpt lat="-23.766515" lon="-46.555738"><ele>791.919</ele><time>2026-08-03T14:56:26Z</time></trkpt><trkpt lat="-23.766522" lon="-46.55577"><ele>792.709</ele><time>2026-08-03T14:56:27Z</time></trkpt><trkpt lat="-23.766527" lon="-46.555803"><ele>793.658</ele><time>2026-08-03T14:56:28Z</time></trkpt><trkpt lat="-23.766525" lon="-46.555837"><ele>794.553</ele><time>2026-08-03T14:56:29Z</time></trkpt><trkpt lat="-23.766532" lon="-46.555855"><ele>795.343</ele><time>2026-08-03T14:56:30Z</time></trkpt><trkpt lat="-23.766535" lon="-46.555875"><ele>796.061</ele><time>2026-08-03T14:56:31Z</time></trkpt><trkpt lat="-23.766537" lon="-46.555897"><ele>796.045</ele><time>2026-08-03T14:56:32Z</time></trkpt><trkpt lat="-23.766537" lon="-46.555918"><ele>796.060</ele><time>2026-08-03T14:56:33Z</time></trkpt><trkpt lat="-23.766523" lon="-46.555935"><ele>796.084</ele><time>2026-08-03T14:56:34Z</time></trkpt><trkpt lat="-23.766542" lon="-46.55597"><ele>796.063</ele><time>2026-08-03T14:56:35Z</time></trkpt><trkpt lat="-23.766532" lon="-46.555997"><ele>796.082</ele><time>2026-08-03T14:56:36Z</time></trkpt><trkpt lat="-23.766528" lon="-46.556017"><ele>796.094</ele><time>2026-08-03T14:56:37Z</time></trkpt><trkpt lat="-23.766525" lon="-46.556033"><ele>796.057</ele><time>2026-08-03T14:56:38Z</time></trkpt><trkpt lat="-23.766497" lon="-46.556027"><ele>796.022</ele><time>2026-08-03T14:56:39Z</time></trkpt><trkpt lat="-23.76649" lon="-46.556057"><ele>796.009</ele><time>2026-08-03T14:56:40Z</time></trkpt><trkpt lat="-23.766492" lon="-46.556075"><ele>796.071</ele><time>2026-08-03T14:56:41Z</time></trkpt><trkpt lat="-23.766497" lon="-46.55609"><ele>796.066</ele><time>2026-08-03T14:56:42Z</time></trkpt><trkpt lat="-23.766507" lon="-46.556117"><ele>796.066</ele><time>2026-08-03T14:56:43Z</time></trkpt><trkpt lat="-23.76651" lon="-46.556142"><ele>796.044</ele><time>2026-08-03T14:56:44Z</time></trkpt><trkpt lat="-23.766512" lon="-46.556165"><ele>796.038</ele><time>2026-08-03T14:56:45Z</time></trkpt><trkpt lat="-23.766513" lon="-46.556197"><ele>796.043</ele><time>2026-08-03T14:56:46Z</time></trkpt><trkpt lat="-23.76652" lon="-46.556232"><ele>795.517</ele><time>2026-08-03T14:56:47Z</time></trkpt><trkpt lat="-23.766527" lon="-46.556267"><ele>795.226</ele><time>2026-08-03T14:56:48Z</time></trkpt><trkpt lat="-23.766537" lon="-46.556292"><ele>794.815</ele><time>2026-08-03T14:56:49Z</time></trkpt><trkpt lat="-23.766543" lon="-46.556318"><ele>794.382</ele><time>2026-08-03T14:56:50Z</time></trkpt><trkpt lat="-23.766548" lon="-46.556333"><ele>793.943</ele><time>2026-08-03T14:56:51Z</time></trkpt><trkpt lat="-23.76655" lon="-46.556358"><ele>793.817</ele><time>2026-08-03T14:56:52Z</time></trkpt><trkpt lat="-23.766552" lon="-46.556377"><ele>793.209</ele><time>2026-08-03T14:56:53Z</time></trkpt><trkpt lat="-23.76655" lon="-46.556387"><ele>792.460</ele><time>2026-08-03T14:56:54Z</time></trkpt><trkpt lat="-23.76654" lon="-46.556402"><ele>792.325</ele><time>2026-08-03T14:56:55Z</time></trkpt><trkpt lat="-23.76653" lon="-46.556422"><ele>792.165</ele><time>2026-08-03T14:56:56Z</time></trkpt><trkpt lat="-23.766542" lon="-46.556435"><ele>791.833</ele><time>2026-08-03T14:56:57Z</time></trkpt><trkpt lat="-23.766542" lon="-46.556448"><ele>791.827</ele><time>2026-08-03T14:56:59Z</time></trkpt><trkpt lat="-23.766508" lon="-46.556467"><ele>791.792</ele><time>2026-08-03T14:57:00Z</time></trkpt><trkpt lat="-23.766488" lon="-46.556473"><ele>791.636</ele><time>2026-08-03T14:57:01Z</time></trkpt><trkpt lat="-23.766473" lon="-46.556492"><ele>791.455</ele><time>2026-08-03T14:57:02Z</time></trkpt><trkpt lat="-23.76649" lon="-46.556513"><ele>791.434</ele><time>2026-08-03T14:57:03Z</time></trkpt><trkpt lat="-23.766507" lon="-46.556538"><ele>791.399</ele><time>2026-08-03T14:57:04Z</time></trkpt><trkpt lat="-23.766515" lon="-46.556563"><ele>791.207</ele><time>2026-08-03T14:57:05Z</time></trkpt><trkpt lat="-23.766518" lon="-46.55659"><ele>791.127</ele><time>2026-08-03T14:57:06Z</time></trkpt><trkpt lat="-23.766513" lon="-46.556605"><ele>790.909</ele><time>2026-08-03T14:57:07Z</time></trkpt><trkpt lat="-23.76651" lon="-46.556625"><ele>790.741</ele><time>2026-08-03T14:57:08Z</time></trkpt><trkpt lat="-23.766508" lon="-46.556642"><ele>790.716</ele><time>2026-08-03T14:57:09Z</time></trkpt><trkpt lat="-23.766502" lon="-46.55665"><ele>790.646</ele><time>2026-08-03T14:57:10Z</time></trkpt><trkpt lat="-23.76649" lon="-46.556665"><ele>790.434</ele><time>2026-08-03T14:57:11Z</time></trkpt><trkpt lat="-23.766488" lon="-46.55669"><ele>790.248</ele><time>2026-08-03T14:57:12Z</time></trkpt><trkpt lat="-23.766485" lon="-46.55671"><ele>789.563</ele><time>2026-08-03T14:57:13Z</time></trkpt><trkpt lat="-23.766483" lon="-46.556728"><ele>788.627</ele><time>2026-08-03T14:57:14Z</time></trkpt><trkpt lat="-23.766478" lon="-46.556743"><ele>788.266</ele><time>2026-08-03T14:57:15Z</time></trkpt><trkpt lat="-23.766472" lon="-46.556757"><ele>787.835</ele><time>2026-08-03T14:57:16Z</time></trkpt><trkpt lat="-23.766467" lon="-46.556773"><ele>787.512</ele><time>2026-08-03T14:57:17Z</time></trkpt><trkpt lat="-23.766453" lon="-46.556773"><ele>787.532</ele><time>2026-08-03T14:57:18Z</time></trkpt><trkpt lat="-23.7664" lon="-46.556757"><ele>787.405</ele><time>2026-08-03T14:57:19Z</time></trkpt><trkpt lat="-23.766383" lon="-46.556765"><ele>787.409</ele><time>2026-08-03T14:57:20Z</time></trkpt><trkpt lat="-23.766363" lon="-46.556775"><ele>787.143</ele><time>2026-08-03T14:57:21Z</time></trkpt><trkpt lat="-23.766347" lon="-46.556783"><ele>786.848</ele><time>2026-08-03T14:57:22Z</time></trkpt><trkpt lat="-23.766318" lon="-46.556782"><ele>786.358</ele><time>2026-08-03T14:57:23Z</time></trkpt><trkpt lat="-23.766308" lon="-46.556787"><ele>785.566</ele><time>2026-08-03T14:57:24Z</time></trkpt><trkpt lat="-23.766302" lon="-46.556798"><ele>784.690</ele><time>2026-08-03T14:57:25Z</time></trkpt><trkpt lat="-23.766293" lon="-46.556803"><ele>783.755</ele><time>2026-08-03T14:57:26Z</time></trkpt><trkpt lat="-23.766278" lon="-46.556808"><ele>783.279</ele><time>2026-08-03T14:57:27Z</time></trkpt><trkpt lat="-23.766263" lon="-46.556813"><ele>783.148</ele><time>2026-08-03T14:57:30Z</time></trkpt><trkpt lat="-23.76625" lon="-46.556808"><ele>783.027</ele><time>2026-08-03T14:57:31Z</time></trkpt><trkpt lat="-23.766233" lon="-46.556802"><ele>782.952</ele><time>2026-08-03T14:57:32Z</time></trkpt><trkpt lat="-23.766208" lon="-46.556818"><ele>782.753</ele><time>2026-08-03T14:57:33Z</time></trkpt><trkpt lat="-23.766192" lon="-46.556837"><ele>782.508</ele><time>2026-08-03T14:57:34Z</time></trkpt><trkpt lat="-23.766177" lon="-46.556848"><ele>776.809</ele><time>2026-08-03T14:57:35Z</time></trkpt><trkpt lat="-23.766157" lon="-46.556867"><ele>771.297</ele><time>2026-08-03T14:57:36Z</time></trkpt><trkpt lat="-23.766135" lon="-46.556885"><ele>770.362</ele><time>2026-08-03T14:57:37Z</time></trkpt><trkpt lat="-23.76612" lon="-46.5569"><ele>769.212</ele><time>2026-08-03T14:57:38Z</time></trkpt><trkpt lat="-23.766107" lon="-46.556905"><ele>766.880</ele><time>2026-08-03T14:57:39Z</time></trkpt><trkpt lat="-23.766102" lon="-46.556925"><ele>764.894</ele><time>2026-08-03T14:57:40Z</time></trkpt><trkpt lat="-23.766095" lon="-46.556933"><ele>764.859</ele><time>2026-08-03T14:57:41Z</time></trkpt><trkpt lat="-23.766073" lon="-46.556937"><ele>764.893</ele><time>2026-08-03T14:57:42Z</time></trkpt><trkpt lat="-23.766053" lon="-46.55694"><ele>764.872</ele><time>2026-08-03T14:57:43Z</time></trkpt><trkpt lat="-23.766047" lon="-46.556953"><ele>764.861</ele><time>2026-08-03T14:57:44Z</time></trkpt><trkpt lat="-23.76604" lon="-46.556965"><ele>764.861</ele><time>2026-08-03T14:57:45Z</time></trkpt><trkpt lat="-23.766033" lon="-46.556973"><ele>764.821</ele><time>2026-08-03T14:57:46Z</time></trkpt><trkpt lat="-23.766023" lon="-46.556988"><ele>764.813</ele><time>2026-08-03T14:57:47Z</time></trkpt><trkpt lat="-23.766013" lon="-46.557005"><ele>764.809</ele><time>2026-08-03T14:57:48Z</time></trkpt><trkpt lat="-23.766005" lon="-46.557012"><ele>764.818</ele><time>2026-08-03T14:57:49Z</time></trkpt><trkpt lat="-23.765992" lon="-46.557007"><ele>764.843</ele><time>2026-08-03T14:57:50Z</time></trkpt><trkpt lat="-23.765978" lon="-46.556985"><ele>764.823</ele><time>2026-08-03T14:57:51Z</time></trkpt><trkpt lat="-23.765957" lon="-46.556967"><ele>764.821</ele><time>2026-08-03T14:57:52Z</time></trkpt><trkpt lat="-23.765938" lon="-46.556957"><ele>764.825</ele><time>2026-08-03T14:57:54Z</time></trkpt><trkpt lat="-23.765932" lon="-46.556943"><ele>764.810</ele><time>2026-08-03T14:57:55Z</time></trkpt><trkpt lat="-23.765932" lon="-46.556918"><ele>765.144</ele><time>2026-08-03T14:57:56Z</time></trkpt><trkpt lat="-23.765933" lon="-46.5569"><ele>765.393</ele><time>2026-08-03T14:57:57Z</time></trkpt><trkpt lat="-23.765933" lon="-46.556882"><ele>765.862</ele><time>2026-08-03T14:57:59Z</time></trkpt><trkpt lat="-23.765927" lon="-46.556865"><ele>766.472</ele><time>2026-08-03T14:58:00Z</time></trkpt><trkpt lat="-23.765918" lon="-46.556855"><ele>766.913</ele><time>2026-08-03T14:58:01Z</time></trkpt><trkpt lat="-23.76591" lon="-46.556848"><ele>767.514</ele><time>2026-08-03T14:58:02Z</time></trkpt><trkpt lat="-23.765902" lon="-46.556835"><ele>768.009</ele><time>2026-08-03T14:58:03Z</time></trkpt><trkpt lat="-23.765892" lon="-46.556817"><ele>768.589</ele><time>2026-08-03T14:58:04Z</time></trkpt><trkpt lat="-23.76587" lon="-46.556793"><ele>768.934</ele><time>2026-08-03T14:58:05Z</time></trkpt><trkpt lat="-23.765862" lon="-46.556777"><ele>768.954</ele><time>2026-08-03T14:58:06Z</time></trkpt><trkpt lat="-23.765857" lon="-46.556762"><ele>768.952</ele><time>2026-08-03T14:58:07Z</time></trkpt><trkpt lat="-23.765843" lon="-46.556755"><ele>768.986</ele><time>2026-08-03T14:58:08Z</time></trkpt><trkpt lat="-23.765842" lon="-46.55674"><ele>768.971</ele><time>2026-08-03T14:58:09Z</time></trkpt><trkpt lat="-23.765832" lon="-46.556725"><ele>768.985</ele><time>2026-08-03T14:58:10Z</time></trkpt><trkpt lat="-23.765828" lon="-46.55671"><ele>768.924</ele><time>2026-08-03T14:58:11Z</time></trkpt><trkpt lat="-23.765817" lon="-46.556693"><ele>768.993</ele><time>2026-08-03T14:58:12Z</time></trkpt><trkpt lat="-23.7658" lon="-46.556678"><ele>768.972</ele><time>2026-08-03T14:58:13Z</time></trkpt><trkpt lat="-23.765787" lon="-46.556663"><ele>768.913</ele><time>2026-08-03T14:58:14Z</time></trkpt><trkpt lat="-23.765775" lon="-46.556653"><ele>768.914</ele><time>2026-08-03T14:58:15Z</time></trkpt><trkpt lat="-23.765765" lon="-46.556637"><ele>768.909</ele><time>2026-08-03T14:58:16Z</time></trkpt><trkpt lat="-23.765752" lon="-46.556625"><ele>768.969</ele><time>2026-08-03T14:58:17Z</time></trkpt><trkpt lat="-23.76574" lon="-46.556612"><ele>768.984</ele><time>2026-08-03T14:58:18Z</time></trkpt><trkpt lat="-23.765732" lon="-46.5566"><ele>768.974</ele><time>2026-08-03T14:58:19Z</time></trkpt><trkpt lat="-23.765728" lon="-46.556588"><ele>768.812</ele><time>2026-08-03T14:58:20Z</time></trkpt><trkpt lat="-23.765715" lon="-46.556585"><ele>768.156</ele><time>2026-08-03T14:58:21Z</time></trkpt><trkpt lat="-23.765703" lon="-46.556578"><ele>767.691</ele><time>2026-08-03T14:58:22Z</time></trkpt><trkpt lat="-23.765695" lon="-46.556573"><ele>767.235</ele><time>2026-08-03T14:58:23Z</time></trkpt><trkpt lat="-23.76568" lon="-46.55656"><ele>766.894</ele><time>2026-08-03T14:58:24Z</time></trkpt><trkpt lat="-23.765663" lon="-46.556545"><ele>766.693</ele><time>2026-08-03T14:58:25Z</time></trkpt><trkpt lat="-23.765648" lon="-46.556528"><ele>766.264</ele><time>2026-08-03T14:58:26Z</time></trkpt><trkpt lat="-23.765632" lon="-46.556515"><ele>765.406</ele><time>2026-08-03T14:58:27Z</time></trkpt><trkpt lat="-23.765618" lon="-46.556502"><ele>764.816</ele><time>2026-08-03T14:58:28Z</time></trkpt><trkpt lat="-23.765603" lon="-46.556485"><ele>764.209</ele><time>2026-08-03T14:58:29Z</time></trkpt><trkpt lat="-23.765587" lon="-46.556475"><ele>762.138</ele><time>2026-08-03T14:58:30Z</time></trkpt><trkpt lat="-23.765575" lon="-46.556462"><ele>760.213</ele><time>2026-08-03T14:58:31Z</time></trkpt><trkpt lat="-23.76556" lon="-46.55645"><ele>760.153</ele><time>2026-08-03T14:58:32Z</time></trkpt><trkpt lat="-23.76555" lon="-46.556435"><ele>759.861</ele><time>2026-08-03T14:58:33Z</time></trkpt><trkpt lat="-23.765535" lon="-46.556427"><ele>759.585</ele><time>2026-08-03T14:58:34Z</time></trkpt><trkpt lat="-23.765525" lon="-46.55641"><ele>759.570</ele><time>2026-08-03T14:58:35Z</time></trkpt><trkpt lat="-23.765513" lon="-46.5564"><ele>759.544</ele><time>2026-08-03T14:58:36Z</time></trkpt><trkpt lat="-23.765503" lon="-46.556382"><ele>759.453</ele><time>2026-08-03T14:58:37Z</time></trkpt><trkpt lat="-23.765493" lon="-46.55636"><ele>759.132</ele><time>2026-08-03T14:58:38Z</time></trkpt><trkpt lat="-23.765478" lon="-46.556347"><ele>758.831</ele><time>2026-08-03T14:58:39Z</time></trkpt><trkpt lat="-23.765455" lon="-46.55634"><ele>758.761</ele><time>2026-08-03T14:58:40Z</time></trkpt><trkpt lat="-23.765447" lon="-46.556325"><ele>758.607</ele><time>2026-08-03T14:58:41Z</time></trkpt><trkpt lat="-23.76544" lon="-46.556315"><ele>758.309</ele><time>2026-08-03T14:58:42Z</time></trkpt><trkpt lat="-23.765428" lon="-46.556308"><ele>757.925</ele><time>2026-08-03T14:58:43Z</time></trkpt><trkpt lat="-23.765397" lon="-46.55631"><ele>757.710</ele><time>2026-08-03T14:58:45Z</time></trkpt><trkpt lat="-23.765378" lon="-46.556302"><ele>757.450</ele><time>2026-08-03T14:58:46Z</time></trkpt><trkpt lat="-23.765365" lon="-46.556293"><ele>757.288</ele><time>2026-08-03T14:58:47Z</time></trkpt><trkpt lat="-23.765353" lon="-46.556285"><ele>756.972</ele><time>2026-08-03T14:58:48Z</time></trkpt><trkpt lat="-23.765345" lon="-46.55628"><ele>756.777</ele><time>2026-08-03T14:58:49Z</time></trkpt><trkpt lat="-23.765332" lon="-46.556277"><ele>756.771</ele><time>2026-08-03T14:58:50Z</time></trkpt><trkpt lat="-23.76532" lon="-46.556267"><ele>756.730</ele><time>2026-08-03T14:58:51Z</time></trkpt><trkpt lat="-23.765307" lon="-46.556253"><ele>756.779</ele><time>2026-08-03T14:58:52Z</time></trkpt><trkpt lat="-23.765295" lon="-46.556242"><ele>756.726</ele><time>2026-08-03T14:58:53Z</time></trkpt><trkpt lat="-23.765287" lon="-46.55623"><ele>756.747</ele><time>2026-08-03T14:58:54Z</time></trkpt><trkpt lat="-23.765283" lon="-46.55622"><ele>756.711</ele><time>2026-08-03T14:58:55Z</time></trkpt><trkpt lat="-23.765282" lon="-46.556207"><ele>756.709</ele><time>2026-08-03T14:58:56Z</time></trkpt><trkpt lat="-23.765277" lon="-46.556195"><ele>756.724</ele><time>2026-08-03T14:58:57Z</time></trkpt><trkpt lat="-23.76527" lon="-46.556182"><ele>756.719</ele><time>2026-08-03T14:58:58Z</time></trkpt><trkpt lat="-23.765245" lon="-46.556175"><ele>756.719</ele><time>2026-08-03T14:59:00Z</time></trkpt><trkpt lat="-23.765235" lon="-46.556172"><ele>756.767</ele><time>2026-08-03T14:59:01Z</time></trkpt><trkpt lat="-23.765218" lon="-46.556168"><ele>756.781</ele><time>2026-08-03T14:59:02Z</time></trkpt><trkpt lat="-23.765203" lon="-46.556173"><ele>756.786</ele><time>2026-08-03T14:59:03Z</time></trkpt><trkpt lat="-23.765187" lon="-46.55617"><ele>756.720</ele><time>2026-08-03T14:59:05Z</time></trkpt><trkpt lat="-23.765173" lon="-46.556177"><ele>756.829</ele><time>2026-08-03T14:59:06Z</time></trkpt><trkpt lat="-23.765162" lon="-46.556187"><ele>757.358</ele><time>2026-08-03T14:59:07Z</time></trkpt><trkpt lat="-23.765138" lon="-46.556168"><ele>757.745</ele><time>2026-08-03T14:59:09Z</time></trkpt><trkpt lat="-23.765123" lon="-46.556155"><ele>757.847</ele><time>2026-08-03T14:59:10Z</time></trkpt><trkpt lat="-23.76511" lon="-46.556142"><ele>757.911</ele><time>2026-08-03T14:59:11Z</time></trkpt><trkpt lat="-23.765097" lon="-46.556132"><ele>758.409</ele><time>2026-08-03T14:59:12Z</time></trkpt><trkpt lat="-23.765083" lon="-46.556128"><ele>758.936</ele><time>2026-08-03T14:59:13Z</time></trkpt><trkpt lat="-23.765068" lon="-46.556117"><ele>759.351</ele><time>2026-08-03T14:59:14Z</time></trkpt><trkpt lat="-23.765055" lon="-46.55611"><ele>759.751</ele><time>2026-08-03T14:59:15Z</time></trkpt><trkpt lat="-23.765038" lon="-46.556098"><ele>759.929</ele><time>2026-08-03T14:59:16Z</time></trkpt><trkpt lat="-23.765027" lon="-46.556087"><ele>760.343</ele><time>2026-08-03T14:59:17Z</time></trkpt><trkpt lat="-23.765017" lon="-46.556073"><ele>761.028</ele><time>2026-08-03T14:59:18Z</time></trkpt><trkpt lat="-23.765007" lon="-46.556067"><ele>761.612</ele><time>2026-08-03T14:59:19Z</time></trkpt><trkpt lat="-23.764995" lon="-46.556063"><ele>762.451</ele><time>2026-08-03T14:59:20Z</time></trkpt><trkpt lat="-23.764983" lon="-46.556053"><ele>763.190</ele><time>2026-08-03T14:59:21Z</time></trkpt><trkpt lat="-23.76497" lon="-46.556048"><ele>763.945</ele><time>2026-08-03T14:59:22Z</time></trkpt><trkpt lat="-23.764958" lon="-46.556037"><ele>765.147</ele><time>2026-08-03T14:59:23Z</time></trkpt><trkpt lat="-23.764945" lon="-46.55603"><ele>766.511</ele><time>2026-08-03T14:59:24Z</time></trkpt><trkpt lat="-23.764923" lon="-46.556032"><ele>767.709</ele><time>2026-08-03T14:59:25Z</time></trkpt><trkpt lat="-23.764912" lon="-46.556025"><ele>769.226</ele><time>2026-08-03T14:59:26Z</time></trkpt><trkpt lat="-23.764902" lon="-46.556015"><ele>770.661</ele><time>2026-08-03T14:59:27Z</time></trkpt><trkpt lat="-23.76489" lon="-46.555998"><ele>771.891</ele><time>2026-08-03T14:59:28Z</time></trkpt><trkpt lat="-23.76487" lon="-46.555998"><ele>773.189</ele><time>2026-08-03T14:59:29Z</time></trkpt><trkpt lat="-23.764848" lon="-46.556002"><ele>774.713</ele><time>2026-08-03T14:59:30Z</time></trkpt><trkpt lat="-23.764827" lon="-46.555998"><ele>776.198</ele><time>2026-08-03T14:59:31Z</time></trkpt><trkpt lat="-23.764812" lon="-46.555988"><ele>777.062</ele><time>2026-08-03T14:59:32Z</time></trkpt><trkpt lat="-23.7648" lon="-46.55598"><ele>778.031</ele><time>2026-08-03T14:59:33Z</time></trkpt><trkpt lat="-23.764787" lon="-46.555975"><ele>779.340</ele><time>2026-08-03T14:59:34Z</time></trkpt><trkpt lat="-23.764777" lon="-46.555967"><ele>780.629</ele><time>2026-08-03T14:59:35Z</time></trkpt><trkpt lat="-23.764763" lon="-46.555958"><ele>781.700</ele><time>2026-08-03T14:59:36Z</time></trkpt><trkpt lat="-23.76475" lon="-46.555953"><ele>782.720</ele><time>2026-08-03T14:59:37Z</time></trkpt><trkpt lat="-23.764738" lon="-46.55594"><ele>783.909</ele><time>2026-08-03T14:59:38Z</time></trkpt><trkpt lat="-23.764725" lon="-46.555927"><ele>784.964</ele><time>2026-08-03T14:59:39Z</time></trkpt><trkpt lat="-23.764707" lon="-46.555918"><ele>785.839</ele><time>2026-08-03T14:59:40Z</time></trkpt><trkpt lat="-23.764687" lon="-46.555907"><ele>786.959</ele><time>2026-08-03T14:59:41Z</time></trkpt><trkpt lat="-23.764672" lon="-46.555902"><ele>787.547</ele><time>2026-08-03T14:59:42Z</time></trkpt><trkpt lat="-23.764658" lon="-46.5559"><ele>787.811</ele><time>2026-08-03T14:59:43Z</time></trkpt><trkpt lat="-23.764645" lon="-46.555902"><ele>788.096</ele><time>2026-08-03T14:59:45Z</time></trkpt><trkpt lat="-23.764635" lon="-46.5559"><ele>788.160</ele><time>2026-08-03T14:59:47Z</time></trkpt><trkpt lat="-23.764627" lon="-46.555893"><ele>788.899</ele><time>2026-08-03T14:59:49Z</time></trkpt><trkpt lat="-23.764617" lon="-46.555887"><ele>789.938</ele><time>2026-08-03T14:59:50Z</time></trkpt><trkpt lat="-23.764607" lon="-46.555882"><ele>791.261</ele><time>2026-08-03T14:59:51Z</time></trkpt><trkpt lat="-23.764583" lon="-46.555878"><ele>792.321</ele><time>2026-08-03T14:59:52Z</time></trkpt><trkpt lat="-23.764558" lon="-46.555872"><ele>793.313</ele><time>2026-08-03T14:59:53Z</time></trkpt><trkpt lat="-23.76453" lon="-46.555873"><ele>794.309</ele><time>2026-08-03T14:59:54Z</time></trkpt><trkpt lat="-23.76451" lon="-46.55587"><ele>795.418</ele><time>2026-08-03T14:59:55Z</time></trkpt><trkpt lat="-23.764498" lon="-46.55586"><ele>796.433</ele><time>2026-08-03T14:59:56Z</time></trkpt><trkpt lat="-23.764485" lon="-46.555852"><ele>796.923</ele><time>2026-08-03T14:59:57Z</time></trkpt><trkpt lat="-23.764468" lon="-46.555843"><ele>797.241</ele><time>2026-08-03T14:59:58Z</time></trkpt><trkpt lat="-23.764452" lon="-46.555833"><ele>797.845</ele><time>2026-08-03T14:59:59Z</time></trkpt><trkpt lat="-23.764433" lon="-46.555825"><ele>798.260</ele><time>2026-08-03T15:00:00Z</time></trkpt><trkpt lat="-23.764412" lon="-46.55582"><ele>798.494</ele><time>2026-08-03T15:00:01Z</time></trkpt><trkpt lat="-23.764392" lon="-46.555817"><ele>798.843</ele><time>2026-08-03T15:00:02Z</time></trkpt><trkpt lat="-23.764373" lon="-46.555812"><ele>799.362</ele><time>2026-08-03T15:00:03Z</time></trkpt><trkpt lat="-23.764353" lon="-46.555805"><ele>799.766</ele><time>2026-08-03T15:00:04Z</time></trkpt><trkpt lat="-23.76433" lon="-46.555792"><ele>799.929</ele><time>2026-08-03T15:00:05Z</time></trkpt><trkpt lat="-23.764308" lon="-46.555778"><ele>799.921</ele><time>2026-08-03T15:00:06Z</time></trkpt><trkpt lat="-23.764288" lon="-46.555775"><ele>800.209</ele><time>2026-08-03T15:00:07Z</time></trkpt><trkpt lat="-23.764262" lon="-46.555768"><ele>800.688</ele><time>2026-08-03T15:00:08Z</time></trkpt><trkpt lat="-23.764232" lon="-46.555763"><ele>800.893</ele><time>2026-08-03T15:00:09Z</time></trkpt><trkpt lat="-23.764198" lon="-46.55576"><ele>801.443</ele><time>2026-08-03T15:00:10Z</time></trkpt><trkpt lat="-23.764168" lon="-46.555753"><ele>802.151</ele><time>2026-08-03T15:00:11Z</time></trkpt><trkpt lat="-23.764138" lon="-46.555747"><ele>802.935</ele><time>2026-08-03T15:00:12Z</time></trkpt><trkpt lat="-23.764115" lon="-46.555737"><ele>803.640</ele><time>2026-08-03T15:00:13Z</time></trkpt><trkpt lat="-23.76409" lon="-46.555732"><ele>804.254</ele><time>2026-08-03T15:00:14Z</time></trkpt><trkpt lat="-23.764062" lon="-46.555727"><ele>804.663</ele><time>2026-08-03T15:00:15Z</time></trkpt><trkpt lat="-23.764037" lon="-46.55572"><ele>804.862</ele><time>2026-08-03T15:00:16Z</time></trkpt><trkpt lat="-23.764013" lon="-46.555708"><ele>805.185</ele><time>2026-08-03T15:00:17Z</time></trkpt><trkpt lat="-23.763983" lon="-46.555697"><ele>805.689</ele><time>2026-08-03T15:00:18Z</time></trkpt><trkpt lat="-23.76396" lon="-46.555685"><ele>806.117</ele><time>2026-08-03T15:00:19Z</time></trkpt><trkpt lat="-23.763933" lon="-46.555675"><ele>806.909</ele><time>2026-08-03T15:00:20Z</time></trkpt><trkpt lat="-23.763907" lon="-46.55566"><ele>807.770</ele><time>2026-08-03T15:00:21Z</time></trkpt><trkpt lat="-23.763878" lon="-46.555655"><ele>808.835</ele><time>2026-08-03T15:00:22Z</time></trkpt><trkpt lat="-23.763857" lon="-46.555638"><ele>809.865</ele><time>2026-08-03T15:00:23Z</time></trkpt><trkpt lat="-23.763843" lon="-46.555622"><ele>810.193</ele><time>2026-08-03T15:00:24Z</time></trkpt><trkpt lat="-23.763822" lon="-46.555605"><ele>810.637</ele><time>2026-08-03T15:00:25Z</time></trkpt><trkpt lat="-23.763805" lon="-46.555593"><ele>811.032</ele><time>2026-08-03T15:00:26Z</time></trkpt><trkpt lat="-23.763782" lon="-46.555588"><ele>811.366</ele><time>2026-08-03T15:00:27Z</time></trkpt><trkpt lat="-23.763755" lon="-46.555585"><ele>811.665</ele><time>2026-08-03T15:00:28Z</time></trkpt><trkpt lat="-23.763725" lon="-46.555575"><ele>811.734</ele><time>2026-08-03T15:00:29Z</time></trkpt><trkpt lat="-23.763693" lon="-46.555568"><ele>811.917</ele><time>2026-08-03T15:00:30Z</time></trkpt><trkpt lat="-23.763667" lon="-46.555563"><ele>812.387</ele><time>2026-08-03T15:00:31Z</time></trkpt><trkpt lat="-23.763647" lon="-46.555553"><ele>812.615</ele><time>2026-08-03T15:00:32Z</time></trkpt><trkpt lat="-23.763622" lon="-46.555545"><ele>813.109</ele><time>2026-08-03T15:00:33Z</time></trkpt><trkpt lat="-23.763602" lon="-46.555537"><ele>813.983</ele><time>2026-08-03T15:00:34Z</time></trkpt><trkpt lat="-23.763583" lon="-46.555547"><ele>815.078</ele><time>2026-08-03T15:00:35Z</time></trkpt><trkpt lat="-23.763572" lon="-46.555565"><ele>815.668</ele><time>2026-08-03T15:00:36Z</time></trkpt><trkpt lat="-23.763562" lon="-46.555583"><ele>815.976</ele><time>2026-08-03T15:00:37Z</time></trkpt><trkpt lat="-23.76356" lon="-46.555595"><ele>816.510</ele><time>2026-08-03T15:00:38Z</time></trkpt><trkpt lat="-23.763555" lon="-46.555615"><ele>817.565</ele><time>2026-08-03T15:00:39Z</time></trkpt><trkpt lat="-23.763543" lon="-46.555623"><ele>818.729</ele><time>2026-08-03T15:00:40Z</time></trkpt><trkpt lat="-23.763528" lon="-46.555628"><ele>819.548</ele><time>2026-08-03T15:00:41Z</time></trkpt><trkpt lat="-23.763515" lon="-46.555633"><ele>819.717</ele><time>2026-08-03T15:00:42Z</time></trkpt><trkpt lat="-23.763502" lon="-46.555643"><ele>819.874</ele><time>2026-08-03T15:00:43Z</time></trkpt><trkpt lat="-23.763488" lon="-46.555652"><ele>819.956</ele><time>2026-08-03T15:00:44Z</time></trkpt><trkpt lat="-23.763477" lon="-46.555662"><ele>820.021</ele><time>2026-08-03T15:00:45Z</time></trkpt><trkpt lat="-23.763463" lon="-46.555668"><ele>820.009</ele><time>2026-08-03T15:00:46Z</time></trkpt><trkpt lat="-23.76344" lon="-46.555677"><ele>820.099</ele><time>2026-08-03T15:00:47Z</time></trkpt><trkpt lat="-23.763428" lon="-46.555677"><ele>820.014</ele><time>2026-08-03T15:00:48Z</time></trkpt><trkpt lat="-23.76342" lon="-46.555682"><ele>820.054</ele><time>2026-08-03T15:00:49Z</time></trkpt><trkpt lat="-23.763408" lon="-46.55569"><ele>820.172</ele><time>2026-08-03T15:00:50Z</time></trkpt><trkpt lat="-23.763398" lon="-46.555698"><ele>820.216</ele><time>2026-08-03T15:00:51Z</time></trkpt><trkpt lat="-23.763365" lon="-46.55571"><ele>820.321</ele><time>2026-08-03T15:00:53Z</time></trkpt><trkpt lat="-23.76334" lon="-46.555715"><ele>820.525</ele><time>2026-08-03T15:00:54Z</time></trkpt><trkpt lat="-23.763323" lon="-46.55571"><ele>821.024</ele><time>2026-08-03T15:00:55Z</time></trkpt><trkpt lat="-23.763307" lon="-46.555707"><ele>821.483</ele><time>2026-08-03T15:00:56Z</time></trkpt><trkpt lat="-23.763297" lon="-46.5557"><ele>821.674</ele><time>2026-08-03T15:00:57Z</time></trkpt><trkpt lat="-23.763287" lon="-46.555688"><ele>821.756</ele><time>2026-08-03T15:00:58Z</time></trkpt><trkpt lat="-23.763278" lon="-46.555672"><ele>821.721</ele><time>2026-08-03T15:00:59Z</time></trkpt><trkpt lat="-23.763268" lon="-46.55565"><ele>821.809</ele><time>2026-08-03T15:01:00Z</time></trkpt><trkpt lat="-23.763263" lon="-46.555622"><ele>821.859</ele><time>2026-08-03T15:01:01Z</time></trkpt><trkpt lat="-23.76325" lon="-46.555608"><ele>821.854</ele><time>2026-08-03T15:01:02Z</time></trkpt><trkpt lat="-23.763245" lon="-46.555595"><ele>821.864</ele><time>2026-08-03T15:01:06Z</time></trkpt><trkpt lat="-23.76324" lon="-46.555587"><ele>821.892</ele><time>2026-08-03T15:01:07Z</time></trkpt><trkpt lat="-23.763228" lon="-46.555575"><ele>821.846</ele><time>2026-08-03T15:01:08Z</time></trkpt><trkpt lat="-23.763215" lon="-46.555563"><ele>821.811</ele><time>2026-08-03T15:01:09Z</time></trkpt><trkpt lat="-23.763198" lon="-46.555553"><ele>821.865</ele><time>2026-08-03T15:01:10Z</time></trkpt><trkpt lat="-23.76318" lon="-46.55555"><ele>821.844</ele><time>2026-08-03T15:01:11Z</time></trkpt><trkpt lat="-23.763165" lon="-46.555547"><ele>821.853</ele><time>2026-08-03T15:01:12Z</time></trkpt><trkpt lat="-23.76315" lon="-46.555548"><ele>821.827</ele><time>2026-08-03T15:01:13Z</time></trkpt><trkpt lat="-23.763133" lon="-46.555548"><ele>821.868</ele><time>2026-08-03T15:01:14Z</time></trkpt><trkpt lat="-23.763117" lon="-46.55555"><ele>821.714</ele><time>2026-08-03T15:01:15Z</time></trkpt><trkpt lat="-23.763095" lon="-46.555558"><ele>821.709</ele><time>2026-08-03T15:01:16Z</time></trkpt><trkpt lat="-23.763077" lon="-46.555563"><ele>821.714</ele><time>2026-08-03T15:01:17Z</time></trkpt><trkpt lat="-23.763065" lon="-46.55557"><ele>821.679</ele><time>2026-08-03T15:01:18Z</time></trkpt><trkpt lat="-23.763052" lon="-46.55558"><ele>821.029</ele><time>2026-08-03T15:01:19Z</time></trkpt><trkpt lat="-23.763042" lon="-46.55559"><ele>820.797</ele><time>2026-08-03T15:01:20Z</time></trkpt><trkpt lat="-23.763032" lon="-46.555603"><ele>820.781</ele><time>2026-08-03T15:01:21Z</time></trkpt><trkpt lat="-23.763023" lon="-46.555617"><ele>820.786</ele><time>2026-08-03T15:01:22Z</time></trkpt><trkpt lat="-23.763013" lon="-46.555632"><ele>820.760</ele><time>2026-08-03T15:01:23Z</time></trkpt><trkpt lat="-23.763005" lon="-46.555643"><ele>820.779</ele><time>2026-08-03T15:01:24Z</time></trkpt><trkpt lat="-23.762995" lon="-46.555653"><ele>820.768</ele><time>2026-08-03T15:01:25Z</time></trkpt><trkpt lat="-23.76299" lon="-46.55567"><ele>820.723</ele><time>2026-08-03T15:01:26Z</time></trkpt><trkpt lat="-23.762978" lon="-46.55568"><ele>820.583</ele><time>2026-08-03T15:01:28Z</time></trkpt><trkpt lat="-23.762968" lon="-46.555697"><ele>820.411</ele><time>2026-08-03T15:01:30Z</time></trkpt><trkpt lat="-23.76296" lon="-46.555688"><ele>820.209</ele><time>2026-08-03T15:01:32Z</time></trkpt><trkpt lat="-23.762953" lon="-46.555697"><ele>820.194</ele><time>2026-08-03T15:01:39Z</time></trkpt><trkpt lat="-23.762962" lon="-46.555688"><ele>822.299</ele><time>2026-08-03T15:02:11Z</time></trkpt><trkpt lat="-23.762938" lon="-46.555702"><ele>822.759</ele><time>2026-08-03T15:02:47Z</time></trkpt><trkpt lat="-23.762927" lon="-46.5557"><ele>822.577</ele><time>2026-08-03T15:02:48Z</time></trkpt><trkpt lat="-23.762917" lon="-46.555697"><ele>822.431</ele><time>2026-08-03T15:02:50Z</time></trkpt><trkpt lat="-23.762918" lon="-46.555687"><ele>822.186</ele><time>2026-08-03T15:02:53Z</time></trkpt><trkpt lat="-23.76293" lon="-46.55568"><ele>821.990</ele><time>2026-08-03T15:02:55Z</time></trkpt><trkpt lat="-23.76294" lon="-46.555685"><ele>821.859</ele><time>2026-08-03T15:02:59Z</time></trkpt><trkpt lat="-23.76293" lon="-46.55566"><ele>821.968</ele><time>2026-08-03T15:03:22Z</time></trkpt><trkpt lat="-23.762937" lon="-46.55568"><ele>822.127</ele><time>2026-08-03T15:03:24Z</time></trkpt><trkpt lat="-23.762937" lon="-46.555703"><ele>822.468</ele><time>2026-08-03T15:03:25Z</time></trkpt><trkpt lat="-23.762933" lon="-46.555723"><ele>822.514</ele><time>2026-08-03T15:03:26Z</time></trkpt><trkpt lat="-23.76293" lon="-46.555742"><ele>822.709</ele><time>2026-08-03T15:03:27Z</time></trkpt><trkpt lat="-23.762923" lon="-46.555758"><ele>823.064</ele><time>2026-08-03T15:03:28Z</time></trkpt><trkpt lat="-23.762918" lon="-46.555775"><ele>823.319</ele><time>2026-08-03T15:03:29Z</time></trkpt><trkpt lat="-23.762917" lon="-46.55579"><ele>823.189</ele><time>2026-08-03T15:03:30Z</time></trkpt><trkpt lat="-23.76291" lon="-46.5558"><ele>823.087</ele><time>2026-08-03T15:03:31Z</time></trkpt><trkpt lat="-23.762908" lon="-46.55581"><ele>822.811</ele><time>2026-08-03T15:03:32Z</time></trkpt><trkpt lat="-23.762905" lon="-46.55582"><ele>822.716</ele><time>2026-08-03T15:03:33Z</time></trkpt><trkpt lat="-23.7629" lon="-46.555835"><ele>822.630</ele><time>2026-08-03T15:03:34Z</time></trkpt><trkpt lat="-23.762895" lon="-46.555843"><ele>822.659</ele><time>2026-08-03T15:03:35Z</time></trkpt><trkpt lat="-23.762882" lon="-46.55584"><ele>822.588</ele><time>2026-08-03T15:03:37Z</time></trkpt><trkpt lat="-23.762888" lon="-46.55583"><ele>822.437</ele><time>2026-08-03T15:03:44Z</time></trkpt><trkpt lat="-23.762897" lon="-46.555825"><ele>822.249</ele><time>2026-08-03T15:03:46Z</time></trkpt><trkpt lat="-23.762897" lon="-46.555815"><ele>822.413</ele><time>2026-08-03T15:04:04Z</time></trkpt><trkpt lat="-23.762892" lon="-46.555842"><ele>822.509</ele><time>2026-08-03T15:04:09Z</time></trkpt><trkpt lat="-23.762885" lon="-46.55586"><ele>822.665</ele><time>2026-08-03T15:04:10Z</time></trkpt><trkpt lat="-23.762877" lon="-46.555877"><ele>822.680</ele><time>2026-08-03T15:04:11Z</time></trkpt><trkpt lat="-23.76288" lon="-46.555895"><ele>822.750</ele><time>2026-08-03T15:04:12Z</time></trkpt><trkpt lat="-23.76288" lon="-46.555913"><ele>822.778</ele><time>2026-08-03T15:04:13Z</time></trkpt><trkpt lat="-23.762873" lon="-46.55593"><ele>822.822</ele><time>2026-08-03T15:04:14Z</time></trkpt><trkpt lat="-23.76287" lon="-46.555945"><ele>822.977</ele><time>2026-08-03T15:04:15Z</time></trkpt><trkpt lat="-23.762862" lon="-46.55596"><ele>823.161</ele><time>2026-08-03T15:04:16Z</time></trkpt><trkpt lat="-23.762853" lon="-46.555975"><ele>823.310</ele><time>2026-08-03T15:04:17Z</time></trkpt><trkpt lat="-23.762845" lon="-46.555993"><ele>823.419</ele><time>2026-08-03T15:04:18Z</time></trkpt><trkpt lat="-23.762835" lon="-46.556008"><ele>823.545</ele><time>2026-08-03T15:04:19Z</time></trkpt><trkpt lat="-23.762827" lon="-46.556023"><ele>823.547</ele><time>2026-08-03T15:04:20Z</time></trkpt><trkpt lat="-23.762822" lon="-46.556037"><ele>823.511</ele><time>2026-08-03T15:04:21Z</time></trkpt><trkpt lat="-23.762808" lon="-46.556048"><ele>823.409</ele><time>2026-08-03T15:04:22Z</time></trkpt><trkpt lat="-23.762792" lon="-46.556055"><ele>823.386</ele><time>2026-08-03T15:04:23Z</time></trkpt><trkpt lat="-23.762778" lon="-46.556063"><ele>823.351</ele><time>2026-08-03T15:04:24Z</time></trkpt><trkpt lat="-23.762765" lon="-46.55607"><ele>823.141</ele><time>2026-08-03T15:04:25Z</time></trkpt><trkpt lat="-23.762758" lon="-46.556083"><ele>823.039</ele><time>2026-08-03T15:04:26Z</time></trkpt><trkpt lat="-23.762748" lon="-46.556087"><ele>823.043</ele><time>2026-08-03T15:04:27Z</time></trkpt><trkpt lat="-23.762742" lon="-46.556095"><ele>822.938</ele><time>2026-08-03T15:04:28Z</time></trkpt><trkpt lat="-23.76274" lon="-46.556108"><ele>822.932</ele><time>2026-08-03T15:04:29Z</time></trkpt><trkpt lat="-23.762727" lon="-46.556117"><ele>822.951</ele><time>2026-08-03T15:04:30Z</time></trkpt><trkpt lat="-23.762715" lon="-46.556125"><ele>822.910</ele><time>2026-08-03T15:04:31Z</time></trkpt><trkpt lat="-23.762705" lon="-46.556143"><ele>822.967</ele><time>2026-08-03T15:04:32Z</time></trkpt><trkpt lat="-23.762695" lon="-46.55616"><ele>822.981</ele><time>2026-08-03T15:04:33Z</time></trkpt><trkpt lat="-23.762678" lon="-46.556167"><ele>822.919</ele><time>2026-08-03T15:04:34Z</time></trkpt><trkpt lat="-23.762665" lon="-46.556177"><ele>822.909</ele><time>2026-08-03T15:04:35Z</time></trkpt><trkpt lat="-23.76267" lon="-46.556212"><ele>822.928</ele><time>2026-08-03T15:04:36Z</time></trkpt><trkpt lat="-23.762663" lon="-46.55623"><ele>823.093</ele><time>2026-08-03T15:04:37Z</time></trkpt><trkpt lat="-23.762663" lon="-46.55624"><ele>823.013</ele><time>2026-08-03T15:04:38Z</time></trkpt><trkpt lat="-23.762657" lon="-46.556253"><ele>822.911</ele><time>2026-08-03T15:04:39Z</time></trkpt><trkpt lat="-23.76265" lon="-46.556262"><ele>822.935</ele><time>2026-08-03T15:04:40Z</time></trkpt><trkpt lat="-23.762632" lon="-46.556262"><ele>822.890</ele><time>2026-08-03T15:04:41Z</time></trkpt><trkpt lat="-23.762617" lon="-46.55627"><ele>822.844</ele><time>2026-08-03T15:04:42Z</time></trkpt><trkpt lat="-23.762613" lon="-46.556287"><ele>822.813</ele><time>2026-08-03T15:04:43Z</time></trkpt><trkpt lat="-23.762602" lon="-46.556295"><ele>822.832</ele><time>2026-08-03T15:04:44Z</time></trkpt><trkpt lat="-23.762593" lon="-46.556303"><ele>822.744</ele><time>2026-08-03T15:04:45Z</time></trkpt><trkpt lat="-23.76258" lon="-46.55631"><ele>822.505</ele><time>2026-08-03T15:04:46Z</time></trkpt><trkpt lat="-23.76256" lon="-46.556315"><ele>822.315</ele><time>2026-08-03T15:04:47Z</time></trkpt><trkpt lat="-23.76254" lon="-46.55632"><ele>822.009</ele><time>2026-08-03T15:04:48Z</time></trkpt><trkpt lat="-23.762523" lon="-46.55633"><ele>821.796</ele><time>2026-08-03T15:04:49Z</time></trkpt><trkpt lat="-23.762502" lon="-46.55634"><ele>821.471</ele><time>2026-08-03T15:04:50Z</time></trkpt><trkpt lat="-23.762482" lon="-46.55635"><ele>821.231</ele><time>2026-08-03T15:04:51Z</time></trkpt><trkpt lat="-23.762467" lon="-46.556358"><ele>821.089</ele><time>2026-08-03T15:04:52Z</time></trkpt><trkpt lat="-23.76246" lon="-46.556365"><ele>820.923</ele><time>2026-08-03T15:04:53Z</time></trkpt><trkpt lat="-23.762448" lon="-46.556368"><ele>820.828</ele><time>2026-08-03T15:04:54Z</time></trkpt><trkpt lat="-23.762438" lon="-46.556372"><ele>820.642</ele><time>2026-08-03T15:04:55Z</time></trkpt><trkpt lat="-23.762428" lon="-46.556375"><ele>820.451</ele><time>2026-08-03T15:04:56Z</time></trkpt><trkpt lat="-23.762413" lon="-46.55638"><ele>819.740</ele><time>2026-08-03T15:04:57Z</time></trkpt><trkpt lat="-23.7624" lon="-46.556388"><ele>818.954</ele><time>2026-08-03T15:04:58Z</time></trkpt><trkpt lat="-23.762387" lon="-46.556393"><ele>818.156</ele><time>2026-08-03T15:04:59Z</time></trkpt><trkpt lat="-23.762375" lon="-46.556395"><ele>817.411</ele><time>2026-08-03T15:05:00Z</time></trkpt><trkpt lat="-23.762363" lon="-46.556402"><ele>816.709</ele><time>2026-08-03T15:05:01Z</time></trkpt><trkpt lat="-23.762355" lon="-46.55641"><ele>816.177</ele><time>2026-08-03T15:05:02Z</time></trkpt><trkpt lat="-23.76235" lon="-46.556418"><ele>815.792</ele><time>2026-08-03T15:05:03Z</time></trkpt><trkpt lat="-23.762343" lon="-46.556427"><ele>815.432</ele><time>2026-08-03T15:05:04Z</time></trkpt><trkpt lat="-23.762337" lon="-46.556437"><ele>815.340</ele><time>2026-08-03T15:05:05Z</time></trkpt><trkpt lat="-23.76233" lon="-46.556447"><ele>815.224</ele><time>2026-08-03T15:05:06Z</time></trkpt><trkpt lat="-23.76232" lon="-46.556453"><ele>814.659</ele><time>2026-08-03T15:05:07Z</time></trkpt><trkpt lat="-23.762307" lon="-46.556465"><ele>813.863</ele><time>2026-08-03T15:05:08Z</time></trkpt><trkpt lat="-23.762295" lon="-46.556478"><ele>813.092</ele><time>2026-08-03T15:05:09Z</time></trkpt><trkpt lat="-23.762282" lon="-46.556487"><ele>812.181</ele><time>2026-08-03T15:05:10Z</time></trkpt><trkpt lat="-23.762275" lon="-46.5565"><ele>811.363</ele><time>2026-08-03T15:05:11Z</time></trkpt><trkpt lat="-23.762263" lon="-46.556512"><ele>810.544</ele><time>2026-08-03T15:05:12Z</time></trkpt><trkpt lat="-23.762253" lon="-46.556522"><ele>809.718</ele><time>2026-08-03T15:05:13Z</time></trkpt><trkpt lat="-23.762242" lon="-46.556533"><ele>809.109</ele><time>2026-08-03T15:05:14Z</time></trkpt><trkpt lat="-23.76223" lon="-46.556547"><ele>808.748</ele><time>2026-08-03T15:05:15Z</time></trkpt><trkpt lat="-23.76222" lon="-46.556555"><ele>808.193</ele><time>2026-08-03T15:05:16Z</time></trkpt><trkpt lat="-23.762203" lon="-46.556567"><ele>807.493</ele><time>2026-08-03T15:05:17Z</time></trkpt><trkpt lat="-23.762187" lon="-46.55657"><ele>806.611</ele><time>2026-08-03T15:05:18Z</time></trkpt><trkpt lat="-23.762172" lon="-46.556582"><ele>805.895</ele><time>2026-08-03T15:05:19Z</time></trkpt><trkpt lat="-23.762158" lon="-46.55659"><ele>805.120</ele><time>2026-08-03T15:05:20Z</time></trkpt><trkpt lat="-23.762142" lon="-46.556605"><ele>804.854</ele><time>2026-08-03T15:05:21Z</time></trkpt><trkpt lat="-23.762125" lon="-46.556618"><ele>804.683</ele><time>2026-08-03T15:05:22Z</time></trkpt><trkpt lat="-23.762105" lon="-46.55663"><ele>804.222</ele><time>2026-08-03T15:05:23Z</time></trkpt><trkpt lat="-23.762087" lon="-46.556642"><ele>803.558</ele><time>2026-08-03T15:05:24Z</time></trkpt><trkpt lat="-23.762072" lon="-46.55665"><ele>802.652</ele><time>2026-08-03T15:05:25Z</time></trkpt><trkpt lat="-23.762058" lon="-46.55666"><ele>802.017</ele><time>2026-08-03T15:05:26Z</time></trkpt><trkpt lat="-23.762047" lon="-46.55667"><ele>801.709</ele><time>2026-08-03T15:05:27Z</time></trkpt><trkpt lat="-23.762035" lon="-46.55668"><ele>801.217</ele><time>2026-08-03T15:05:28Z</time></trkpt><trkpt lat="-23.762022" lon="-46.556695"><ele>800.722</ele><time>2026-08-03T15:05:29Z</time></trkpt><trkpt lat="-23.762008" lon="-46.556708"><ele>800.162</ele><time>2026-08-03T15:05:30Z</time></trkpt><trkpt lat="-23.761997" lon="-46.556723"><ele>799.520</ele><time>2026-08-03T15:05:31Z</time></trkpt><trkpt lat="-23.76198" lon="-46.556733"><ele>798.994</ele><time>2026-08-03T15:05:32Z</time></trkpt><trkpt lat="-23.761957" lon="-46.556738"><ele>798.269</ele><time>2026-08-03T15:05:33Z</time></trkpt><trkpt lat="-23.761935" lon="-46.556743"><ele>797.413</ele><time>2026-08-03T15:05:34Z</time></trkpt><trkpt lat="-23.761915" lon="-46.55675"><ele>796.722</ele><time>2026-08-03T15:05:35Z</time></trkpt><trkpt lat="-23.761897" lon="-46.556767"><ele>796.131</ele><time>2026-08-03T15:05:36Z</time></trkpt><trkpt lat="-23.761877" lon="-46.556785"><ele>795.819</ele><time>2026-08-03T15:05:37Z</time></trkpt><trkpt lat="-23.761867" lon="-46.5568"><ele>795.709</ele><time>2026-08-03T15:05:38Z</time></trkpt><trkpt lat="-23.761855" lon="-46.556812"><ele>795.719</ele><time>2026-08-03T15:05:39Z</time></trkpt><trkpt lat="-23.761843" lon="-46.556823"><ele>795.609</ele><time>2026-08-03T15:05:40Z</time></trkpt><trkpt lat="-23.761832" lon="-46.55683"><ele>795.333</ele><time>2026-08-03T15:05:41Z</time></trkpt><trkpt lat="-23.761822" lon="-46.556842"><ele>794.858</ele><time>2026-08-03T15:05:42Z</time></trkpt><trkpt lat="-23.761815" lon="-46.556855"><ele>794.288</ele><time>2026-08-03T15:05:43Z</time></trkpt><trkpt lat="-23.761803" lon="-46.556873"><ele>793.496</ele><time>2026-08-03T15:05:44Z</time></trkpt><trkpt lat="-23.761785" lon="-46.556887"><ele>792.320</ele><time>2026-08-03T15:05:45Z</time></trkpt><trkpt lat="-23.76176" lon="-46.556892"><ele>791.115</ele><time>2026-08-03T15:05:46Z</time></trkpt><trkpt lat="-23.761738" lon="-46.55689"><ele>790.519</ele><time>2026-08-03T15:05:47Z</time></trkpt><trkpt lat="-23.761712" lon="-46.556887"><ele>790.378</ele><time>2026-08-03T15:05:48Z</time></trkpt><trkpt lat="-23.761692" lon="-46.55688"><ele>789.987</ele><time>2026-08-03T15:05:49Z</time></trkpt><trkpt lat="-23.761678" lon="-46.556873"><ele>789.748</ele><time>2026-08-03T15:05:50Z</time></trkpt><trkpt lat="-23.761667" lon="-46.556868"><ele>789.661</ele><time>2026-08-03T15:05:51Z</time></trkpt><trkpt lat="-23.761652" lon="-46.55686"><ele>789.317</ele><time>2026-08-03T15:05:53Z</time></trkpt><trkpt lat="-23.76164" lon="-46.556852"><ele>788.909</ele><time>2026-08-03T15:05:57Z</time></trkpt><trkpt lat="-23.761635" lon="-46.556868"><ele>788.526</ele><time>2026-08-03T15:06:00Z</time></trkpt><trkpt lat="-23.761632" lon="-46.55688"><ele>788.191</ele><time>2026-08-03T15:06:03Z</time></trkpt><trkpt lat="-23.76164" lon="-46.556867"><ele>787.571</ele><time>2026-08-03T15:06:08Z</time></trkpt><trkpt lat="-23.76164" lon="-46.556857"><ele>786.639</ele><time>2026-08-03T15:06:09Z</time></trkpt><trkpt lat="-23.761648" lon="-46.556887"><ele>785.613</ele><time>2026-08-03T15:06:23Z</time></trkpt><trkpt lat="-23.761638" lon="-46.556883"><ele>784.548</ele><time>2026-08-03T15:06:26Z</time></trkpt><trkpt lat="-23.761613" lon="-46.556878"><ele>783.712</ele><time>2026-08-03T15:06:50Z</time></trkpt><trkpt lat="-23.761625" lon="-46.556867"><ele>783.271</ele><time>2026-08-03T15:06:57Z</time></trkpt><trkpt lat="-23.761593" lon="-46.556908"><ele>782.390</ele><time>2026-08-03T15:13:01Z</time></trkpt><trkpt lat="-23.761605" lon="-46.5569"><ele>782.447</ele><time>2026-08-03T15:13:02Z</time></trkpt><trkpt lat="-23.761622" lon="-46.556887"><ele>782.629</ele><time>2026-08-03T15:13:03Z</time></trkpt><trkpt lat="-23.761637" lon="-46.556888"><ele>782.521</ele><time>2026-08-03T15:13:07Z</time></trkpt><trkpt lat="-23.761647" lon="-46.55688"><ele>782.509</ele><time>2026-08-03T15:13:09Z</time></trkpt><trkpt lat="-23.761642" lon="-46.556897"><ele>782.466</ele><time>2026-08-03T15:13:12Z</time></trkpt><trkpt lat="-23.761637" lon="-46.556908"><ele>782.351</ele><time>2026-08-03T15:13:13Z</time></trkpt><trkpt lat="-23.761635" lon="-46.556928"><ele>782.271</ele><time>2026-08-03T15:13:14Z</time></trkpt><trkpt lat="-23.761633" lon="-46.556953"><ele>782.139</ele><time>2026-08-03T15:13:15Z</time></trkpt><trkpt lat="-23.761635" lon="-46.556975"><ele>781.963</ele><time>2026-08-03T15:13:16Z</time></trkpt><trkpt lat="-23.761627" lon="-46.556997"><ele>781.748</ele><time>2026-08-03T15:13:17Z</time></trkpt><trkpt lat="-23.76162" lon="-46.557017"><ele>781.612</ele><time>2026-08-03T15:13:18Z</time></trkpt><trkpt lat="-23.761618" lon="-46.557028"><ele>781.511</ele><time>2026-08-03T15:13:19Z</time></trkpt><trkpt lat="-23.761615" lon="-46.557042"><ele>781.390</ele><time>2026-08-03T15:13:20Z</time></trkpt><trkpt lat="-23.76161" lon="-46.557058"><ele>781.156</ele><time>2026-08-03T15:13:21Z</time></trkpt><trkpt lat="-23.7616" lon="-46.557075"><ele>781.059</ele><time>2026-08-03T15:13:22Z</time></trkpt><trkpt lat="-23.761598" lon="-46.557103"><ele>781.014</ele><time>2026-08-03T15:13:23Z</time></trkpt><trkpt lat="-23.761587" lon="-46.55713"><ele>780.909</ele><time>2026-08-03T15:13:24Z</time></trkpt><trkpt lat="-23.761568" lon="-46.557152"><ele>780.967</ele><time>2026-08-03T15:13:25Z</time></trkpt><trkpt lat="-23.76155" lon="-46.557172"><ele>780.892</ele><time>2026-08-03T15:13:26Z</time></trkpt><trkpt lat="-23.761532" lon="-46.55719"><ele>780.872</ele><time>2026-08-03T15:13:27Z</time></trkpt><trkpt lat="-23.761512" lon="-46.557208"><ele>780.630</ele><time>2026-08-03T15:13:28Z</time></trkpt><trkpt lat="-23.761495" lon="-46.557225"><ele>780.584</ele><time>2026-08-03T15:13:29Z</time></trkpt><trkpt lat="-23.761477" lon="-46.557245"><ele>780.049</ele><time>2026-08-03T15:13:30Z</time></trkpt><trkpt lat="-23.76146" lon="-46.557263"><ele>779.583</ele><time>2026-08-03T15:13:31Z</time></trkpt><trkpt lat="-23.761445" lon="-46.557283"><ele>779.292</ele><time>2026-08-03T15:13:32Z</time></trkpt><trkpt lat="-23.761425" lon="-46.5573"><ele>779.041</ele><time>2026-08-03T15:13:33Z</time></trkpt><trkpt lat="-23.761407" lon="-46.55732"><ele>778.498</ele><time>2026-08-03T15:13:34Z</time></trkpt><trkpt lat="-23.761392" lon="-46.557343"><ele>777.915</ele><time>2026-08-03T15:13:35Z</time></trkpt><trkpt lat="-23.761372" lon="-46.557363"><ele>777.426</ele><time>2026-08-03T15:13:36Z</time></trkpt><trkpt lat="-23.761357" lon="-46.557385"><ele>776.209</ele><time>2026-08-03T15:13:37Z</time></trkpt><trkpt lat="-23.761338" lon="-46.557405"><ele>775.391</ele><time>2026-08-03T15:13:38Z</time></trkpt><trkpt lat="-23.761322" lon="-46.557425"><ele>774.696</ele><time>2026-08-03T15:13:39Z</time></trkpt><trkpt lat="-23.761298" lon="-46.55745"><ele>773.786</ele><time>2026-08-03T15:13:40Z</time></trkpt><trkpt lat="-23.761275" lon="-46.557473"><ele>772.934</ele><time>2026-08-03T15:13:41Z</time></trkpt><trkpt lat="-23.761253" lon="-46.557497"><ele>772.678</ele><time>2026-08-03T15:13:42Z</time></trkpt><trkpt lat="-23.761233" lon="-46.557518"><ele>772.133</ele><time>2026-08-03T15:13:43Z</time></trkpt><trkpt lat="-23.761213" lon="-46.557545"><ele>771.757</ele><time>2026-08-03T15:13:44Z</time></trkpt><trkpt lat="-23.761192" lon="-46.557565"><ele>771.136</ele><time>2026-08-03T15:13:45Z</time></trkpt><trkpt lat="-23.761175" lon="-46.557585"><ele>770.555</ele><time>2026-08-03T15:13:46Z</time></trkpt><trkpt lat="-23.761155" lon="-46.557605"><ele>770.287</ele><time>2026-08-03T15:13:47Z</time></trkpt><trkpt lat="-23.761135" lon="-46.557625"><ele>769.842</ele><time>2026-08-03T15:13:48Z</time></trkpt><trkpt lat="-23.761115" lon="-46.55764"><ele>769.626</ele><time>2026-08-03T15:13:49Z</time></trkpt><trkpt lat="-23.761095" lon="-46.557658"><ele>769.509</ele><time>2026-08-03T15:13:50Z</time></trkpt><trkpt lat="-23.761075" lon="-46.557678"><ele>769.510</ele><time>2026-08-03T15:13:51Z</time></trkpt><trkpt lat="-23.761058" lon="-46.557702"><ele>769.545</ele><time>2026-08-03T15:13:52Z</time></trkpt><trkpt lat="-23.761037" lon="-46.557722"><ele>769.595</ele><time>2026-08-03T15:13:53Z</time></trkpt><trkpt lat="-23.761022" lon="-46.557743"><ele>769.593</ele><time>2026-08-03T15:13:54Z</time></trkpt><trkpt lat="-23.761007" lon="-46.557763"><ele>769.537</ele><time>2026-08-03T15:13:55Z</time></trkpt><trkpt lat="-23.76099" lon="-46.557783"><ele>769.552</ele><time>2026-08-03T15:13:56Z</time></trkpt><trkpt lat="-23.760977" lon="-46.557798"><ele>769.556</ele><time>2026-08-03T15:13:57Z</time></trkpt><trkpt lat="-23.760982" lon="-46.55781"><ele>769.585</ele><time>2026-08-03T15:13:58Z</time></trkpt><trkpt lat="-23.76099" lon="-46.557815"><ele>769.554</ele><time>2026-08-03T15:13:59Z</time></trkpt><trkpt lat="-23.761" lon="-46.557818"><ele>769.524</ele><time>2026-08-03T15:14:00Z</time></trkpt><trkpt lat="-23.761012" lon="-46.557823"><ele>769.504</ele><time>2026-08-03T15:14:01Z</time></trkpt><trkpt lat="-23.761023" lon="-46.557827"><ele>769.514</ele><time>2026-08-03T15:14:02Z</time></trkpt><trkpt lat="-23.761038" lon="-46.55783"><ele>769.509</ele><time>2026-08-03T15:14:03Z</time></trkpt><trkpt lat="-23.761055" lon="-46.557835"><ele>769.594</ele><time>2026-08-03T15:14:04Z</time></trkpt><trkpt lat="-23.761067" lon="-46.557833"><ele>769.529</ele><time>2026-08-03T15:14:05Z</time></trkpt><trkpt lat="-23.761087" lon="-46.557827"><ele>769.749</ele><time>2026-08-03T15:14:06Z</time></trkpt><trkpt lat="-23.761113" lon="-46.557822"><ele>770.287</ele><time>2026-08-03T15:14:07Z</time></trkpt><trkpt lat="-23.761143" lon="-46.557812"><ele>770.691</ele><time>2026-08-03T15:14:08Z</time></trkpt><trkpt lat="-23.761172" lon="-46.557802"><ele>770.826</ele><time>2026-08-03T15:14:09Z</time></trkpt><trkpt lat="-23.761203" lon="-46.557795"><ele>771.390</ele><time>2026-08-03T15:14:10Z</time></trkpt><trkpt lat="-23.761227" lon="-46.557788"><ele>771.789</ele><time>2026-08-03T15:14:11Z</time></trkpt><trkpt lat="-23.761242" lon="-46.557783"><ele>772.338</ele><time>2026-08-03T15:14:12Z</time></trkpt><trkpt lat="-23.761258" lon="-46.557777"><ele>773.163</ele><time>2026-08-03T15:14:13Z</time></trkpt><trkpt lat="-23.76127" lon="-46.557777"><ele>773.644</ele><time>2026-08-03T15:14:14Z</time></trkpt><trkpt lat="-23.761285" lon="-46.557782"><ele>774.118</ele><time>2026-08-03T15:14:15Z</time></trkpt><trkpt lat="-23.76129" lon="-46.557773"><ele>774.509</ele><time>2026-08-03T15:14:16Z</time></trkpt><trkpt lat="-23.761298" lon="-46.557765"><ele>774.888</ele><time>2026-08-03T15:14:19Z</time></trkpt><trkpt lat="-23.761313" lon="-46.557753"><ele>774.843</ele><time>2026-08-03T15:14:20Z</time></trkpt><trkpt lat="-23.761332" lon="-46.557743"><ele>774.883</ele><time>2026-08-03T15:14:21Z</time></trkpt><trkpt lat="-23.761343" lon="-46.557732"><ele>774.871</ele><time>2026-08-03T15:14:22Z</time></trkpt><trkpt lat="-23.76135" lon="-46.557723"><ele>774.835</ele><time>2026-08-03T15:14:23Z</time></trkpt><trkpt lat="-23.761353" lon="-46.557708"><ele>774.870</ele><time>2026-08-03T15:14:24Z</time></trkpt><trkpt lat="-23.761355" lon="-46.557698"><ele>774.824</ele><time>2026-08-03T15:14:25Z</time></trkpt><trkpt lat="-23.761372" lon="-46.557687"><ele>774.833</ele><time>2026-08-03T15:14:26Z</time></trkpt><trkpt lat="-23.761385" lon="-46.557677"><ele>774.822</ele><time>2026-08-03T15:14:27Z</time></trkpt><trkpt lat="-23.761397" lon="-46.557663"><ele>774.861</ele><time>2026-08-03T15:14:28Z</time></trkpt><trkpt lat="-23.761408" lon="-46.557653"><ele>774.821</ele><time>2026-08-03T15:14:29Z</time></trkpt><trkpt lat="-23.761418" lon="-46.55764"><ele>774.813</ele><time>2026-08-03T15:14:30Z</time></trkpt><trkpt lat="-23.761428" lon="-46.557632"><ele>774.809</ele><time>2026-08-03T15:14:31Z</time></trkpt><trkpt lat="-23.761437" lon="-46.557627"><ele>774.828</ele><time>2026-08-03T15:14:32Z</time></trkpt><trkpt lat="-23.76144" lon="-46.557613"><ele>774.853</ele><time>2026-08-03T15:14:33Z</time></trkpt><trkpt lat="-23.761445" lon="-46.557602"><ele>774.673</ele><time>2026-08-03T15:14:34Z</time></trkpt><trkpt lat="-23.761463" lon="-46.557588"><ele>774.271</ele><time>2026-08-03T15:14:35Z</time></trkpt><trkpt lat="-23.761478" lon="-46.557582"><ele>773.845</ele><time>2026-08-03T15:14:36Z</time></trkpt><trkpt lat="-23.761492" lon="-46.557572"><ele>773.590</ele><time>2026-08-03T15:14:37Z</time></trkpt><trkpt lat="-23.761508" lon="-46.55756"><ele>773.384</ele><time>2026-08-03T15:14:38Z</time></trkpt><trkpt lat="-23.761525" lon="-46.557553"><ele>773.353</ele><time>2026-08-03T15:14:39Z</time></trkpt><trkpt lat="-23.76154" lon="-46.557547"><ele>773.262</ele><time>2026-08-03T15:14:40Z</time></trkpt><trkpt lat="-23.761552" lon="-46.557542"><ele>773.091</ele><time>2026-08-03T15:14:41Z</time></trkpt><trkpt lat="-23.761568" lon="-46.557537"><ele>772.681</ele><time>2026-08-03T15:14:42Z</time></trkpt><trkpt lat="-23.761583" lon="-46.55753"><ele>772.419</ele><time>2026-08-03T15:14:43Z</time></trkpt><trkpt lat="-23.761598" lon="-46.557527"><ele>772.309</ele><time>2026-08-03T15:14:44Z</time></trkpt><trkpt lat="-23.761615" lon="-46.55753"><ele>772.181</ele><time>2026-08-03T15:14:45Z</time></trkpt><trkpt lat="-23.761632" lon="-46.557528"><ele>771.876</ele><time>2026-08-03T15:14:46Z</time></trkpt><trkpt lat="-23.761657" lon="-46.557533"><ele>771.586</ele><time>2026-08-03T15:14:47Z</time></trkpt><trkpt lat="-23.761685" lon="-46.55754"><ele>771.214</ele><time>2026-08-03T15:14:48Z</time></trkpt><trkpt lat="-23.761707" lon="-46.557547"><ele>771.018</ele><time>2026-08-03T15:14:49Z</time></trkpt><trkpt lat="-23.761732" lon="-46.557548"><ele>771.043</ele><time>2026-08-03T15:14:50Z</time></trkpt><trkpt lat="-23.761758" lon="-46.557557"><ele>771.017</ele><time>2026-08-03T15:14:51Z</time></trkpt><trkpt lat="-23.761785" lon="-46.557568"><ele>770.816</ele><time>2026-08-03T15:14:52Z</time></trkpt><trkpt lat="-23.761808" lon="-46.557572"><ele>770.615</ele><time>2026-08-03T15:14:53Z</time></trkpt><trkpt lat="-23.761832" lon="-46.557588"><ele>770.658</ele><time>2026-08-03T15:14:54Z</time></trkpt><trkpt lat="-23.761857" lon="-46.557598"><ele>770.552</ele><time>2026-08-03T15:14:55Z</time></trkpt><trkpt lat="-23.761882" lon="-46.557605"><ele>770.417</ele><time>2026-08-03T15:14:56Z</time></trkpt><trkpt lat="-23.761903" lon="-46.557615"><ele>770.309</ele><time>2026-08-03T15:14:57Z</time></trkpt><trkpt lat="-23.761927" lon="-46.557625"><ele>770.317</ele><time>2026-08-03T15:14:58Z</time></trkpt><trkpt lat="-23.76195" lon="-46.557642"><ele>770.122</ele><time>2026-08-03T15:14:59Z</time></trkpt><trkpt lat="-23.761972" lon="-46.557657"><ele>769.422</ele><time>2026-08-03T15:15:00Z</time></trkpt><trkpt lat="-23.761995" lon="-46.557673"><ele>768.740</ele><time>2026-08-03T15:15:01Z</time></trkpt><trkpt lat="-23.76202" lon="-46.557688"><ele>768.694</ele><time>2026-08-03T15:15:02Z</time></trkpt><trkpt lat="-23.762045" lon="-46.557698"><ele>768.579</ele><time>2026-08-03T15:15:03Z</time></trkpt><trkpt lat="-23.762072" lon="-46.557705"><ele>768.253</ele><time>2026-08-03T15:15:04Z</time></trkpt><trkpt lat="-23.762093" lon="-46.557715"><ele>767.732</ele><time>2026-08-03T15:15:05Z</time></trkpt><trkpt lat="-23.762113" lon="-46.557727"><ele>767.331</ele><time>2026-08-03T15:15:06Z</time></trkpt><trkpt lat="-23.76213" lon="-46.557745"><ele>767.144</ele><time>2026-08-03T15:15:07Z</time></trkpt><trkpt lat="-23.762147" lon="-46.557765"><ele>767.105</ele><time>2026-08-03T15:15:08Z</time></trkpt><trkpt lat="-23.762165" lon="-46.557785"><ele>767.015</ele><time>2026-08-03T15:15:09Z</time></trkpt><trkpt lat="-23.762182" lon="-46.557805"><ele>766.909</ele><time>2026-08-03T15:15:10Z</time></trkpt><trkpt lat="-23.762198" lon="-46.557828"><ele>766.946</ele><time>2026-08-03T15:15:11Z</time></trkpt><trkpt lat="-23.762217" lon="-46.55785"><ele>766.971</ele><time>2026-08-03T15:15:12Z</time></trkpt><trkpt lat="-23.762242" lon="-46.55787"><ele>766.821</ele><time>2026-08-03T15:15:13Z</time></trkpt><trkpt lat="-23.76226" lon="-46.55789"><ele>766.769</ele><time>2026-08-03T15:15:14Z</time></trkpt><trkpt lat="-23.76228" lon="-46.557912"><ele>766.783</ele><time>2026-08-03T15:15:15Z</time></trkpt><trkpt lat="-23.762298" lon="-46.557942"><ele>766.668</ele><time>2026-08-03T15:15:16Z</time></trkpt><trkpt lat="-23.762315" lon="-46.557962"><ele>766.642</ele><time>2026-08-03T15:15:17Z</time></trkpt><trkpt lat="-23.762342" lon="-46.557987"><ele>766.571</ele><time>2026-08-03T15:15:18Z</time></trkpt><trkpt lat="-23.762367" lon="-46.558012"><ele>766.240</ele><time>2026-08-03T15:15:19Z</time></trkpt><trkpt lat="-23.762395" lon="-46.558032"><ele>765.975</ele><time>2026-08-03T15:15:20Z</time></trkpt><trkpt lat="-23.76242" lon="-46.558047"><ele>765.528</ele><time>2026-08-03T15:15:21Z</time></trkpt><trkpt lat="-23.762447" lon="-46.558062"><ele>765.220</ele><time>2026-08-03T15:15:22Z</time></trkpt><trkpt lat="-23.762462" lon="-46.558078"><ele>765.209</ele><time>2026-08-03T15:15:23Z</time></trkpt><trkpt lat="-23.762482" lon="-46.558095"><ele>765.289</ele><time>2026-08-03T15:15:24Z</time></trkpt><trkpt lat="-23.7625" lon="-46.558112"><ele>765.214</ele><time>2026-08-03T15:15:25Z</time></trkpt><trkpt lat="-23.762517" lon="-46.558133"><ele>765.234</ele><time>2026-08-03T15:15:26Z</time></trkpt><trkpt lat="-23.762543" lon="-46.558145"><ele>765.232</ele><time>2026-08-03T15:15:27Z</time></trkpt><trkpt lat="-23.762562" lon="-46.558155"><ele>765.226</ele><time>2026-08-03T15:15:28Z</time></trkpt><trkpt lat="-23.762583" lon="-46.558165"><ele>765.251</ele><time>2026-08-03T15:15:29Z</time></trkpt><trkpt lat="-23.762607" lon="-46.558173"><ele>765.215</ele><time>2026-08-03T15:15:30Z</time></trkpt><trkpt lat="-23.762627" lon="-46.558182"><ele>765.244</ele><time>2026-08-03T15:15:31Z</time></trkpt><trkpt lat="-23.762645" lon="-46.558197"><ele>765.243</ele><time>2026-08-03T15:15:32Z</time></trkpt><trkpt lat="-23.762658" lon="-46.558212"><ele>765.276</ele><time>2026-08-03T15:15:33Z</time></trkpt><trkpt lat="-23.762672" lon="-46.55823"><ele>765.290</ele><time>2026-08-03T15:15:34Z</time></trkpt><trkpt lat="-23.762687" lon="-46.558248"><ele>765.219</ele><time>2026-08-03T15:15:35Z</time></trkpt><trkpt lat="-23.762698" lon="-46.558262"><ele>765.209</ele><time>2026-08-03T15:15:36Z</time></trkpt><trkpt lat="-23.76272" lon="-46.558278"><ele>765.419</ele><time>2026-08-03T15:15:37Z</time></trkpt><trkpt lat="-23.76274" lon="-46.558303"><ele>765.934</ele><time>2026-08-03T15:15:38Z</time></trkpt><trkpt lat="-23.76276" lon="-46.558328"><ele>766.484</ele><time>2026-08-03T15:15:39Z</time></trkpt><trkpt lat="-23.762787" lon="-46.558357"><ele>767.062</ele><time>2026-08-03T15:15:40Z</time></trkpt><trkpt lat="-23.762808" lon="-46.558378"><ele>767.626</ele><time>2026-08-03T15:15:41Z</time></trkpt><trkpt lat="-23.762835" lon="-46.558412"><ele>768.031</ele><time>2026-08-03T15:15:42Z</time></trkpt><trkpt lat="-23.76286" lon="-46.558442"><ele>768.015</ele><time>2026-08-03T15:15:43Z</time></trkpt><trkpt lat="-23.762873" lon="-46.558468"><ele>768.034</ele><time>2026-08-03T15:15:44Z</time></trkpt><trkpt lat="-23.76289" lon="-46.558488"><ele>768.063</ele><time>2026-08-03T15:15:45Z</time></trkpt><trkpt lat="-23.762902" lon="-46.558512"><ele>768.072</ele><time>2026-08-03T15:15:46Z</time></trkpt><trkpt lat="-23.762938" lon="-46.558535"><ele>768.113</ele><time>2026-08-03T15:15:47Z</time></trkpt><trkpt lat="-23.762968" lon="-46.558565"><ele>768.214</ele><time>2026-08-03T15:15:48Z</time></trkpt><trkpt lat="-23.76299" lon="-46.558595"><ele>768.309</ele><time>2026-08-03T15:15:49Z</time></trkpt><trkpt lat="-23.763015" lon="-46.558615"><ele>768.499</ele><time>2026-08-03T15:15:50Z</time></trkpt><trkpt lat="-23.763042" lon="-46.558632"><ele>768.434</ele><time>2026-08-03T15:15:51Z</time></trkpt><trkpt lat="-23.763068" lon="-46.558648"><ele>768.524</ele><time>2026-08-03T15:15:52Z</time></trkpt><trkpt lat="-23.763113" lon="-46.558652"><ele>768.652</ele><time>2026-08-03T15:15:53Z</time></trkpt><trkpt lat="-23.763148" lon="-46.558652"><ele>768.736</ele><time>2026-08-03T15:15:54Z</time></trkpt><trkpt lat="-23.763172" lon="-46.558658"><ele>768.821</ele><time>2026-08-03T15:15:55Z</time></trkpt><trkpt lat="-23.763193" lon="-46.558675"><ele>768.885</ele><time>2026-08-03T15:15:56Z</time></trkpt><trkpt lat="-23.763213" lon="-46.558685"><ele>768.854</ele><time>2026-08-03T15:15:57Z</time></trkpt><trkpt lat="-23.763247" lon="-46.55869"><ele>768.873</ele><time>2026-08-03T15:15:58Z</time></trkpt><trkpt lat="-23.763277" lon="-46.558697"><ele>768.734</ele><time>2026-08-03T15:15:59Z</time></trkpt><trkpt lat="-23.763305" lon="-46.558708"><ele>768.755</ele><time>2026-08-03T15:16:00Z</time></trkpt><trkpt lat="-23.763325" lon="-46.558713"><ele>768.610</ele><time>2026-08-03T15:16:01Z</time></trkpt><trkpt lat="-23.763345" lon="-46.558712"><ele>768.409</ele><time>2026-08-03T15:16:02Z</time></trkpt><trkpt lat="-23.763365" lon="-46.55871"><ele>768.425</ele><time>2026-08-03T15:16:03Z</time></trkpt><trkpt lat="-23.763383" lon="-46.558718"><ele>768.480</ele><time>2026-08-03T15:16:04Z</time></trkpt><trkpt lat="-23.7634" lon="-46.558718"><ele>768.450</ele><time>2026-08-03T15:16:05Z</time></trkpt><trkpt lat="-23.76342" lon="-46.55873"><ele>768.468</ele><time>2026-08-03T15:16:06Z</time></trkpt><trkpt lat="-23.763445" lon="-46.558732"><ele>768.422</ele><time>2026-08-03T15:16:07Z</time></trkpt><trkpt lat="-23.763468" lon="-46.558738"><ele>768.467</ele><time>2026-08-03T15:16:08Z</time></trkpt><trkpt lat="-23.763503" lon="-46.558733"><ele>768.471</ele><time>2026-08-03T15:16:09Z</time></trkpt><trkpt lat="-23.763528" lon="-46.558732"><ele>768.450</ele><time>2026-08-03T15:16:10Z</time></trkpt><trkpt lat="-23.763557" lon="-46.558707"><ele>768.449</ele><time>2026-08-03T15:16:11Z</time></trkpt><trkpt lat="-23.763585" lon="-46.55868"><ele>768.432</ele><time>2026-08-03T15:16:12Z</time></trkpt><trkpt lat="-23.763612" lon="-46.558657"><ele>768.492</ele><time>2026-08-03T15:16:13Z</time></trkpt><trkpt lat="-23.763635" lon="-46.558632"><ele>768.411</ele><time>2026-08-03T15:16:14Z</time></trkpt><trkpt lat="-23.763657" lon="-46.558608"><ele>768.409</ele><time>2026-08-03T15:16:15Z</time></trkpt><trkpt lat="-23.763678" lon="-46.55859"><ele>768.465</ele><time>2026-08-03T15:16:16Z</time></trkpt><trkpt lat="-23.763703" lon="-46.558562"><ele>768.460</ele><time>2026-08-03T15:16:17Z</time></trkpt><trkpt lat="-23.763725" lon="-46.558535"><ele>768.480</ele><time>2026-08-03T15:16:18Z</time></trkpt><trkpt lat="-23.763747" lon="-46.558508"><ele>768.498</ele><time>2026-08-03T15:16:19Z</time></trkpt><trkpt lat="-23.76376" lon="-46.55848"><ele>768.452</ele><time>2026-08-03T15:16:20Z</time></trkpt><trkpt lat="-23.763763" lon="-46.558448"><ele>768.467</ele><time>2026-08-03T15:16:21Z</time></trkpt><trkpt lat="-23.763767" lon="-46.55842"><ele>768.361</ele><time>2026-08-03T15:16:22Z</time></trkpt><trkpt lat="-23.76377" lon="-46.558392"><ele>768.120</ele><time>2026-08-03T15:16:23Z</time></trkpt><trkpt lat="-23.763772" lon="-46.558363"><ele>768.149</ele><time>2026-08-03T15:16:24Z</time></trkpt><trkpt lat="-23.763763" lon="-46.558328"><ele>768.096</ele><time>2026-08-03T15:16:25Z</time></trkpt><trkpt lat="-23.763758" lon="-46.558297"><ele>768.031</ele><time>2026-08-03T15:16:26Z</time></trkpt><trkpt lat="-23.763757" lon="-46.558268"><ele>767.924</ele><time>2026-08-03T15:16:27Z</time></trkpt><trkpt lat="-23.76375" lon="-46.55824"><ele>767.809</ele><time>2026-08-03T15:16:28Z</time></trkpt><trkpt lat="-23.763748" lon="-46.558217"><ele>767.851</ele><time>2026-08-03T15:16:29Z</time></trkpt><trkpt lat="-23.763747" lon="-46.55819"><ele>767.886</ele><time>2026-08-03T15:16:30Z</time></trkpt><trkpt lat="-23.76375" lon="-46.55816"><ele>767.586</ele><time>2026-08-03T15:16:31Z</time></trkpt><trkpt lat="-23.763747" lon="-46.558127"><ele>767.064</ele><time>2026-08-03T15:16:32Z</time></trkpt><trkpt lat="-23.763753" lon="-46.558097"><ele>766.348</ele><time>2026-08-03T15:16:33Z</time></trkpt><trkpt lat="-23.763755" lon="-46.558067"><ele>765.733</ele><time>2026-08-03T15:16:34Z</time></trkpt><trkpt lat="-23.763757" lon="-46.558035"><ele>765.267</ele><time>2026-08-03T15:16:35Z</time></trkpt><trkpt lat="-23.763767" lon="-46.558007"><ele>764.836</ele><time>2026-08-03T15:16:36Z</time></trkpt><trkpt lat="-23.763777" lon="-46.557978"><ele>764.295</ele><time>2026-08-03T15:16:37Z</time></trkpt><trkpt lat="-23.76379" lon="-46.557958"><ele>763.695</ele><time>2026-08-03T15:16:38Z</time></trkpt><trkpt lat="-23.7638" lon="-46.557935"><ele>762.949</ele><time>2026-08-03T15:16:39Z</time></trkpt><trkpt lat="-23.763805" lon="-46.557918"><ele>762.323</ele><time>2026-08-03T15:16:40Z</time></trkpt><trkpt lat="-23.763823" lon="-46.557905"><ele>761.909</ele><time>2026-08-03T15:16:41Z</time></trkpt><trkpt lat="-23.763838" lon="-46.557895"><ele>761.531</ele><time>2026-08-03T15:16:42Z</time></trkpt><trkpt lat="-23.763848" lon="-46.55789"><ele>761.056</ele><time>2026-08-03T15:16:43Z</time></trkpt><trkpt lat="-23.763858" lon="-46.55788"><ele>760.646</ele><time>2026-08-03T15:16:45Z</time></trkpt><trkpt lat="-23.763848" lon="-46.557872"><ele>760.354</ele><time>2026-08-03T15:16:47Z</time></trkpt><trkpt lat="-23.763835" lon="-46.557867"><ele>760.018</ele><time>2026-08-03T15:16:49Z</time></trkpt><trkpt lat="-23.763828" lon="-46.557875"><ele>759.883</ele><time>2026-08-03T15:16:52Z</time></trkpt><trkpt lat="-23.76385" lon="-46.557855"><ele>759.537</ele><time>2026-08-03T15:16:54Z</time></trkpt><trkpt lat="-23.763872" lon="-46.55786"><ele>759.256</ele><time>2026-08-03T15:16:55Z</time></trkpt><trkpt lat="-23.763885" lon="-46.55786"><ele>759.085</ele><time>2026-08-03T15:16:56Z</time></trkpt><trkpt lat="-23.763875" lon="-46.557857"><ele>758.766</ele><time>2026-08-03T15:16:58Z</time></trkpt><trkpt lat="-23.763873" lon="-46.557845"><ele>758.329</ele><time>2026-08-03T15:17:00Z</time></trkpt><trkpt lat="-23.763872" lon="-46.557825"><ele>757.821</ele><time>2026-08-03T15:17:02Z</time></trkpt><trkpt lat="-23.763877" lon="-46.557817"><ele>757.609</ele><time>2026-08-03T15:17:03Z</time></trkpt><trkpt lat="-23.763892" lon="-46.557805"><ele>757.618</ele><time>2026-08-03T15:17:04Z</time></trkpt><trkpt lat="-23.763903" lon="-46.557797"><ele>757.653</ele><time>2026-08-03T15:17:05Z</time></trkpt><trkpt lat="-23.763903" lon="-46.557787"><ele>757.643</ele><time>2026-08-03T15:17:06Z</time></trkpt><trkpt lat="-23.763897" lon="-46.55778"><ele>757.651</ele><time>2026-08-03T15:17:07Z</time></trkpt><trkpt lat="-23.763885" lon="-46.557773"><ele>757.675</ele><time>2026-08-03T15:17:08Z</time></trkpt><trkpt lat="-23.763872" lon="-46.55778"><ele>757.670</ele><time>2026-08-03T15:17:09Z</time></trkpt><trkpt lat="-23.763865" lon="-46.557787"><ele>757.694</ele><time>2026-08-03T15:17:11Z</time></trkpt><trkpt lat="-23.76386" lon="-46.557817"><ele>757.673</ele><time>2026-08-03T15:17:13Z</time></trkpt><trkpt lat="-23.763865" lon="-46.557828"><ele>757.652</ele><time>2026-08-03T15:17:14Z</time></trkpt><trkpt lat="-23.763865" lon="-46.55784"><ele>757.641</ele><time>2026-08-03T15:17:16Z</time></trkpt><trkpt lat="-23.76386" lon="-46.557853"><ele>757.681</ele><time>2026-08-03T15:17:19Z</time></trkpt><trkpt lat="-23.763868" lon="-46.55786"><ele>757.609</ele><time>2026-08-03T15:17:21Z</time></trkpt><trkpt lat="-23.763888" lon="-46.557858"><ele>757.609</ele><time>2026-08-03T15:17:23Z</time></trkpt><trkpt lat="-23.7639" lon="-46.557852"><ele>757.646</ele><time>2026-08-03T15:17:28Z</time></trkpt><trkpt lat="-23.763888" lon="-46.557853"><ele>757.611</ele><time>2026-08-03T15:17:32Z</time></trkpt><trkpt lat="-23.76388" lon="-46.557867"><ele>757.711</ele><time>2026-08-03T15:17:38Z</time></trkpt><trkpt lat="-23.76387" lon="-46.557872"><ele>758.429</ele><time>2026-08-03T15:17:41Z</time></trkpt><trkpt lat="-23.763867" lon="-46.557848"><ele>759.233</ele><time>2026-08-03T15:17:43Z</time></trkpt><trkpt lat="-23.76386" lon="-46.557833"><ele>760.088</ele><time>2026-08-03T15:17:44Z</time></trkpt><trkpt lat="-23.763858" lon="-46.557815"><ele>760.652</ele><time>2026-08-03T15:17:45Z</time></trkpt><trkpt lat="-23.763855" lon="-46.557802"><ele>761.211</ele><time>2026-08-03T15:17:46Z</time></trkpt><trkpt lat="-23.763853" lon="-46.55779"><ele>762.190</ele><time>2026-08-03T15:17:47Z</time></trkpt><trkpt lat="-23.763843" lon="-46.557822"><ele>763.133</ele><time>2026-08-03T15:17:48Z</time></trkpt><trkpt lat="-23.763842" lon="-46.557807"><ele>764.123</ele><time>2026-08-03T15:17:49Z</time></trkpt><trkpt lat="-23.763845" lon="-46.55779"><ele>765.115</ele><time>2026-08-03T15:17:50Z</time></trkpt><trkpt lat="-23.763848" lon="-46.557773"><ele>765.509</ele><time>2026-08-03T15:17:51Z</time></trkpt><trkpt lat="-23.763882" lon="-46.557745"><ele>765.755</ele><time>2026-08-03T15:17:52Z</time></trkpt><trkpt lat="-23.763898" lon="-46.557722"><ele>765.950</ele><time>2026-08-03T15:17:53Z</time></trkpt><trkpt lat="-23.763917" lon="-46.557697"><ele>766.190</ele><time>2026-08-03T15:17:54Z</time></trkpt><trkpt lat="-23.76392" lon="-46.55767"><ele>766.258</ele><time>2026-08-03T15:17:55Z</time></trkpt><trkpt lat="-23.76392" lon="-46.557647"><ele>766.392</ele><time>2026-08-03T15:17:56Z</time></trkpt><trkpt lat="-23.763922" lon="-46.557617"><ele>766.327</ele><time>2026-08-03T15:17:57Z</time></trkpt><trkpt lat="-23.763923" lon="-46.557595"><ele>766.441</ele><time>2026-08-03T15:17:58Z</time></trkpt><trkpt lat="-23.763933" lon="-46.55758"><ele>766.580</ele><time>2026-08-03T15:17:59Z</time></trkpt><trkpt lat="-23.76394" lon="-46.557573"><ele>766.539</ele><time>2026-08-03T15:18:00Z</time></trkpt><trkpt lat="-23.763958" lon="-46.557577"><ele>766.655</ele><time>2026-08-03T15:18:02Z</time></trkpt><trkpt lat="-23.763968" lon="-46.557575"><ele>766.607</ele><time>2026-08-03T15:18:03Z</time></trkpt><trkpt lat="-23.763978" lon="-46.557587"><ele>766.717</ele><time>2026-08-03T15:18:04Z</time></trkpt><trkpt lat="-23.763988" lon="-46.55761"><ele>766.809</ele><time>2026-08-03T15:18:05Z</time></trkpt><trkpt lat="-23.764003" lon="-46.557612"><ele>766.997</ele><time>2026-08-03T15:18:06Z</time></trkpt><trkpt lat="-23.764027" lon="-46.557602"><ele>767.082</ele><time>2026-08-03T15:18:07Z</time></trkpt><trkpt lat="-23.76406" lon="-46.557608"><ele>767.072</ele><time>2026-08-03T15:18:08Z</time></trkpt><trkpt lat="-23.764088" lon="-46.557607"><ele>767.160</ele><time>2026-08-03T15:18:09Z</time></trkpt><trkpt lat="-23.764115" lon="-46.557623"><ele>767.234</ele><time>2026-08-03T15:18:10Z</time></trkpt><trkpt lat="-23.764132" lon="-46.557642"><ele>767.449</ele><time>2026-08-03T15:18:11Z</time></trkpt><trkpt lat="-23.764147" lon="-46.557667"><ele>767.623</ele><time>2026-08-03T15:18:12Z</time></trkpt><trkpt lat="-23.764162" lon="-46.55769"><ele>767.822</ele><time>2026-08-03T15:18:13Z</time></trkpt><trkpt lat="-23.764188" lon="-46.557693"><ele>768.071</ele><time>2026-08-03T15:18:14Z</time></trkpt><trkpt lat="-23.764197" lon="-46.557683"><ele>768.455</ele><time>2026-08-03T15:18:15Z</time></trkpt><trkpt lat="-23.764205" lon="-46.557673"><ele>769.207</ele><time>2026-08-03T15:18:16Z</time></trkpt><trkpt lat="-23.764217" lon="-46.55767"><ele>770.017</ele><time>2026-08-03T15:18:17Z</time></trkpt><trkpt lat="-23.76425" lon="-46.557622"><ele>770.509</ele><time>2026-08-03T15:18:18Z</time></trkpt><trkpt lat="-23.764273" lon="-46.55761"><ele>770.967</ele><time>2026-08-03T15:18:19Z</time></trkpt><trkpt lat="-23.76429" lon="-46.557602"><ele>771.392</ele><time>2026-08-03T15:18:20Z</time></trkpt><trkpt lat="-23.764305" lon="-46.557588"><ele>771.762</ele><time>2026-08-03T15:18:21Z</time></trkpt><trkpt lat="-23.764312" lon="-46.55758"><ele>772.220</ele><time>2026-08-03T15:18:22Z</time></trkpt><trkpt lat="-23.764335" lon="-46.557573"><ele>772.684</ele><time>2026-08-03T15:18:24Z</time></trkpt><trkpt lat="-23.764352" lon="-46.557563"><ele>772.959</ele><time>2026-08-03T15:18:25Z</time></trkpt><trkpt lat="-23.764365" lon="-46.557553"><ele>773.113</ele><time>2026-08-03T15:18:26Z</time></trkpt><trkpt lat="-23.764363" lon="-46.55754"><ele>773.232</ele><time>2026-08-03T15:18:27Z</time></trkpt><trkpt lat="-23.764352" lon="-46.557533"><ele>773.381</ele><time>2026-08-03T15:18:28Z</time></trkpt><trkpt lat="-23.764347" lon="-46.557523"><ele>774.151</ele><time>2026-08-03T15:18:30Z</time></trkpt><trkpt lat="-23.764352" lon="-46.557507"><ele>775.201</ele><time>2026-08-03T15:18:31Z</time></trkpt><trkpt lat="-23.764347" lon="-46.55749"><ele>776.011</ele><time>2026-08-03T15:18:32Z</time></trkpt><trkpt lat="-23.76434" lon="-46.557473"><ele>777.009</ele><time>2026-08-03T15:18:33Z</time></trkpt><trkpt lat="-23.76434" lon="-46.557463"><ele>780.547</ele><time>2026-08-03T15:18:34Z</time></trkpt><trkpt lat="-23.764343" lon="-46.55744"><ele>783.762</ele><time>2026-08-03T15:18:35Z</time></trkpt><trkpt lat="-23.764355" lon="-46.557413"><ele>783.792</ele><time>2026-08-03T15:18:36Z</time></trkpt><trkpt lat="-23.764355" lon="-46.557397"><ele>783.770</ele><time>2026-08-03T15:18:37Z</time></trkpt><trkpt lat="-23.764362" lon="-46.557378"><ele>783.774</ele><time>2026-08-03T15:18:38Z</time></trkpt><trkpt lat="-23.764363" lon="-46.557367"><ele>783.779</ele><time>2026-08-03T15:18:39Z</time></trkpt><trkpt lat="-23.764372" lon="-46.55735"><ele>783.743</ele><time>2026-08-03T15:18:40Z</time></trkpt><trkpt lat="-23.76438" lon="-46.557343"><ele>783.712</ele><time>2026-08-03T15:18:41Z</time></trkpt><trkpt lat="-23.764397" lon="-46.557347"><ele>783.771</ele><time>2026-08-03T15:18:43Z</time></trkpt><trkpt lat="-23.764412" lon="-46.557348"><ele>783.751</ele><time>2026-08-03T15:18:44Z</time></trkpt><trkpt lat="-23.764425" lon="-46.557352"><ele>783.701</ele><time>2026-08-03T15:18:46Z</time></trkpt><trkpt lat="-23.76444" lon="-46.55735"><ele>783.711</ele><time>2026-08-03T15:18:48Z</time></trkpt><trkpt lat="-23.764453" lon="-46.557365"><ele>783.709</ele><time>2026-08-03T15:18:49Z</time></trkpt><trkpt lat="-23.764463" lon="-46.55736"><ele>783.777</ele><time>2026-08-03T15:18:50Z</time></trkpt><trkpt lat="-23.764475" lon="-46.557345"><ele>783.792</ele><time>2026-08-03T15:18:52Z</time></trkpt><trkpt lat="-23.764473" lon="-46.557328"><ele>783.772</ele><time>2026-08-03T15:18:53Z</time></trkpt><trkpt lat="-23.764475" lon="-46.55731"><ele>783.690</ele><time>2026-08-03T15:18:54Z</time></trkpt><trkpt lat="-23.764478" lon="-46.55729"><ele>783.474</ele><time>2026-08-03T15:18:55Z</time></trkpt><trkpt lat="-23.76448" lon="-46.557268"><ele>783.179</ele><time>2026-08-03T15:18:56Z</time></trkpt><trkpt lat="-23.764482" lon="-46.55725"><ele>782.953</ele><time>2026-08-03T15:18:57Z</time></trkpt><trkpt lat="-23.764485" lon="-46.55723"><ele>782.842</ele><time>2026-08-03T15:18:58Z</time></trkpt><trkpt lat="-23.764488" lon="-46.557213"><ele>782.891</ele><time>2026-08-03T15:18:59Z</time></trkpt><trkpt lat="-23.764495" lon="-46.557197"><ele>782.792</ele><time>2026-08-03T15:19:00Z</time></trkpt><trkpt lat="-23.764507" lon="-46.557188"><ele>782.573</ele><time>2026-08-03T15:19:04Z</time></trkpt><trkpt lat="-23.764518" lon="-46.557177"><ele>782.520</ele><time>2026-08-03T15:19:05Z</time></trkpt><trkpt lat="-23.764518" lon="-46.557165"><ele>782.309</ele><time>2026-08-03T15:19:06Z</time></trkpt><trkpt lat="-23.764517" lon="-46.557152"><ele>782.111</ele><time>2026-08-03T15:19:07Z</time></trkpt><trkpt lat="-23.76452" lon="-46.557142"><ele>782.156</ele><time>2026-08-03T15:19:08Z</time></trkpt><trkpt lat="-23.76454" lon="-46.557137"><ele>782.026</ele><time>2026-08-03T15:19:09Z</time></trkpt><trkpt lat="-23.764565" lon="-46.557137"><ele>781.974</ele><time>2026-08-03T15:19:10Z</time></trkpt><trkpt lat="-23.764565" lon="-46.557113"><ele>781.958</ele><time>2026-08-03T15:19:11Z</time></trkpt><trkpt lat="-23.764563" lon="-46.557097"><ele>781.863</ele><time>2026-08-03T15:19:12Z</time></trkpt><trkpt lat="-23.764565" lon="-46.557078"><ele>781.637</ele><time>2026-08-03T15:19:13Z</time></trkpt><trkpt lat="-23.76457" lon="-46.557058"><ele>781.336</ele><time>2026-08-03T15:19:14Z</time></trkpt><trkpt lat="-23.764557" lon="-46.557035"><ele>780.935</ele><time>2026-08-03T15:19:15Z</time></trkpt><trkpt lat="-23.764555" lon="-46.557007"><ele>780.727</ele><time>2026-08-03T15:19:16Z</time></trkpt><trkpt lat="-23.76455" lon="-46.556988"><ele>780.768</ele><time>2026-08-03T15:19:17Z</time></trkpt><trkpt lat="-23.76455" lon="-46.556972"><ele>780.714</ele><time>2026-08-03T15:19:18Z</time></trkpt><trkpt lat="-23.764543" lon="-46.55696"><ele>780.709</ele><time>2026-08-03T15:19:19Z</time></trkpt><trkpt lat="-23.764553" lon="-46.556948"><ele>780.784</ele><time>2026-08-03T15:19:20Z</time></trkpt><trkpt lat="-23.764558" lon="-46.556927"><ele>780.759</ele><time>2026-08-03T15:19:21Z</time></trkpt><trkpt lat="-23.764565" lon="-46.556908"><ele>780.789</ele><time>2026-08-03T15:19:22Z</time></trkpt><trkpt lat="-23.764568" lon="-46.556887"><ele>780.737</ele><time>2026-08-03T15:19:23Z</time></trkpt><trkpt lat="-23.764573" lon="-46.556865"><ele>780.731</ele><time>2026-08-03T15:19:24Z</time></trkpt><trkpt lat="-23.764577" lon="-46.556847"><ele>780.716</ele><time>2026-08-03T15:19:25Z</time></trkpt><trkpt lat="-23.764583" lon="-46.556825"><ele>780.720</ele><time>2026-08-03T15:19:26Z</time></trkpt><trkpt lat="-23.76459" lon="-46.556807"><ele>780.779</ele><time>2026-08-03T15:19:27Z</time></trkpt><trkpt lat="-23.764598" lon="-46.556783"><ele>780.718</ele><time>2026-08-03T15:19:28Z</time></trkpt><trkpt lat="-23.764608" lon="-46.556763"><ele>780.782</ele><time>2026-08-03T15:19:29Z</time></trkpt><trkpt lat="-23.764613" lon="-46.556743"><ele>780.743</ele><time>2026-08-03T15:19:30Z</time></trkpt><trkpt lat="-23.764612" lon="-46.556723"><ele>780.717</ele><time>2026-08-03T15:19:31Z</time></trkpt><trkpt lat="-23.764607" lon="-46.556708"><ele>780.909</ele><time>2026-08-03T15:19:32Z</time></trkpt><trkpt lat="-23.764602" lon="-46.556692"><ele>781.240</ele><time>2026-08-03T15:19:33Z</time></trkpt><trkpt lat="-23.764603" lon="-46.556682"><ele>781.755</ele><time>2026-08-03T15:19:34Z</time></trkpt><trkpt lat="-23.7646" lon="-46.55666"><ele>782.585</ele><time>2026-08-03T15:19:35Z</time></trkpt><trkpt lat="-23.764613" lon="-46.556642"><ele>783.473</ele><time>2026-08-03T15:19:37Z</time></trkpt><trkpt lat="-23.764625" lon="-46.556638"><ele>784.327</ele><time>2026-08-03T15:19:38Z</time></trkpt><trkpt lat="-23.76464" lon="-46.556635"><ele>784.712</ele><time>2026-08-03T15:19:39Z</time></trkpt><trkpt lat="-23.76465" lon="-46.55663"><ele>784.896</ele><time>2026-08-03T15:19:40Z</time></trkpt><trkpt lat="-23.764662" lon="-46.556632"><ele>785.065</ele><time>2026-08-03T15:19:41Z</time></trkpt><trkpt lat="-23.764675" lon="-46.556633"><ele>785.474</ele><time>2026-08-03T15:19:42Z</time></trkpt><trkpt lat="-23.764685" lon="-46.556633"><ele>786.085</ele><time>2026-08-03T15:19:43Z</time></trkpt><trkpt lat="-23.764695" lon="-46.556632"><ele>786.589</ele><time>2026-08-03T15:19:44Z</time></trkpt><trkpt lat="-23.764707" lon="-46.556625"><ele>786.917</ele><time>2026-08-03T15:19:45Z</time></trkpt><trkpt lat="-23.764717" lon="-46.556613"><ele>787.409</ele><time>2026-08-03T15:19:47Z</time></trkpt><trkpt lat="-23.764723" lon="-46.556602"><ele>788.040</ele><time>2026-08-03T15:19:48Z</time></trkpt><trkpt lat="-23.76473" lon="-46.556593"><ele>788.445</ele><time>2026-08-03T15:19:49Z</time></trkpt><trkpt lat="-23.764735" lon="-46.556585"><ele>788.765</ele><time>2026-08-03T15:19:50Z</time></trkpt><trkpt lat="-23.764743" lon="-46.556577"><ele>789.053</ele><time>2026-08-03T15:19:51Z</time></trkpt><trkpt lat="-23.764752" lon="-46.556568"><ele>789.017</ele><time>2026-08-03T15:19:52Z</time></trkpt><trkpt lat="-23.764767" lon="-46.556557"><ele>789.252</ele><time>2026-08-03T15:19:54Z</time></trkpt><trkpt lat="-23.764787" lon="-46.556543"><ele>789.536</ele><time>2026-08-03T15:19:56Z</time></trkpt><trkpt lat="-23.764803" lon="-46.556537"><ele>790.075</ele><time>2026-08-03T15:19:58Z</time></trkpt><trkpt lat="-23.764818" lon="-46.556533"><ele>790.854</ele><time>2026-08-03T15:19:59Z</time></trkpt><trkpt lat="-23.764828" lon="-46.556528"><ele>791.595</ele><time>2026-08-03T15:20:00Z</time></trkpt><trkpt lat="-23.764837" lon="-46.556518"><ele>792.049</ele><time>2026-08-03T15:20:01Z</time></trkpt><trkpt lat="-23.764848" lon="-46.556515"><ele>792.623</ele><time>2026-08-03T15:20:02Z</time></trkpt><trkpt lat="-23.764857" lon="-46.556502"><ele>793.109</ele><time>2026-08-03T15:20:03Z</time></trkpt><trkpt lat="-23.764867" lon="-46.55649"><ele>793.551</ele><time>2026-08-03T15:20:04Z</time></trkpt><trkpt lat="-23.764875" lon="-46.556485"><ele>793.856</ele><time>2026-08-03T15:20:05Z</time></trkpt><trkpt lat="-23.76489" lon="-46.556472"><ele>794.156</ele><time>2026-08-03T15:20:07Z</time></trkpt><trkpt lat="-23.764897" lon="-46.556462"><ele>794.444</ele><time>2026-08-03T15:20:08Z</time></trkpt><trkpt lat="-23.764905" lon="-46.556455"><ele>794.988</ele><time>2026-08-03T15:20:09Z</time></trkpt><trkpt lat="-23.76492" lon="-46.556442"><ele>795.593</ele><time>2026-08-03T15:20:11Z</time></trkpt><trkpt lat="-23.764932" lon="-46.556432"><ele>796.467</ele><time>2026-08-03T15:20:12Z</time></trkpt><trkpt lat="-23.764948" lon="-46.556428"><ele>798.046</ele><time>2026-08-03T15:20:13Z</time></trkpt><trkpt lat="-23.764957" lon="-46.556413"><ele>799.185</ele><time>2026-08-03T15:20:14Z</time></trkpt><trkpt lat="-23.764965" lon="-46.556397"><ele>799.285</ele><time>2026-08-03T15:20:15Z</time></trkpt><trkpt lat="-23.764968" lon="-46.556378"><ele>799.389</ele><time>2026-08-03T15:20:16Z</time></trkpt><trkpt lat="-23.764968" lon="-46.55636"><ele>799.617</ele><time>2026-08-03T15:20:17Z</time></trkpt><trkpt lat="-23.764965" lon="-46.556343"><ele>800.109</ele><time>2026-08-03T15:20:18Z</time></trkpt><trkpt lat="-23.76496" lon="-46.556332"><ele>800.930</ele><time>2026-08-03T15:20:19Z</time></trkpt><trkpt lat="-23.764955" lon="-46.55632"><ele>801.585</ele><time>2026-08-03T15:20:20Z</time></trkpt><trkpt lat="-23.764953" lon="-46.556307"><ele>801.925</ele><time>2026-08-03T15:20:21Z</time></trkpt><trkpt lat="-23.764948" lon="-46.556293"><ele>802.643</ele><time>2026-08-03T15:20:22Z</time></trkpt><trkpt lat="-23.764943" lon="-46.556278"><ele>803.457</ele><time>2026-08-03T15:20:23Z</time></trkpt><trkpt lat="-23.764932" lon="-46.556265"><ele>803.912</ele><time>2026-08-03T15:20:24Z</time></trkpt><trkpt lat="-23.764917" lon="-46.556252"><ele>804.626</ele><time>2026-08-03T15:20:25Z</time></trkpt><trkpt lat="-23.7649" lon="-46.556242"><ele>805.385</ele><time>2026-08-03T15:20:26Z</time></trkpt><trkpt lat="-23.764882" lon="-46.556233"><ele>805.844</ele><time>2026-08-03T15:20:27Z</time></trkpt><trkpt lat="-23.764865" lon="-46.556222"><ele>806.334</ele><time>2026-08-03T15:20:28Z</time></trkpt><trkpt lat="-23.764847" lon="-46.556208"><ele>806.755</ele><time>2026-08-03T15:20:29Z</time></trkpt><trkpt lat="-23.764833" lon="-46.556193"><ele>807.410</ele><time>2026-08-03T15:20:30Z</time></trkpt><trkpt lat="-23.76482" lon="-46.556178"><ele>807.909</ele><time>2026-08-03T15:20:31Z</time></trkpt><trkpt lat="-23.764812" lon="-46.556158"><ele>808.165</ele><time>2026-08-03T15:20:32Z</time></trkpt><trkpt lat="-23.7648" lon="-46.556132"><ele>808.270</ele><time>2026-08-03T15:20:33Z</time></trkpt><trkpt lat="-23.764792" lon="-46.55611"><ele>808.460</ele><time>2026-08-03T15:20:34Z</time></trkpt><trkpt lat="-23.76478" lon="-46.55609"><ele>808.868</ele><time>2026-08-03T15:20:35Z</time></trkpt><trkpt lat="-23.764765" lon="-46.556078"><ele>809.372</ele><time>2026-08-03T15:20:36Z</time></trkpt><trkpt lat="-23.764753" lon="-46.55607"><ele>809.997</ele><time>2026-08-03T15:20:37Z</time></trkpt><trkpt lat="-23.76473" lon="-46.55606"><ele>810.721</ele><time>2026-08-03T15:20:38Z</time></trkpt><trkpt lat="-23.76471" lon="-46.556047"><ele>811.450</ele><time>2026-08-03T15:20:39Z</time></trkpt><trkpt lat="-23.764695" lon="-46.556032"><ele>811.679</ele><time>2026-08-03T15:20:40Z</time></trkpt><trkpt lat="-23.764682" lon="-46.556027"><ele>811.973</ele><time>2026-08-03T15:20:41Z</time></trkpt><trkpt lat="-23.764677" lon="-46.556005"><ele>812.385</ele><time>2026-08-03T15:20:42Z</time></trkpt><trkpt lat="-23.76468" lon="-46.555983"><ele>812.813</ele><time>2026-08-03T15:20:43Z</time></trkpt><trkpt lat="-23.764692" lon="-46.555973"><ele>813.109</ele><time>2026-08-03T15:20:44Z</time></trkpt><trkpt lat="-23.76471" lon="-46.555975"><ele>813.299</ele><time>2026-08-03T15:20:46Z</time></trkpt><trkpt lat="-23.764722" lon="-46.555983"><ele>813.644</ele><time>2026-08-03T15:20:47Z</time></trkpt><trkpt lat="-23.764735" lon="-46.555992"><ele>814.064</ele><time>2026-08-03T15:20:48Z</time></trkpt><trkpt lat="-23.76475" lon="-46.556005"><ele>814.012</ele><time>2026-08-03T15:20:49Z</time></trkpt><trkpt lat="-23.764765" lon="-46.55602"><ele>814.026</ele><time>2026-08-03T15:20:50Z</time></trkpt><trkpt lat="-23.76478" lon="-46.55603"><ele>814.051</ele><time>2026-08-03T15:20:51Z</time></trkpt><trkpt lat="-23.764797" lon="-46.556043"><ele>814.095</ele><time>2026-08-03T15:20:52Z</time></trkpt><trkpt lat="-23.764815" lon="-46.556058"><ele>814.044</ele><time>2026-08-03T15:20:53Z</time></trkpt><trkpt lat="-23.764828" lon="-46.556077"><ele>814.093</ele><time>2026-08-03T15:20:54Z</time></trkpt><trkpt lat="-23.76484" lon="-46.556097"><ele>814.031</ele><time>2026-08-03T15:20:55Z</time></trkpt><trkpt lat="-23.764855" lon="-46.556118"><ele>814.061</ele><time>2026-08-03T15:20:56Z</time></trkpt><trkpt lat="-23.764872" lon="-46.556142"><ele>814.007</ele><time>2026-08-03T15:20:57Z</time></trkpt><trkpt lat="-23.764892" lon="-46.556175"><ele>814.009</ele><time>2026-08-03T15:20:58Z</time></trkpt><trkpt lat="-23.764915" lon="-46.556197"><ele>814.045</ele><time>2026-08-03T15:20:59Z</time></trkpt><trkpt lat="-23.764937" lon="-46.556218"><ele>814.040</ele><time>2026-08-03T15:21:00Z</time></trkpt><trkpt lat="-23.764955" lon="-46.556237"><ele>814.070</ele><time>2026-08-03T15:21:01Z</time></trkpt><trkpt lat="-23.764977" lon="-46.55626"><ele>814.058</ele><time>2026-08-03T15:21:02Z</time></trkpt><trkpt lat="-23.765" lon="-46.55628"><ele>813.912</ele><time>2026-08-03T15:21:03Z</time></trkpt><trkpt lat="-23.765025" lon="-46.556297"><ele>813.467</ele><time>2026-08-03T15:21:04Z</time></trkpt><trkpt lat="-23.765052" lon="-46.556313"><ele>812.981</ele><time>2026-08-03T15:21:05Z</time></trkpt><trkpt lat="-23.765075" lon="-46.556327"><ele>812.510</ele><time>2026-08-03T15:21:06Z</time></trkpt><trkpt lat="-23.765097" lon="-46.556333"><ele>812.199</ele><time>2026-08-03T15:21:07Z</time></trkpt><trkpt lat="-23.765112" lon="-46.556333"><ele>811.753</ele><time>2026-08-03T15:21:08Z</time></trkpt><trkpt lat="-23.765142" lon="-46.556332"><ele>811.704</ele><time>2026-08-03T15:21:09Z</time></trkpt><trkpt lat="-23.765172" lon="-46.556333"><ele>811.514</ele><time>2026-08-03T15:21:10Z</time></trkpt><trkpt lat="-23.7652" lon="-46.556328"><ele>811.409</ele><time>2026-08-03T15:21:11Z</time></trkpt><trkpt lat="-23.765223" lon="-46.556328"><ele>811.437</ele><time>2026-08-03T15:21:12Z</time></trkpt><trkpt lat="-23.765245" lon="-46.556332"><ele>811.322</ele><time>2026-08-03T15:21:13Z</time></trkpt><trkpt lat="-23.765265" lon="-46.556335"><ele>811.272</ele><time>2026-08-03T15:21:14Z</time></trkpt><trkpt lat="-23.765293" lon="-46.556348"><ele>811.250</ele><time>2026-08-03T15:21:15Z</time></trkpt><trkpt lat="-23.765313" lon="-46.55636"><ele>811.244</ele><time>2026-08-03T15:21:16Z</time></trkpt><trkpt lat="-23.765337" lon="-46.556367"><ele>811.139</ele><time>2026-08-03T15:21:17Z</time></trkpt><trkpt lat="-23.76536" lon="-46.556378"><ele>811.193</ele><time>2026-08-03T15:21:18Z</time></trkpt><trkpt lat="-23.76538" lon="-46.556397"><ele>811.032</ele><time>2026-08-03T15:21:19Z</time></trkpt><trkpt lat="-23.7654" lon="-46.556415"><ele>810.911</ele><time>2026-08-03T15:21:20Z</time></trkpt><trkpt lat="-23.765428" lon="-46.556427"><ele>810.846</ele><time>2026-08-03T15:21:21Z</time></trkpt><trkpt lat="-23.765452" lon="-46.556435"><ele>810.888</ele><time>2026-08-03T15:21:22Z</time></trkpt><trkpt lat="-23.765472" lon="-46.556443"><ele>810.716</ele><time>2026-08-03T15:21:23Z</time></trkpt><trkpt lat="-23.76549" lon="-46.556452"><ele>810.609</ele><time>2026-08-03T15:21:24Z</time></trkpt><trkpt lat="-23.765507" lon="-46.55646"><ele>810.366</ele><time>2026-08-03T15:21:25Z</time></trkpt><trkpt lat="-23.765518" lon="-46.556462"><ele>809.941</ele><time>2026-08-03T15:21:26Z</time></trkpt><trkpt lat="-23.765532" lon="-46.556472"><ele>809.661</ele><time>2026-08-03T15:21:27Z</time></trkpt><trkpt lat="-23.765547" lon="-46.556483"><ele>809.269</ele><time>2026-08-03T15:21:28Z</time></trkpt><trkpt lat="-23.765563" lon="-46.556502"><ele>808.893</ele><time>2026-08-03T15:21:29Z</time></trkpt><trkpt lat="-23.765582" lon="-46.556525"><ele>808.448</ele><time>2026-08-03T15:21:30Z</time></trkpt><trkpt lat="-23.765598" lon="-46.556547"><ele>807.912</ele><time>2026-08-03T15:21:31Z</time></trkpt><trkpt lat="-23.765612" lon="-46.556565"><ele>807.411</ele><time>2026-08-03T15:21:32Z</time></trkpt><trkpt lat="-23.765628" lon="-46.556582"><ele>807.090</ele><time>2026-08-03T15:21:33Z</time></trkpt><trkpt lat="-23.765642" lon="-46.556598"><ele>806.885</ele><time>2026-08-03T15:21:34Z</time></trkpt><trkpt lat="-23.765655" lon="-46.556617"><ele>806.489</ele><time>2026-08-03T15:21:35Z</time></trkpt><trkpt lat="-23.76567" lon="-46.556632"><ele>805.517</ele><time>2026-08-03T15:21:36Z</time></trkpt><trkpt lat="-23.765688" lon="-46.556648"><ele>804.709</ele><time>2026-08-03T15:21:37Z</time></trkpt><trkpt lat="-23.765707" lon="-46.556667"><ele>803.790</ele><time>2026-08-03T15:21:38Z</time></trkpt><trkpt lat="-23.765725" lon="-46.556687"><ele>803.015</ele><time>2026-08-03T15:21:39Z</time></trkpt><trkpt lat="-23.765738" lon="-46.556703"><ele>802.215</ele><time>2026-08-03T15:21:40Z</time></trkpt><trkpt lat="-23.765745" lon="-46.556723"><ele>801.493</ele><time>2026-08-03T15:21:41Z</time></trkpt><trkpt lat="-23.765745" lon="-46.556747"><ele>800.817</ele><time>2026-08-03T15:21:42Z</time></trkpt><trkpt lat="-23.765747" lon="-46.556765"><ele>800.172</ele><time>2026-08-03T15:21:43Z</time></trkpt><trkpt lat="-23.765752" lon="-46.556783"><ele>799.446</ele><time>2026-08-03T15:21:44Z</time></trkpt><trkpt lat="-23.76576" lon="-46.556803"><ele>798.865</ele><time>2026-08-03T15:21:45Z</time></trkpt><trkpt lat="-23.765765" lon="-46.556827"><ele>798.194</ele><time>2026-08-03T15:21:46Z</time></trkpt><trkpt lat="-23.765768" lon="-46.556843"><ele>797.377</ele><time>2026-08-03T15:21:47Z</time></trkpt><trkpt lat="-23.765778" lon="-46.55686"><ele>796.461</ele><time>2026-08-03T15:21:48Z</time></trkpt><trkpt lat="-23.76579" lon="-46.556877"><ele>795.627</ele><time>2026-08-03T15:21:49Z</time></trkpt><trkpt lat="-23.7658" lon="-46.556887"><ele>794.909</ele><time>2026-08-03T15:21:50Z</time></trkpt><trkpt lat="-23.765808" lon="-46.556907"><ele>794.259</ele><time>2026-08-03T15:21:51Z</time></trkpt><trkpt lat="-23.76582" lon="-46.556925"><ele>793.594</ele><time>2026-08-03T15:21:53Z</time></trkpt><trkpt lat="-23.765828" lon="-46.556937"><ele>792.944</ele><time>2026-08-03T15:21:54Z</time></trkpt><trkpt lat="-23.765843" lon="-46.556957"><ele>792.312</ele><time>2026-08-03T15:21:55Z</time></trkpt><trkpt lat="-23.76587" lon="-46.556978"><ele>791.766</ele><time>2026-08-03T15:21:56Z</time></trkpt><trkpt lat="-23.765888" lon="-46.556992"><ele>790.851</ele><time>2026-08-03T15:21:57Z</time></trkpt><trkpt lat="-23.76591" lon="-46.557005"><ele>790.145</ele><time>2026-08-03T15:21:58Z</time></trkpt><trkpt lat="-23.765927" lon="-46.557015"><ele>789.744</ele><time>2026-08-03T15:21:59Z</time></trkpt><trkpt lat="-23.765947" lon="-46.557023"><ele>789.273</ele><time>2026-08-03T15:22:00Z</time></trkpt><trkpt lat="-23.765962" lon="-46.55703"><ele>788.758</ele><time>2026-08-03T15:22:01Z</time></trkpt><trkpt lat="-23.765975" lon="-46.557037"><ele>788.252</ele><time>2026-08-03T15:22:02Z</time></trkpt><trkpt lat="-23.765985" lon="-46.557038"><ele>787.717</ele><time>2026-08-03T15:22:03Z</time></trkpt><trkpt lat="-23.765995" lon="-46.557045"><ele>787.309</ele><time>2026-08-03T15:22:05Z</time></trkpt><trkpt lat="-23.766007" lon="-46.557047"><ele>786.977</ele><time>2026-08-03T15:22:07Z</time></trkpt><trkpt lat="-23.766022" lon="-46.55706"><ele>786.582</ele><time>2026-08-03T15:22:10Z</time></trkpt><trkpt lat="-23.76603" lon="-46.557068"><ele>786.172</ele><time>2026-08-03T15:22:11Z</time></trkpt><trkpt lat="-23.766042" lon="-46.557077"><ele>785.690</ele><time>2026-08-03T15:22:12Z</time></trkpt><trkpt lat="-23.766055" lon="-46.557067"><ele>785.164</ele><time>2026-08-03T15:22:15Z</time></trkpt><trkpt lat="-23.766067" lon="-46.557065"><ele>784.919</ele><time>2026-08-03T15:22:17Z</time></trkpt><trkpt lat="-23.766082" lon="-46.557065"><ele>784.873</ele><time>2026-08-03T15:22:19Z</time></trkpt><trkpt lat="-23.76609" lon="-46.55706"><ele>784.862</ele><time>2026-08-03T15:22:22Z</time></trkpt><trkpt lat="-23.766088" lon="-46.557073"><ele>784.891</ele><time>2026-08-03T15:22:25Z</time></trkpt><trkpt lat="-23.766078" lon="-46.557075"><ele>784.871</ele><time>2026-08-03T15:22:26Z</time></trkpt><trkpt lat="-23.766068" lon="-46.557073"><ele>784.841</ele><time>2026-08-03T15:22:31Z</time></trkpt><trkpt lat="-23.766053" lon="-46.557068"><ele>784.815</ele><time>2026-08-03T15:22:32Z</time></trkpt><trkpt lat="-23.766055" lon="-46.557095"><ele>784.809</ele><time>2026-08-03T15:22:33Z</time></trkpt><trkpt lat="-23.76605" lon="-46.557105"><ele>784.829</ele><time>2026-08-03T15:22:34Z</time></trkpt><trkpt lat="-23.76605" lon="-46.557123"><ele>784.824</ele><time>2026-08-03T15:22:35Z</time></trkpt><trkpt lat="-23.766053" lon="-46.557145"><ele>784.854</ele><time>2026-08-03T15:22:36Z</time></trkpt><trkpt lat="-23.766058" lon="-46.557162"><ele>784.822</ele><time>2026-08-03T15:22:37Z</time></trkpt><trkpt lat="-23.766065" lon="-46.55718"><ele>784.836</ele><time>2026-08-03T15:22:38Z</time></trkpt><trkpt lat="-23.766073" lon="-46.55719"><ele>784.891</ele><time>2026-08-03T15:22:39Z</time></trkpt><trkpt lat="-23.766075" lon="-46.557208"><ele>784.895</ele><time>2026-08-03T15:22:40Z</time></trkpt><trkpt lat="-23.766082" lon="-46.55723"><ele>784.824</ele><time>2026-08-03T15:22:41Z</time></trkpt><trkpt lat="-23.766087" lon="-46.557248"><ele>784.883</ele><time>2026-08-03T15:22:42Z</time></trkpt><trkpt lat="-23.766092" lon="-46.55726"><ele>785.614</ele><time>2026-08-03T15:22:43Z</time></trkpt><trkpt lat="-23.766103" lon="-46.557275"><ele>786.454</ele><time>2026-08-03T15:22:44Z</time></trkpt><trkpt lat="-23.766113" lon="-46.55729"><ele>786.409</ele><time>2026-08-03T15:22:45Z</time></trkpt><trkpt lat="-23.766122" lon="-46.557302"><ele>786.409</ele><time>2026-08-03T15:22:46Z</time></trkpt><trkpt lat="-23.766135" lon="-46.557312"><ele>786.553</ele><time>2026-08-03T15:22:47Z</time></trkpt><trkpt lat="-23.766147" lon="-46.557327"><ele>786.538</ele><time>2026-08-03T15:22:48Z</time></trkpt><trkpt lat="-23.766157" lon="-46.557342"><ele>786.588</ele><time>2026-08-03T15:22:49Z</time></trkpt><trkpt lat="-23.766172" lon="-46.557358"><ele>786.516</ele><time>2026-08-03T15:22:50Z</time></trkpt><trkpt lat="-23.766182" lon="-46.55737"><ele>786.760</ele><time>2026-08-03T15:22:51Z</time></trkpt><trkpt lat="-23.766188" lon="-46.557382"><ele>786.835</ele><time>2026-08-03T15:22:52Z</time></trkpt><trkpt lat="-23.766193" lon="-46.557355"><ele>786.949</ele><time>2026-08-03T15:22:55Z</time></trkpt><trkpt lat="-23.766188" lon="-46.557337"><ele>787.188</ele><time>2026-08-03T15:22:57Z</time></trkpt><trkpt lat="-23.766178" lon="-46.557335"><ele>787.187</ele><time>2026-08-03T15:22:59Z</time></trkpt><trkpt lat="-23.766178" lon="-46.557345"><ele>787.155</ele><time>2026-08-03T15:23:01Z</time></trkpt><trkpt lat="-23.766187" lon="-46.557352"><ele>787.107</ele><time>2026-08-03T15:23:03Z</time></trkpt><trkpt lat="-23.766203" lon="-46.55735"><ele>787.117</ele><time>2026-08-03T15:23:04Z</time></trkpt><trkpt lat="-23.76622" lon="-46.557347"><ele>787.109</ele><time>2026-08-03T15:23:05Z</time></trkpt><trkpt lat="-23.766237" lon="-46.557352"><ele>787.157</ele><time>2026-08-03T15:23:06Z</time></trkpt><trkpt lat="-23.76625" lon="-46.557355"><ele>786.952</ele><time>2026-08-03T15:23:07Z</time></trkpt><trkpt lat="-23.766263" lon="-46.55736"><ele>786.732</ele><time>2026-08-03T15:23:08Z</time></trkpt><trkpt lat="-23.766277" lon="-46.557365"><ele>786.590</ele><time>2026-08-03T15:23:09Z</time></trkpt><trkpt lat="-23.766288" lon="-46.557368"><ele>786.544</ele><time>2026-08-03T15:23:10Z</time></trkpt><trkpt lat="-23.766307" lon="-46.557377"><ele>786.539</ele><time>2026-08-03T15:23:11Z</time></trkpt><trkpt lat="-23.766322" lon="-46.55738"><ele>786.543</ele><time>2026-08-03T15:23:12Z</time></trkpt><trkpt lat="-23.766337" lon="-46.557385"><ele>786.552</ele><time>2026-08-03T15:23:13Z</time></trkpt><trkpt lat="-23.76635" lon="-46.557393"><ele>786.461</ele><time>2026-08-03T15:23:14Z</time></trkpt><trkpt lat="-23.766365" lon="-46.557403"><ele>786.424</ele><time>2026-08-03T15:23:15Z</time></trkpt><trkpt lat="-23.766385" lon="-46.557413"><ele>785.704</ele><time>2026-08-03T15:23:16Z</time></trkpt><trkpt lat="-23.76641" lon="-46.557415"><ele>785.214</ele><time>2026-08-03T15:23:18Z</time></trkpt><trkpt lat="-23.766425" lon="-46.557425"><ele>785.209</ele><time>2026-08-03T15:23:19Z</time></trkpt><trkpt lat="-23.766442" lon="-46.557442"><ele>785.214</ele><time>2026-08-03T15:23:20Z</time></trkpt><trkpt lat="-23.766458" lon="-46.557452"><ele>785.289</ele><time>2026-08-03T15:23:21Z</time></trkpt><trkpt lat="-23.76647" lon="-46.55746"><ele>785.219</ele><time>2026-08-03T15:23:22Z</time></trkpt><trkpt lat="-23.766482" lon="-46.557467"><ele>785.247</ele><time>2026-08-03T15:23:23Z</time></trkpt><trkpt lat="-23.766492" lon="-46.557477"><ele>785.211</ele><time>2026-08-03T15:23:24Z</time></trkpt><trkpt lat="-23.766507" lon="-46.557487"><ele>785.276</ele><time>2026-08-03T15:23:25Z</time></trkpt><trkpt lat="-23.766523" lon="-46.557497"><ele>785.230</ele><time>2026-08-03T15:23:26Z</time></trkpt><trkpt lat="-23.76654" lon="-46.55751"><ele>785.259</ele><time>2026-08-03T15:23:27Z</time></trkpt><trkpt lat="-23.76656" lon="-46.557523"><ele>785.228</ele><time>2026-08-03T15:23:28Z</time></trkpt><trkpt lat="-23.766583" lon="-46.557537"><ele>785.259</ele><time>2026-08-03T15:23:29Z</time></trkpt><trkpt lat="-23.766602" lon="-46.557552"><ele>785.203</ele><time>2026-08-03T15:23:30Z</time></trkpt><trkpt lat="-23.766617" lon="-46.557563"><ele>785.223</ele><time>2026-08-03T15:23:31Z</time></trkpt><trkpt lat="-23.766628" lon="-46.557577"><ele>785.209</ele><time>2026-08-03T15:23:32Z</time></trkpt><trkpt lat="-23.76664" lon="-46.557587"><ele>785.417</ele><time>2026-08-03T15:23:33Z</time></trkpt><trkpt lat="-23.766655" lon="-46.557592"><ele>785.812</ele><time>2026-08-03T15:23:34Z</time></trkpt><trkpt lat="-23.766662" lon="-46.557602"><ele>786.292</ele><time>2026-08-03T15:23:35Z</time></trkpt><trkpt lat="-23.76667" lon="-46.557613"><ele>786.550</ele><time>2026-08-03T15:23:36Z</time></trkpt><trkpt lat="-23.766678" lon="-46.55762"><ele>786.924</ele><time>2026-08-03T15:23:37Z</time></trkpt><trkpt lat="-23.766697" lon="-46.55763"><ele>787.379</ele><time>2026-08-03T15:23:38Z</time></trkpt><trkpt lat="-23.766713" lon="-46.557642"><ele>788.013</ele><time>2026-08-03T15:23:39Z</time></trkpt><trkpt lat="-23.766737" lon="-46.557648"><ele>788.682</ele><time>2026-08-03T15:23:40Z</time></trkpt><trkpt lat="-23.766757" lon="-46.557652"><ele>789.111</ele><time>2026-08-03T15:23:41Z</time></trkpt><trkpt lat="-23.766778" lon="-46.557662"><ele>789.551</ele><time>2026-08-03T15:23:42Z</time></trkpt><trkpt lat="-23.766802" lon="-46.557682"><ele>789.801</ele><time>2026-08-03T15:23:43Z</time></trkpt><trkpt lat="-23.76682" lon="-46.557697"><ele>790.111</ele><time>2026-08-03T15:23:44Z</time></trkpt><trkpt lat="-23.766835" lon="-46.5577"><ele>790.309</ele><time>2026-08-03T15:23:45Z</time></trkpt><trkpt lat="-23.766848" lon="-46.557705"><ele>790.487</ele><time>2026-08-03T15:23:46Z</time></trkpt><trkpt lat="-23.766857" lon="-46.557712"><ele>790.522</ele><time>2026-08-03T15:23:47Z</time></trkpt><trkpt lat="-23.766868" lon="-46.557718"><ele>790.712</ele><time>2026-08-03T15:23:48Z</time></trkpt><trkpt lat="-23.766885" lon="-46.557725"><ele>790.820</ele><time>2026-08-03T15:23:49Z</time></trkpt><trkpt lat="-23.766907" lon="-46.557728"><ele>790.964</ele><time>2026-08-03T15:23:50Z</time></trkpt><trkpt lat="-23.766928" lon="-46.557737"><ele>791.129</ele><time>2026-08-03T15:23:51Z</time></trkpt><trkpt lat="-23.76694" lon="-46.557743"><ele>791.313</ele><time>2026-08-03T15:23:52Z</time></trkpt><trkpt lat="-23.766955" lon="-46.557743"><ele>791.752</ele><time>2026-08-03T15:23:53Z</time></trkpt><trkpt lat="-23.766967" lon="-46.557752"><ele>792.141</ele><time>2026-08-03T15:23:54Z</time></trkpt><trkpt lat="-23.766975" lon="-46.557762"><ele>792.468</ele><time>2026-08-03T15:23:55Z</time></trkpt><trkpt lat="-23.766985" lon="-46.55777"><ele>792.942</ele><time>2026-08-03T15:23:56Z</time></trkpt><trkpt lat="-23.766993" lon="-46.55778"><ele>793.426</ele><time>2026-08-03T15:23:57Z</time></trkpt><trkpt lat="-23.767008" lon="-46.557788"><ele>793.909</ele><time>2026-08-03T15:23:58Z</time></trkpt><trkpt lat="-23.767022" lon="-46.557802"><ele>794.418</ele><time>2026-08-03T15:23:59Z</time></trkpt><trkpt lat="-23.767038" lon="-46.55782"><ele>794.683</ele><time>2026-08-03T15:24:00Z</time></trkpt><trkpt lat="-23.767053" lon="-46.55784"><ele>794.743</ele><time>2026-08-03T15:24:01Z</time></trkpt><trkpt lat="-23.767072" lon="-46.557862"><ele>794.771</ele><time>2026-08-03T15:24:02Z</time></trkpt><trkpt lat="-23.767092" lon="-46.557887"><ele>794.875</ele><time>2026-08-03T15:24:03Z</time></trkpt><trkpt lat="-23.767105" lon="-46.557912"><ele>794.960</ele><time>2026-08-03T15:24:04Z</time></trkpt><trkpt lat="-23.767117" lon="-46.55794"><ele>795.074</ele><time>2026-08-03T15:24:05Z</time></trkpt><trkpt lat="-23.767132" lon="-46.557965"><ele>795.143</ele><time>2026-08-03T15:24:06Z</time></trkpt><trkpt lat="-23.767153" lon="-46.557987"><ele>795.272</ele><time>2026-08-03T15:24:07Z</time></trkpt><trkpt lat="-23.767178" lon="-46.558002"><ele>795.312</ele><time>2026-08-03T15:24:08Z</time></trkpt><trkpt lat="-23.767205" lon="-46.558025"><ele>795.432</ele><time>2026-08-03T15:24:09Z</time></trkpt><trkpt lat="-23.767228" lon="-46.55805"><ele>795.505</ele><time>2026-08-03T15:24:10Z</time></trkpt><trkpt lat="-23.767243" lon="-46.558053"><ele>795.609</ele><time>2026-08-03T15:24:11Z</time></trkpt><trkpt lat="-23.76726" lon="-46.558077"><ele>795.713</ele><time>2026-08-03T15:24:12Z</time></trkpt><trkpt lat="-23.767275" lon="-46.558098"><ele>795.768</ele><time>2026-08-03T15:24:13Z</time></trkpt><trkpt lat="-23.767292" lon="-46.558132"><ele>795.878</ele><time>2026-08-03T15:24:14Z</time></trkpt><trkpt lat="-23.767307" lon="-46.558155"><ele>795.816</ele><time>2026-08-03T15:24:15Z</time></trkpt><trkpt lat="-23.767338" lon="-46.558188"><ele>795.830</ele><time>2026-08-03T15:24:16Z</time></trkpt><trkpt lat="-23.767363" lon="-46.558227"><ele>795.835</ele><time>2026-08-03T15:24:17Z</time></trkpt><trkpt lat="-23.767385" lon="-46.558255"><ele>795.829</ele><time>2026-08-03T15:24:18Z</time></trkpt><trkpt lat="-23.767405" lon="-46.558273"><ele>795.868</ele><time>2026-08-03T15:24:19Z</time></trkpt><trkpt lat="-23.767432" lon="-46.55829"><ele>795.757</ele><time>2026-08-03T15:24:20Z</time></trkpt><trkpt lat="-23.767445" lon="-46.558303"><ele>795.675</ele><time>2026-08-03T15:24:21Z</time></trkpt><trkpt lat="-23.767442" lon="-46.558337"><ele>795.528</ele><time>2026-08-03T15:24:22Z</time></trkpt><trkpt lat="-23.767447" lon="-46.558362"><ele>795.520</ele><time>2026-08-03T15:24:23Z</time></trkpt><trkpt lat="-23.767458" lon="-46.558387"><ele>795.409</ele><time>2026-08-03T15:24:24Z</time></trkpt><trkpt lat="-23.767475" lon="-46.558413"><ele>795.469</ele><time>2026-08-03T15:24:25Z</time></trkpt><trkpt lat="-23.76749" lon="-46.558445"><ele>795.384</ele><time>2026-08-03T15:24:26Z</time></trkpt><trkpt lat="-23.767513" lon="-46.55847"><ele>795.364</ele><time>2026-08-03T15:24:27Z</time></trkpt><trkpt lat="-23.76753" lon="-46.55847"><ele>795.342</ele><time>2026-08-03T15:24:28Z</time></trkpt><trkpt lat="-23.767547" lon="-46.558485"><ele>795.366</ele><time>2026-08-03T15:24:29Z</time></trkpt><trkpt lat="-23.767563" lon="-46.558502"><ele>795.331</ele><time>2026-08-03T15:24:30Z</time></trkpt><trkpt lat="-23.767578" lon="-46.558513"><ele>795.395</ele><time>2026-08-03T15:24:31Z</time></trkpt><trkpt lat="-23.767615" lon="-46.558523"><ele>795.324</ele><time>2026-08-03T15:24:32Z</time></trkpt><trkpt lat="-23.767647" lon="-46.558543"><ele>795.143</ele><time>2026-08-03T15:24:33Z</time></trkpt><trkpt lat="-23.767677" lon="-46.558578"><ele>794.981</ele><time>2026-08-03T15:24:34Z</time></trkpt><trkpt lat="-23.767703" lon="-46.558613"><ele>794.861</ele><time>2026-08-03T15:24:35Z</time></trkpt><trkpt lat="-23.767728" lon="-46.55863"><ele>794.817</ele><time>2026-08-03T15:24:36Z</time></trkpt><trkpt lat="-23.767748" lon="-46.558643"><ele>794.809</ele><time>2026-08-03T15:24:37Z</time></trkpt><trkpt lat="-23.767768" lon="-46.558643"><ele>794.880</ele><time>2026-08-03T15:24:38Z</time></trkpt><trkpt lat="-23.767788" lon="-46.558635"><ele>794.825</ele><time>2026-08-03T15:24:39Z</time></trkpt><trkpt lat="-23.767803" lon="-46.558692"><ele>794.885</ele><time>2026-08-03T15:24:40Z</time></trkpt><trkpt lat="-23.767823" lon="-46.558782"><ele>794.843</ele><time>2026-08-03T15:24:41Z</time></trkpt><trkpt lat="-23.767852" lon="-46.5588"><ele>794.867</ele><time>2026-08-03T15:24:42Z</time></trkpt><trkpt lat="-23.76787" lon="-46.558823"><ele>794.852</ele><time>2026-08-03T15:24:43Z</time></trkpt><trkpt lat="-23.767912" lon="-46.558662"><ele>794.826</ele><time>2026-08-03T15:24:44Z</time></trkpt><trkpt lat="-23.767927" lon="-46.558688"><ele>794.885</ele><time>2026-08-03T15:24:45Z</time></trkpt><trkpt lat="-23.767947" lon="-46.558703"><ele>794.854</ele><time>2026-08-03T15:24:46Z</time></trkpt><trkpt lat="-23.76797" lon="-46.55872"><ele>794.687</ele><time>2026-08-03T15:24:47Z</time></trkpt><trkpt lat="-23.76799" lon="-46.558725"><ele>794.542</ele><time>2026-08-03T15:24:48Z</time></trkpt><trkpt lat="-23.768008" lon="-46.558742"><ele>794.426</ele><time>2026-08-03T15:24:49Z</time></trkpt><trkpt lat="-23.768048" lon="-46.558728"><ele>794.209</ele><time>2026-08-03T15:24:50Z</time></trkpt><trkpt lat="-23.768075" lon="-46.558723"><ele>794.040</ele><time>2026-08-03T15:24:51Z</time></trkpt><trkpt lat="-23.768093" lon="-46.558723"><ele>794.065</ele><time>2026-08-03T15:24:52Z</time></trkpt><trkpt lat="-23.768118" lon="-46.558723"><ele>793.955</ele><time>2026-08-03T15:24:53Z</time></trkpt><trkpt lat="-23.76815" lon="-46.558723"><ele>793.963</ele><time>2026-08-03T15:24:54Z</time></trkpt><trkpt lat="-23.768187" lon="-46.558702"><ele>793.917</ele><time>2026-08-03T15:24:55Z</time></trkpt><trkpt lat="-23.768212" lon="-46.558702"><ele>793.912</ele><time>2026-08-03T15:24:56Z</time></trkpt><trkpt lat="-23.76823" lon="-46.558703"><ele>793.966</ele><time>2026-08-03T15:24:57Z</time></trkpt><trkpt lat="-23.76828" lon="-46.558697"><ele>793.945</ele><time>2026-08-03T15:24:58Z</time></trkpt><trkpt lat="-23.76831" lon="-46.558703"><ele>793.984</ele><time>2026-08-03T15:24:59Z</time></trkpt><trkpt lat="-23.768333" lon="-46.558707"><ele>793.932</ele><time>2026-08-03T15:25:00Z</time></trkpt><trkpt lat="-23.768357" lon="-46.558718"><ele>794.092</ele><time>2026-08-03T15:25:01Z</time></trkpt><trkpt lat="-23.768378" lon="-46.558723"><ele>794.111</ele><time>2026-08-03T15:25:02Z</time></trkpt><trkpt lat="-23.768403" lon="-46.558735"><ele>794.109</ele><time>2026-08-03T15:25:04Z</time></trkpt><trkpt lat="-23.768427" lon="-46.558748"><ele>794.055</ele><time>2026-08-03T15:25:05Z</time></trkpt><trkpt lat="-23.768447" lon="-46.558763"><ele>794.070</ele><time>2026-08-03T15:25:06Z</time></trkpt><trkpt lat="-23.768462" lon="-46.558772"><ele>794.060</ele><time>2026-08-03T15:25:07Z</time></trkpt><trkpt lat="-23.76848" lon="-46.558778"><ele>794.078</ele><time>2026-08-03T15:25:08Z</time></trkpt><trkpt lat="-23.768498" lon="-46.558782"><ele>794.022</ele><time>2026-08-03T15:25:09Z</time></trkpt><trkpt lat="-23.768525" lon="-46.558783"><ele>794.027</ele><time>2026-08-03T15:25:10Z</time></trkpt><trkpt lat="-23.768543" lon="-46.558787"><ele>794.041</ele><time>2026-08-03T15:25:11Z</time></trkpt><trkpt lat="-23.76857" lon="-46.558792"><ele>794.090</ele><time>2026-08-03T15:25:12Z</time></trkpt><trkpt lat="-23.768593" lon="-46.558795"><ele>794.089</ele><time>2026-08-03T15:25:13Z</time></trkpt><trkpt lat="-23.768615" lon="-46.558802"><ele>794.053</ele><time>2026-08-03T15:25:14Z</time></trkpt><trkpt lat="-23.768638" lon="-46.558803"><ele>794.004</ele><time>2026-08-03T15:25:15Z</time></trkpt><trkpt lat="-23.768658" lon="-46.558823"><ele>794.014</ele><time>2026-08-03T15:25:16Z</time></trkpt><trkpt lat="-23.76868" lon="-46.55884"><ele>794.009</ele><time>2026-08-03T15:25:17Z</time></trkpt><trkpt lat="-23.768693" lon="-46.558853"><ele>794.067</ele><time>2026-08-03T15:25:18Z</time></trkpt><trkpt lat="-23.76871" lon="-46.558862"><ele>794.182</ele><time>2026-08-03T15:25:19Z</time></trkpt><trkpt lat="-23.768725" lon="-46.55888"><ele>794.372</ele><time>2026-08-03T15:25:20Z</time></trkpt><trkpt lat="-23.768733" lon="-46.558898"><ele>794.850</ele><time>2026-08-03T15:25:21Z</time></trkpt><trkpt lat="-23.768742" lon="-46.558915"><ele>795.524</ele><time>2026-08-03T15:25:22Z</time></trkpt><trkpt lat="-23.76875" lon="-46.558943"><ele>796.279</ele><time>2026-08-03T15:25:24Z</time></trkpt><trkpt lat="-23.768757" lon="-46.558975"><ele>796.853</ele><time>2026-08-03T15:25:25Z</time></trkpt><trkpt lat="-23.76876" lon="-46.559"><ele>797.962</ele><time>2026-08-03T15:25:26Z</time></trkpt><trkpt lat="-23.768748" lon="-46.559025"><ele>799.141</ele><time>2026-08-03T15:25:27Z</time></trkpt><trkpt lat="-23.768747" lon="-46.55905"><ele>800.174</ele><time>2026-08-03T15:25:28Z</time></trkpt><trkpt lat="-23.768748" lon="-46.55907"><ele>800.756</ele><time>2026-08-03T15:25:29Z</time></trkpt><trkpt lat="-23.768747" lon="-46.559093"><ele>801.021</ele><time>2026-08-03T15:25:30Z</time></trkpt><trkpt lat="-23.768743" lon="-46.559115"><ele>801.209</ele><time>2026-08-03T15:25:31Z</time></trkpt><trkpt lat="-23.768743" lon="-46.559142"><ele>801.399</ele><time>2026-08-03T15:25:32Z</time></trkpt><trkpt lat="-23.76875" lon="-46.559163"><ele>801.494</ele><time>2026-08-03T15:25:33Z</time></trkpt><trkpt lat="-23.768755" lon="-46.55919"><ele>801.554</ele><time>2026-08-03T15:25:34Z</time></trkpt><trkpt lat="-23.76876" lon="-46.559218"><ele>801.642</ele><time>2026-08-03T15:25:35Z</time></trkpt><trkpt lat="-23.768768" lon="-46.559242"><ele>801.796</ele><time>2026-08-03T15:25:36Z</time></trkpt><trkpt lat="-23.768777" lon="-46.559263"><ele>801.841</ele><time>2026-08-03T15:25:37Z</time></trkpt><trkpt lat="-23.768785" lon="-46.559285"><ele>801.955</ele><time>2026-08-03T15:25:38Z</time></trkpt><trkpt lat="-23.768798" lon="-46.559308"><ele>801.994</ele><time>2026-08-03T15:25:39Z</time></trkpt><trkpt lat="-23.76881" lon="-46.559335"><ele>802.093</ele><time>2026-08-03T15:25:40Z</time></trkpt><trkpt lat="-23.768825" lon="-46.559362"><ele>802.289</ele><time>2026-08-03T15:25:41Z</time></trkpt><trkpt lat="-23.768842" lon="-46.559387"><ele>802.306</ele><time>2026-08-03T15:25:42Z</time></trkpt><trkpt lat="-23.768865" lon="-46.559405"><ele>802.326</ele><time>2026-08-03T15:25:43Z</time></trkpt><trkpt lat="-23.76889" lon="-46.559418"><ele>802.309</ele><time>2026-08-03T15:25:44Z</time></trkpt><trkpt lat="-23.768915" lon="-46.559438"><ele>802.360</ele><time>2026-08-03T15:25:45Z</time></trkpt><trkpt lat="-23.768943" lon="-46.559448"><ele>802.345</ele><time>2026-08-03T15:25:46Z</time></trkpt><trkpt lat="-23.76897" lon="-46.559453"><ele>802.445</ele><time>2026-08-03T15:25:47Z</time></trkpt><trkpt lat="-23.768997" lon="-46.559457"><ele>802.443</ele><time>2026-08-03T15:25:48Z</time></trkpt><trkpt lat="-23.769023" lon="-46.55946"><ele>802.527</ele><time>2026-08-03T15:25:49Z</time></trkpt><trkpt lat="-23.769065" lon="-46.559402"><ele>802.682</ele><time>2026-08-03T15:25:50Z</time></trkpt><trkpt lat="-23.7691" lon="-46.559367"><ele>802.696</ele><time>2026-08-03T15:25:51Z</time></trkpt><trkpt lat="-23.76913" lon="-46.55934"><ele>802.555</ele><time>2026-08-03T15:25:52Z</time></trkpt><trkpt lat="-23.769157" lon="-46.55931"><ele>802.574</ele><time>2026-08-03T15:25:53Z</time></trkpt><trkpt lat="-23.769178" lon="-46.559288"><ele>802.582</ele><time>2026-08-03T15:25:54Z</time></trkpt><trkpt lat="-23.769183" lon="-46.559275"><ele>802.543</ele><time>2026-08-03T15:25:55Z</time></trkpt><trkpt lat="-23.76919" lon="-46.559263"><ele>802.517</ele><time>2026-08-03T15:25:56Z</time></trkpt><trkpt lat="-23.769203" lon="-46.559252"><ele>802.509</ele><time>2026-08-03T15:25:57Z</time></trkpt><trkpt lat="-23.769217" lon="-46.559245"><ele>802.560</ele><time>2026-08-03T15:25:58Z</time></trkpt><trkpt lat="-23.769237" lon="-46.55923"><ele>802.555</ele><time>2026-08-03T15:25:59Z</time></trkpt><trkpt lat="-23.769263" lon="-46.559213"><ele>802.595</ele><time>2026-08-03T15:26:00Z</time></trkpt><trkpt lat="-23.769287" lon="-46.559192"><ele>802.553</ele><time>2026-08-03T15:26:01Z</time></trkpt><trkpt lat="-23.769303" lon="-46.559158"><ele>802.317</ele><time>2026-08-03T15:26:02Z</time></trkpt><trkpt lat="-23.769317" lon="-46.55914"><ele>802.342</ele><time>2026-08-03T15:26:03Z</time></trkpt><trkpt lat="-23.769335" lon="-46.559118"><ele>802.316</ele><time>2026-08-03T15:26:04Z</time></trkpt><trkpt lat="-23.769353" lon="-46.559093"><ele>802.335</ele><time>2026-08-03T15:26:05Z</time></trkpt><trkpt lat="-23.769368" lon="-46.559073"><ele>802.154</ele><time>2026-08-03T15:26:06Z</time></trkpt><trkpt lat="-23.769387" lon="-46.559053"><ele>801.789</ele><time>2026-08-03T15:26:07Z</time></trkpt><trkpt lat="-23.769403" lon="-46.559033"><ele>801.306</ele><time>2026-08-03T15:26:08Z</time></trkpt><trkpt lat="-23.76942" lon="-46.559015"><ele>800.726</ele><time>2026-08-03T15:26:09Z</time></trkpt><trkpt lat="-23.769442" lon="-46.558995"><ele>799.909</ele><time>2026-08-03T15:26:10Z</time></trkpt><trkpt lat="-23.769465" lon="-46.558977"><ele>799.110</ele><time>2026-08-03T15:26:11Z</time></trkpt><trkpt lat="-23.769488" lon="-46.55896"><ele>798.255</ele><time>2026-08-03T15:26:12Z</time></trkpt><trkpt lat="-23.769518" lon="-46.55895"><ele>797.285</ele><time>2026-08-03T15:26:13Z</time></trkpt><trkpt lat="-23.76955" lon="-46.558945"><ele>796.423</ele><time>2026-08-03T15:26:14Z</time></trkpt><trkpt lat="-23.769583" lon="-46.55894"><ele>795.777</ele><time>2026-08-03T15:26:15Z</time></trkpt><trkpt lat="-23.769615" lon="-46.558932"><ele>795.122</ele><time>2026-08-03T15:26:16Z</time></trkpt><trkpt lat="-23.769648" lon="-46.558938"><ele>794.336</ele><time>2026-08-03T15:26:17Z</time></trkpt><trkpt lat="-23.769675" lon="-46.558945"><ele>793.175</ele><time>2026-08-03T15:26:18Z</time></trkpt><trkpt lat="-23.7697" lon="-46.558955"><ele>791.834</ele><time>2026-08-03T15:26:19Z</time></trkpt><trkpt lat="-23.769725" lon="-46.558967"><ele>790.825</ele><time>2026-08-03T15:26:20Z</time></trkpt><trkpt lat="-23.76975" lon="-46.558977"><ele>790.126</ele><time>2026-08-03T15:26:21Z</time></trkpt><trkpt lat="-23.76977" lon="-46.55899"><ele>789.708</ele><time>2026-08-03T15:26:22Z</time></trkpt><trkpt lat="-23.769782" lon="-46.559002"><ele>789.509</ele><time>2026-08-03T15:26:23Z</time></trkpt><trkpt lat="-23.769798" lon="-46.559023"><ele>789.394</ele><time>2026-08-03T15:26:24Z</time></trkpt><trkpt lat="-23.769823" lon="-46.559037"><ele>789.199</ele><time>2026-08-03T15:26:25Z</time></trkpt><trkpt lat="-23.769845" lon="-46.559053"><ele>788.979</ele><time>2026-08-03T15:26:26Z</time></trkpt><trkpt lat="-23.769857" lon="-46.559068"><ele>788.697</ele><time>2026-08-03T15:26:27Z</time></trkpt><trkpt lat="-23.769865" lon="-46.559083"><ele>788.541</ele><time>2026-08-03T15:26:28Z</time></trkpt><trkpt lat="-23.769873" lon="-46.559095"><ele>788.446</ele><time>2026-08-03T15:26:29Z</time></trkpt><trkpt lat="-23.769878" lon="-46.559123"><ele>788.370</ele><time>2026-08-03T15:26:30Z</time></trkpt><trkpt lat="-23.76988" lon="-46.559152"><ele>788.089</ele><time>2026-08-03T15:26:31Z</time></trkpt><trkpt lat="-23.76988" lon="-46.559178"><ele>787.618</ele><time>2026-08-03T15:26:32Z</time></trkpt><trkpt lat="-23.76988" lon="-46.559203"><ele>787.113</ele><time>2026-08-03T15:26:33Z</time></trkpt><trkpt lat="-23.769883" lon="-46.559228"><ele>786.643</ele><time>2026-08-03T15:26:34Z</time></trkpt><trkpt lat="-23.769883" lon="-46.55926"><ele>786.207</ele><time>2026-08-03T15:26:35Z</time></trkpt><trkpt lat="-23.769885" lon="-46.559282"><ele>786.009</ele><time>2026-08-03T15:26:36Z</time></trkpt><trkpt lat="-23.769887" lon="-46.559308"><ele>785.573</ele><time>2026-08-03T15:26:37Z</time></trkpt><trkpt lat="-23.76988" lon="-46.559345"><ele>784.658</ele><time>2026-08-03T15:26:38Z</time></trkpt><trkpt lat="-23.769885" lon="-46.559375"><ele>784.078</ele><time>2026-08-03T15:26:39Z</time></trkpt><trkpt lat="-23.769902" lon="-46.559398"><ele>783.576</ele><time>2026-08-03T15:26:40Z</time></trkpt><trkpt lat="-23.769927" lon="-46.559437"><ele>783.120</ele><time>2026-08-03T15:26:41Z</time></trkpt><trkpt lat="-23.769947" lon="-46.559465"><ele>782.885</ele><time>2026-08-03T15:26:42Z</time></trkpt><trkpt lat="-23.769965" lon="-46.559495"><ele>782.519</ele><time>2026-08-03T15:26:43Z</time></trkpt><trkpt lat="-23.769988" lon="-46.559532"><ele>782.338</ele><time>2026-08-03T15:26:44Z</time></trkpt><trkpt lat="-23.770005" lon="-46.559557"><ele>782.197</ele><time>2026-08-03T15:26:45Z</time></trkpt><trkpt lat="-23.770023" lon="-46.559583"><ele>782.037</ele><time>2026-08-03T15:26:46Z</time></trkpt><trkpt lat="-23.770048" lon="-46.559605"><ele>781.949</ele><time>2026-08-03T15:26:47Z</time></trkpt><trkpt lat="-23.77007" lon="-46.559632"><ele>781.913</ele><time>2026-08-03T15:26:48Z</time></trkpt><trkpt lat="-23.770092" lon="-46.559655"><ele>781.609</ele><time>2026-08-03T15:26:49Z</time></trkpt><trkpt lat="-23.770112" lon="-46.55968"><ele>781.285</ele><time>2026-08-03T15:26:50Z</time></trkpt><trkpt lat="-23.770132" lon="-46.559705"><ele>781.120</ele><time>2026-08-03T15:26:51Z</time></trkpt><trkpt lat="-23.770148" lon="-46.55973"><ele>780.950</ele><time>2026-08-03T15:26:52Z</time></trkpt><trkpt lat="-23.770162" lon="-46.55976"><ele>780.748</ele><time>2026-08-03T15:26:53Z</time></trkpt><trkpt lat="-23.770168" lon="-46.55979"><ele>780.692</ele><time>2026-08-03T15:26:54Z</time></trkpt><trkpt lat="-23.77018" lon="-46.559822"><ele>780.677</ele><time>2026-08-03T15:26:55Z</time></trkpt><trkpt lat="-23.770188" lon="-46.559852"><ele>780.621</ele><time>2026-08-03T15:26:56Z</time></trkpt><trkpt lat="-23.770207" lon="-46.559872"><ele>780.580</ele><time>2026-08-03T15:26:57Z</time></trkpt><trkpt lat="-23.770225" lon="-46.559888"><ele>780.459</ele><time>2026-08-03T15:26:58Z</time></trkpt><trkpt lat="-23.770247" lon="-46.5599"><ele>780.355</ele><time>2026-08-03T15:26:59Z</time></trkpt><trkpt lat="-23.770255" lon="-46.559918"><ele>780.307</ele><time>2026-08-03T15:27:00Z</time></trkpt><trkpt lat="-23.770262" lon="-46.559935"><ele>780.317</ele><time>2026-08-03T15:27:01Z</time></trkpt><trkpt lat="-23.770267" lon="-46.559945"><ele>780.209</ele><time>2026-08-03T15:27:03Z</time></trkpt><trkpt lat="-23.770275" lon="-46.559967"><ele>780.227</ele><time>2026-08-03T15:27:04Z</time></trkpt><trkpt lat="-23.770287" lon="-46.559978"><ele>780.262</ele><time>2026-08-03T15:27:05Z</time></trkpt><trkpt lat="-23.770292" lon="-46.559992"><ele>780.242</ele><time>2026-08-03T15:27:06Z</time></trkpt><trkpt lat="-23.7703" lon="-46.560005"><ele>780.270</ele><time>2026-08-03T15:27:07Z</time></trkpt><trkpt lat="-23.770303" lon="-46.560028"><ele>780.164</ele><time>2026-08-03T15:27:08Z</time></trkpt><trkpt lat="-23.770305" lon="-46.560047"><ele>779.979</ele><time>2026-08-03T15:27:09Z</time></trkpt><trkpt lat="-23.770313" lon="-46.560073"><ele>779.423</ele><time>2026-08-03T15:27:10Z</time></trkpt><trkpt lat="-23.770328" lon="-46.560097"><ele>779.482</ele><time>2026-08-03T15:27:11Z</time></trkpt><trkpt lat="-23.770342" lon="-46.56012"><ele>779.471</ele><time>2026-08-03T15:27:12Z</time></trkpt><trkpt lat="-23.770357" lon="-46.560145"><ele>779.486</ele><time>2026-08-03T15:27:13Z</time></trkpt><trkpt lat="-23.77037" lon="-46.560157"><ele>779.460</ele><time>2026-08-03T15:27:14Z</time></trkpt><trkpt lat="-23.770383" lon="-46.560163"><ele>779.426</ele><time>2026-08-03T15:27:15Z</time></trkpt><trkpt lat="-23.770398" lon="-46.56017"><ele>779.409</ele><time>2026-08-03T15:27:16Z</time></trkpt><trkpt lat="-23.770415" lon="-46.560178"><ele>779.430</ele><time>2026-08-03T15:27:17Z</time></trkpt><trkpt lat="-23.770432" lon="-46.560183"><ele>779.445</ele><time>2026-08-03T15:27:18Z</time></trkpt><trkpt lat="-23.770452" lon="-46.560192"><ele>779.415</ele><time>2026-08-03T15:27:19Z</time></trkpt><trkpt lat="-23.770472" lon="-46.560197"><ele>779.483</ele><time>2026-08-03T15:27:20Z</time></trkpt><trkpt lat="-23.770488" lon="-46.560198"><ele>779.447</ele><time>2026-08-03T15:27:21Z</time></trkpt><trkpt lat="-23.77051" lon="-46.560192"><ele>779.422</ele><time>2026-08-03T15:27:22Z</time></trkpt><trkpt lat="-23.770527" lon="-46.560185"><ele>779.476</ele><time>2026-08-03T15:27:23Z</time></trkpt><trkpt lat="-23.77054" lon="-46.560177"><ele>779.415</ele><time>2026-08-03T15:27:24Z</time></trkpt><trkpt lat="-23.770548" lon="-46.560163"><ele>779.474</ele><time>2026-08-03T15:27:25Z</time></trkpt><trkpt lat="-23.770555" lon="-46.560145"><ele>780.486</ele><time>2026-08-03T15:27:26Z</time></trkpt><trkpt lat="-23.770565" lon="-46.560133"><ele>781.960</ele><time>2026-08-03T15:27:27Z</time></trkpt><trkpt lat="-23.770573" lon="-46.560113"><ele>782.526</ele><time>2026-08-03T15:27:28Z</time></trkpt><trkpt lat="-23.77058" lon="-46.560087"><ele>782.509</ele><time>2026-08-03T15:27:29Z</time></trkpt><trkpt lat="-23.7706" lon="-46.560075"><ele>782.520</ele><time>2026-08-03T15:27:30Z</time></trkpt><trkpt lat="-23.770612" lon="-46.560048"><ele>782.595</ele><time>2026-08-03T15:27:31Z</time></trkpt><trkpt lat="-23.77062" lon="-46.560028"><ele>782.585</ele><time>2026-08-03T15:27:32Z</time></trkpt><trkpt lat="-23.770625" lon="-46.560013"><ele>782.533</ele><time>2026-08-03T15:27:33Z</time></trkpt><trkpt lat="-23.770628" lon="-46.560002"><ele>782.547</ele><time>2026-08-03T15:27:34Z</time></trkpt><trkpt lat="-23.77064" lon="-46.559997"><ele>782.562</ele><time>2026-08-03T15:27:35Z</time></trkpt><trkpt lat="-23.770648" lon="-46.55999"><ele>782.596</ele><time>2026-08-03T15:27:36Z</time></trkpt><trkpt lat="-23.770657" lon="-46.559978"><ele>782.515</ele><time>2026-08-03T15:27:37Z</time></trkpt><trkpt lat="-23.770667" lon="-46.55996"><ele>782.584</ele><time>2026-08-03T15:27:38Z</time></trkpt><trkpt lat="-23.770677" lon="-46.559943"><ele>782.598</ele><time>2026-08-03T15:27:39Z</time></trkpt><trkpt lat="-23.770682" lon="-46.559928"><ele>782.515</ele><time>2026-08-03T15:27:40Z</time></trkpt><trkpt lat="-23.77069" lon="-46.559918"><ele>782.526</ele><time>2026-08-03T15:27:41Z</time></trkpt><trkpt lat="-23.770713" lon="-46.559912"><ele>782.509</ele><time>2026-08-03T15:27:42Z</time></trkpt><trkpt lat="-23.770732" lon="-46.559895"><ele>782.491</ele><time>2026-08-03T15:27:43Z</time></trkpt><trkpt lat="-23.770748" lon="-46.559882"><ele>782.426</ele><time>2026-08-03T15:27:44Z</time></trkpt><trkpt lat="-23.770762" lon="-46.559865"><ele>782.196</ele><time>2026-08-03T15:27:45Z</time></trkpt><trkpt lat="-23.770775" lon="-46.559848"><ele>781.654</ele><time>2026-08-03T15:27:46Z</time></trkpt><trkpt lat="-23.770788" lon="-46.55983"><ele>781.228</ele><time>2026-08-03T15:27:47Z</time></trkpt><trkpt lat="-23.770805" lon="-46.559815"><ele>780.973</ele><time>2026-08-03T15:27:48Z</time></trkpt><trkpt lat="-23.770817" lon="-46.559795"><ele>780.737</ele><time>2026-08-03T15:27:49Z</time></trkpt><trkpt lat="-23.770818" lon="-46.559775"><ele>780.576</ele><time>2026-08-03T15:27:50Z</time></trkpt><trkpt lat="-23.770827" lon="-46.559752"><ele>780.425</ele><time>2026-08-03T15:27:51Z</time></trkpt><trkpt lat="-23.770827" lon="-46.559732"><ele>780.339</ele><time>2026-08-03T15:27:52Z</time></trkpt><trkpt lat="-23.770805" lon="-46.55972"><ele>780.201</ele><time>2026-08-03T15:27:53Z</time></trkpt><trkpt lat="-23.770787" lon="-46.559697"><ele>780.221</ele><time>2026-08-03T15:27:54Z</time></trkpt><trkpt lat="-23.770763" lon="-46.559675"><ele>780.009</ele><time>2026-08-03T15:27:55Z</time></trkpt><trkpt lat="-23.770743" lon="-46.559657"><ele>779.865</ele><time>2026-08-03T15:27:56Z</time></trkpt><trkpt lat="-23.770723" lon="-46.55966"><ele>779.820</ele><time>2026-08-03T15:27:57Z</time></trkpt><trkpt lat="-23.770717" lon="-46.55965"><ele>779.730</ele><time>2026-08-03T15:27:58Z</time></trkpt><trkpt lat="-23.770707" lon="-46.559637"><ele>779.638</ele><time>2026-08-03T15:27:59Z</time></trkpt><trkpt lat="-23.770693" lon="-46.559627"><ele>779.522</ele><time>2026-08-03T15:28:00Z</time></trkpt><trkpt lat="-23.770685" lon="-46.559618"><ele>779.287</ele><time>2026-08-03T15:28:01Z</time></trkpt><trkpt lat="-23.77069" lon="-46.559605"><ele>778.731</ele><time>2026-08-03T15:28:05Z</time></trkpt><trkpt lat="-23.7707" lon="-46.559593"><ele>778.320</ele><time>2026-08-03T15:28:06Z</time></trkpt><trkpt lat="-23.770713" lon="-46.559575"><ele>777.799</ele><time>2026-08-03T15:28:07Z</time></trkpt><trkpt lat="-23.77072" lon="-46.55955"><ele>777.238</ele><time>2026-08-03T15:28:08Z</time></trkpt><trkpt lat="-23.770723" lon="-46.559522"><ele>776.770</ele><time>2026-08-03T15:28:09Z</time></trkpt><trkpt lat="-23.770737" lon="-46.559485"><ele>776.217</ele><time>2026-08-03T15:28:10Z</time></trkpt><trkpt lat="-23.770732" lon="-46.559475"><ele>775.809</ele><time>2026-08-03T15:28:11Z</time></trkpt><trkpt lat="-23.770733" lon="-46.559458"><ele>775.615</ele><time>2026-08-03T15:28:12Z</time></trkpt><trkpt lat="-23.770728" lon="-46.559438"><ele>775.480</ele><time>2026-08-03T15:28:13Z</time></trkpt><trkpt lat="-23.770737" lon="-46.559415"><ele>774.690</ele><time>2026-08-03T15:28:14Z</time></trkpt><trkpt lat="-23.77075" lon="-46.559387"><ele>773.668</ele><time>2026-08-03T15:28:15Z</time></trkpt><trkpt lat="-23.770762" lon="-46.559357"><ele>772.942</ele><time>2026-08-03T15:28:16Z</time></trkpt><trkpt lat="-23.770772" lon="-46.559325"><ele>772.387</ele><time>2026-08-03T15:28:17Z</time></trkpt><trkpt lat="-23.770785" lon="-46.559305"><ele>772.061</ele><time>2026-08-03T15:28:18Z</time></trkpt><trkpt lat="-23.770803" lon="-46.559278"><ele>772.090</ele><time>2026-08-03T15:28:19Z</time></trkpt><trkpt lat="-23.77082" lon="-46.55926"><ele>772.069</ele><time>2026-08-03T15:28:20Z</time></trkpt><trkpt lat="-23.770842" lon="-46.559242"><ele>772.083</ele><time>2026-08-03T15:28:21Z</time></trkpt><trkpt lat="-23.77087" lon="-46.559225"><ele>772.025</ele><time>2026-08-03T15:28:22Z</time></trkpt><trkpt lat="-23.770895" lon="-46.559207"><ele>771.917</ele><time>2026-08-03T15:28:23Z</time></trkpt><trkpt lat="-23.77091" lon="-46.559182"><ele>771.909</ele><time>2026-08-03T15:28:24Z</time></trkpt><trkpt lat="-23.770943" lon="-46.559147"><ele>771.890</ele><time>2026-08-03T15:28:25Z</time></trkpt><trkpt lat="-23.770963" lon="-46.55912"><ele>771.675</ele><time>2026-08-03T15:28:26Z</time></trkpt><trkpt lat="-23.770975" lon="-46.5591"><ele>771.525</ele><time>2026-08-03T15:28:27Z</time></trkpt><trkpt lat="-23.77099" lon="-46.559083"><ele>771.353</ele><time>2026-08-03T15:28:28Z</time></trkpt><trkpt lat="-23.771005" lon="-46.559067"><ele>771.127</ele><time>2026-08-03T15:28:29Z</time></trkpt><trkpt lat="-23.771022" lon="-46.559052"><ele>771.042</ele><time>2026-08-03T15:28:30Z</time></trkpt><trkpt lat="-23.771038" lon="-46.559042"><ele>771.056</ele><time>2026-08-03T15:28:31Z</time></trkpt><trkpt lat="-23.771055" lon="-46.559033"><ele>770.925</ele><time>2026-08-03T15:28:32Z</time></trkpt><trkpt lat="-23.771067" lon="-46.559002"><ele>770.964</ele><time>2026-08-03T15:28:33Z</time></trkpt><trkpt lat="-23.771065" lon="-46.558965"><ele>770.967</ele><time>2026-08-03T15:28:34Z</time></trkpt><trkpt lat="-23.771062" lon="-46.558942"><ele>770.981</ele><time>2026-08-03T15:28:35Z</time></trkpt><trkpt lat="-23.771065" lon="-46.558923"><ele>770.919</ele><time>2026-08-03T15:28:36Z</time></trkpt><trkpt lat="-23.77107" lon="-46.55891"><ele>770.909</ele><time>2026-08-03T15:28:37Z</time></trkpt><trkpt lat="-23.77108" lon="-46.558895"><ele>770.918</ele><time>2026-08-03T15:28:38Z</time></trkpt><trkpt lat="-23.771088" lon="-46.558883"><ele>770.923</ele><time>2026-08-03T15:28:39Z</time></trkpt><trkpt lat="-23.7711" lon="-46.558873"><ele>770.943</ele><time>2026-08-03T15:28:40Z</time></trkpt><trkpt lat="-23.771107" lon="-46.558862"><ele>770.981</ele><time>2026-08-03T15:28:41Z</time></trkpt><trkpt lat="-23.771113" lon="-46.558848"><ele>770.895</ele><time>2026-08-03T15:28:42Z</time></trkpt><trkpt lat="-23.771125" lon="-46.558837"><ele>770.840</ele><time>2026-08-03T15:28:43Z</time></trkpt><trkpt lat="-23.771133" lon="-46.558823"><ele>770.774</ele><time>2026-08-03T15:28:44Z</time></trkpt><trkpt lat="-23.771148" lon="-46.55881"><ele>770.623</ele><time>2026-08-03T15:28:45Z</time></trkpt><trkpt lat="-23.771163" lon="-46.5588"><ele>770.262</ele><time>2026-08-03T15:28:46Z</time></trkpt><trkpt lat="-23.771177" lon="-46.558792"><ele>769.635</ele><time>2026-08-03T15:28:47Z</time></trkpt><trkpt lat="-23.771172" lon="-46.558775"><ele>768.886</ele><time>2026-08-03T15:28:48Z</time></trkpt><trkpt lat="-23.771173" lon="-46.55876"><ele>767.714</ele><time>2026-08-03T15:28:49Z</time></trkpt><trkpt lat="-23.771188" lon="-46.558743"><ele>767.009</ele><time>2026-08-03T15:28:50Z</time></trkpt><trkpt lat="-23.771197" lon="-46.558733"><ele>766.945</ele><time>2026-08-03T15:28:51Z</time></trkpt><trkpt lat="-23.771208" lon="-46.558717"><ele>766.920</ele><time>2026-08-03T15:28:52Z</time></trkpt><trkpt lat="-23.771235" lon="-46.5587"><ele>766.990</ele><time>2026-08-03T15:28:53Z</time></trkpt><trkpt lat="-23.771265" lon="-46.558682"><ele>766.948</ele><time>2026-08-03T15:28:54Z</time></trkpt><trkpt lat="-23.771295" lon="-46.558663"><ele>766.992</ele><time>2026-08-03T15:28:55Z</time></trkpt><trkpt lat="-23.771298" lon="-46.558687"><ele>766.957</ele><time>2026-08-03T15:28:57Z</time></trkpt><trkpt lat="-23.771297" lon="-46.558705"><ele>766.981</ele><time>2026-08-03T15:28:58Z</time></trkpt><trkpt lat="-23.771275" lon="-46.558715"><ele>766.970</ele><time>2026-08-03T15:28:59Z</time></trkpt><trkpt lat="-23.771302" lon="-46.558703"><ele>766.989</ele><time>2026-08-03T15:29:01Z</time></trkpt><trkpt lat="-23.771317" lon="-46.558703"><ele>766.997</ele><time>2026-08-03T15:29:02Z</time></trkpt><trkpt lat="-23.771348" lon="-46.558705"><ele>766.923</ele><time>2026-08-03T15:29:04Z</time></trkpt><trkpt lat="-23.771367" lon="-46.558702"><ele>766.925</ele><time>2026-08-03T15:29:05Z</time></trkpt><trkpt lat="-23.771393" lon="-46.558705"><ele>766.909</ele><time>2026-08-03T15:29:06Z</time></trkpt><trkpt lat="-23.771417" lon="-46.558693"><ele>766.991</ele><time>2026-08-03T15:29:07Z</time></trkpt><trkpt lat="-23.771432" lon="-46.558718"><ele>767.016</ele><time>2026-08-03T15:29:08Z</time></trkpt><trkpt lat="-23.771442" lon="-46.558722"><ele>767.196</ele><time>2026-08-03T15:29:09Z</time></trkpt><trkpt lat="-23.771457" lon="-46.558717"><ele>767.234</ele><time>2026-08-03T15:29:11Z</time></trkpt><trkpt lat="-23.771467" lon="-46.558717"><ele>767.288</ele><time>2026-08-03T15:29:12Z</time></trkpt><trkpt lat="-23.771478" lon="-46.558717"><ele>767.273</ele><time>2026-08-03T15:29:13Z</time></trkpt><trkpt lat="-23.7715" lon="-46.558712"><ele>767.327</ele><time>2026-08-03T15:29:14Z</time></trkpt><trkpt lat="-23.77152" lon="-46.558712"><ele>767.346</ele><time>2026-08-03T15:29:15Z</time></trkpt><trkpt lat="-23.771535" lon="-46.558707"><ele>767.385</ele><time>2026-08-03T15:29:16Z</time></trkpt><trkpt lat="-23.771547" lon="-46.5587"><ele>767.372</ele><time>2026-08-03T15:29:17Z</time></trkpt><trkpt lat="-23.77156" lon="-46.558692"><ele>767.313</ele><time>2026-08-03T15:29:18Z</time></trkpt><trkpt lat="-23.771578" lon="-46.558685"><ele>767.314</ele><time>2026-08-03T15:29:19Z</time></trkpt><trkpt lat="-23.771595" lon="-46.558682"><ele>767.309</ele><time>2026-08-03T15:29:20Z</time></trkpt><trkpt lat="-23.771608" lon="-46.558672"><ele>767.319</ele><time>2026-08-03T15:29:21Z</time></trkpt><trkpt lat="-23.771623" lon="-46.55866"><ele>767.394</ele><time>2026-08-03T15:29:22Z</time></trkpt><trkpt lat="-23.771638" lon="-46.558655"><ele>767.574</ele><time>2026-08-03T15:29:23Z</time></trkpt><trkpt lat="-23.771653" lon="-46.558655"><ele>767.632</ele><time>2026-08-03T15:29:24Z</time></trkpt><trkpt lat="-23.771665" lon="-46.55863"><ele>767.646</ele><time>2026-08-03T15:29:25Z</time></trkpt><trkpt lat="-23.771675" lon="-46.558622"><ele>767.651</ele><time>2026-08-03T15:29:26Z</time></trkpt><trkpt lat="-23.771683" lon="-46.558615"><ele>767.645</ele><time>2026-08-03T15:29:27Z</time></trkpt><trkpt lat="-23.771693" lon="-46.55861"><ele>767.624</ele><time>2026-08-03T15:29:28Z</time></trkpt><trkpt lat="-23.771707" lon="-46.558612"><ele>767.633</ele><time>2026-08-03T15:29:29Z</time></trkpt><trkpt lat="-23.771725" lon="-46.558613"><ele>767.695</ele><time>2026-08-03T15:29:30Z</time></trkpt><trkpt lat="-23.771742" lon="-46.55861"><ele>767.549</ele><time>2026-08-03T15:29:31Z</time></trkpt><trkpt lat="-23.771755" lon="-46.558607"><ele>767.523</ele><time>2026-08-03T15:29:32Z</time></trkpt><trkpt lat="-23.771773" lon="-46.558602"><ele>767.509</ele><time>2026-08-03T15:29:33Z</time></trkpt><trkpt lat="-23.771793" lon="-46.558598"><ele>767.541</ele><time>2026-08-03T15:29:34Z</time></trkpt><trkpt lat="-23.771808" lon="-46.558598"><ele>767.536</ele><time>2026-08-03T15:29:35Z</time></trkpt><trkpt lat="-23.771828" lon="-46.558602"><ele>767.566</ele><time>2026-08-03T15:29:36Z</time></trkpt><trkpt lat="-23.771845" lon="-46.558603"><ele>767.544</ele><time>2026-08-03T15:29:37Z</time></trkpt><trkpt lat="-23.771862" lon="-46.558603"><ele>767.558</ele><time>2026-08-03T15:29:38Z</time></trkpt><trkpt lat="-23.77188" lon="-46.558592"><ele>767.513</ele><time>2026-08-03T15:29:39Z</time></trkpt><trkpt lat="-23.771893" lon="-46.558567"><ele>767.577</ele><time>2026-08-03T15:29:40Z</time></trkpt><trkpt lat="-23.771917" lon="-46.558548"><ele>767.686</ele><time>2026-08-03T15:29:41Z</time></trkpt><trkpt lat="-23.771937" lon="-46.558543"><ele>767.625</ele><time>2026-08-03T15:29:42Z</time></trkpt><trkpt lat="-23.771957" lon="-46.558533"><ele>767.745</ele><time>2026-08-03T15:29:43Z</time></trkpt><trkpt lat="-23.771978" lon="-46.558527"><ele>767.847</ele><time>2026-08-03T15:29:44Z</time></trkpt><trkpt lat="-23.771988" lon="-46.558515"><ele>767.811</ele><time>2026-08-03T15:29:45Z</time></trkpt><trkpt lat="-23.771993" lon="-46.5585"><ele>767.809</ele><time>2026-08-03T15:29:46Z</time></trkpt><trkpt lat="-23.771997" lon="-46.558482"><ele>767.976</ele><time>2026-08-03T15:29:47Z</time></trkpt><trkpt lat="-23.772003" lon="-46.558467"><ele>767.961</ele><time>2026-08-03T15:29:48Z</time></trkpt><trkpt lat="-23.772013" lon="-46.55845"><ele>768.061</ele><time>2026-08-03T15:29:49Z</time></trkpt><trkpt lat="-23.772025" lon="-46.558437"><ele>768.089</ele><time>2026-08-03T15:29:50Z</time></trkpt><trkpt lat="-23.772038" lon="-46.558423"><ele>768.253</ele><time>2026-08-03T15:29:51Z</time></trkpt><trkpt lat="-23.772048" lon="-46.558413"><ele>768.448</ele><time>2026-08-03T15:29:52Z</time></trkpt><trkpt lat="-23.772057" lon="-46.558403"><ele>768.522</ele><time>2026-08-03T15:29:53Z</time></trkpt><trkpt lat="-23.772065" lon="-46.558393"><ele>768.631</ele><time>2026-08-03T15:29:54Z</time></trkpt><trkpt lat="-23.772075" lon="-46.558385"><ele>768.770</ele><time>2026-08-03T15:29:55Z</time></trkpt><trkpt lat="-23.77209" lon="-46.55838"><ele>768.894</ele><time>2026-08-03T15:29:56Z</time></trkpt><trkpt lat="-23.772107" lon="-46.558378"><ele>768.857</ele><time>2026-08-03T15:29:57Z</time></trkpt><trkpt lat="-23.772125" lon="-46.558372"><ele>768.822</ele><time>2026-08-03T15:29:58Z</time></trkpt><trkpt lat="-23.772142" lon="-46.558365"><ele>768.809</ele><time>2026-08-03T15:29:59Z</time></trkpt><trkpt lat="-23.772162" lon="-46.558367"><ele>768.821</ele><time>2026-08-03T15:30:00Z</time></trkpt><trkpt lat="-23.772178" lon="-46.558373"><ele>768.896</ele><time>2026-08-03T15:30:01Z</time></trkpt><trkpt lat="-23.772188" lon="-46.558378"><ele>768.886</ele><time>2026-08-03T15:30:02Z</time></trkpt><trkpt lat="-23.772213" lon="-46.558382"><ele>768.854</ele><time>2026-08-03T15:30:04Z</time></trkpt><trkpt lat="-23.77223" lon="-46.558395"><ele>768.748</ele><time>2026-08-03T15:30:05Z</time></trkpt><trkpt lat="-23.772247" lon="-46.558402"><ele>768.533</ele><time>2026-08-03T15:30:06Z</time></trkpt><trkpt lat="-23.772263" lon="-46.558405"><ele>768.527</ele><time>2026-08-03T15:30:07Z</time></trkpt><trkpt lat="-23.772278" lon="-46.558412"><ele>768.666</ele><time>2026-08-03T15:30:08Z</time></trkpt><trkpt lat="-23.772293" lon="-46.558415"><ele>768.755</ele><time>2026-08-03T15:30:09Z</time></trkpt><trkpt lat="-23.77231" lon="-46.55841"><ele>768.895</ele><time>2026-08-03T15:30:10Z</time></trkpt><trkpt lat="-23.772323" lon="-46.558403"><ele>768.849</ele><time>2026-08-03T15:30:11Z</time></trkpt><trkpt lat="-23.772335" lon="-46.55839"><ele>768.823</ele><time>2026-08-03T15:30:12Z</time></trkpt><trkpt lat="-23.77236" lon="-46.558397"><ele>768.809</ele><time>2026-08-03T15:30:13Z</time></trkpt><trkpt lat="-23.772385" lon="-46.5584"><ele>768.931</ele><time>2026-08-03T15:30:14Z</time></trkpt><trkpt lat="-23.772407" lon="-46.558402"><ele>768.996</ele><time>2026-08-03T15:30:15Z</time></trkpt><trkpt lat="-23.772425" lon="-46.558398"><ele>769.086</ele><time>2026-08-03T15:30:16Z</time></trkpt><trkpt lat="-23.772443" lon="-46.558387"><ele>769.044</ele><time>2026-08-03T15:30:17Z</time></trkpt><trkpt lat="-23.772453" lon="-46.558383"><ele>769.088</ele><time>2026-08-03T15:30:18Z</time></trkpt><trkpt lat="-23.772467" lon="-46.558375"><ele>769.013</ele><time>2026-08-03T15:30:19Z</time></trkpt><trkpt lat="-23.77248" lon="-46.558363"><ele>769.067</ele><time>2026-08-03T15:30:20Z</time></trkpt><trkpt lat="-23.77249" lon="-46.558343"><ele>769.096</ele><time>2026-08-03T15:30:21Z</time></trkpt><trkpt lat="-23.772503" lon="-46.558327"><ele>769.145</ele><time>2026-08-03T15:30:22Z</time></trkpt><trkpt lat="-23.772518" lon="-46.55831"><ele>769.275</ele><time>2026-08-03T15:30:23Z</time></trkpt><trkpt lat="-23.772535" lon="-46.558297"><ele>769.628</ele><time>2026-08-03T15:30:24Z</time></trkpt><trkpt lat="-23.772552" lon="-46.558283"><ele>770.120</ele><time>2026-08-03T15:30:25Z</time></trkpt><trkpt lat="-23.77256" lon="-46.558273"><ele>770.409</ele><time>2026-08-03T15:30:26Z</time></trkpt><trkpt lat="-23.77257" lon="-46.558267"><ele>770.699</ele><time>2026-08-03T15:30:27Z</time></trkpt><trkpt lat="-23.772588" lon="-46.558242"><ele>770.884</ele><time>2026-08-03T15:30:29Z</time></trkpt><trkpt lat="-23.7726" lon="-46.558228"><ele>771.274</ele><time>2026-08-03T15:30:30Z</time></trkpt><trkpt lat="-23.772612" lon="-46.558217"><ele>771.722</ele><time>2026-08-03T15:30:31Z</time></trkpt><trkpt lat="-23.772623" lon="-46.558205"><ele>772.046</ele><time>2026-08-03T15:30:32Z</time></trkpt><trkpt lat="-23.772635" lon="-46.558192"><ele>772.161</ele><time>2026-08-03T15:30:33Z</time></trkpt><trkpt lat="-23.772647" lon="-46.558175"><ele>772.215</ele><time>2026-08-03T15:30:34Z</time></trkpt><trkpt lat="-23.772653" lon="-46.55816"><ele>772.314</ele><time>2026-08-03T15:30:35Z</time></trkpt><trkpt lat="-23.772668" lon="-46.55815"><ele>772.783</ele><time>2026-08-03T15:30:36Z</time></trkpt><trkpt lat="-23.772678" lon="-46.55814"><ele>773.176</ele><time>2026-08-03T15:30:37Z</time></trkpt><trkpt lat="-23.772688" lon="-46.558142"><ele>773.790</ele><time>2026-08-03T15:30:38Z</time></trkpt><trkpt lat="-23.772693" lon="-46.55813"><ele>774.419</ele><time>2026-08-03T15:30:39Z</time></trkpt><trkpt lat="-23.772708" lon="-46.558113"><ele>775.009</ele><time>2026-08-03T15:30:40Z</time></trkpt><trkpt lat="-23.772713" lon="-46.558097"><ele>775.819</ele><time>2026-08-03T15:30:41Z</time></trkpt><trkpt lat="-23.772713" lon="-46.558085"><ele>776.654</ele><time>2026-08-03T15:30:42Z</time></trkpt><trkpt lat="-23.772713" lon="-46.55807"><ele>777.114</ele><time>2026-08-03T15:30:43Z</time></trkpt><trkpt lat="-23.772707" lon="-46.558053"><ele>777.672</ele><time>2026-08-03T15:30:44Z</time></trkpt><trkpt lat="-23.772705" lon="-46.558033"><ele>778.186</ele><time>2026-08-03T15:30:45Z</time></trkpt><trkpt lat="-23.772702" lon="-46.558015"><ele>778.781</ele><time>2026-08-03T15:30:46Z</time></trkpt><trkpt lat="-23.772698" lon="-46.558"><ele>779.495</ele><time>2026-08-03T15:30:47Z</time></trkpt><trkpt lat="-23.772698" lon="-46.557978"><ele>780.044</ele><time>2026-08-03T15:30:48Z</time></trkpt><trkpt lat="-23.7727" lon="-46.557955"><ele>780.363</ele><time>2026-08-03T15:30:49Z</time></trkpt><trkpt lat="-23.772697" lon="-46.557933"><ele>780.772</ele><time>2026-08-03T15:30:50Z</time></trkpt><trkpt lat="-23.772695" lon="-46.557923"><ele>781.413</ele><time>2026-08-03T15:30:51Z</time></trkpt><trkpt lat="-23.772695" lon="-46.557898"><ele>782.214</ele><time>2026-08-03T15:30:52Z</time></trkpt><trkpt lat="-23.772678" lon="-46.557872"><ele>782.509</ele><time>2026-08-03T15:30:53Z</time></trkpt><trkpt lat="-23.77267" lon="-46.557842"><ele>782.889</ele><time>2026-08-03T15:30:54Z</time></trkpt><trkpt lat="-23.772672" lon="-46.557813"><ele>783.324</ele><time>2026-08-03T15:30:55Z</time></trkpt><trkpt lat="-23.772677" lon="-46.557785"><ele>784.114</ele><time>2026-08-03T15:30:56Z</time></trkpt><trkpt lat="-23.772667" lon="-46.557762"><ele>784.862</ele><time>2026-08-03T15:30:57Z</time></trkpt><trkpt lat="-23.772662" lon="-46.557743"><ele>785.136</ele><time>2026-08-03T15:30:58Z</time></trkpt><trkpt lat="-23.772657" lon="-46.557723"><ele>785.371</ele><time>2026-08-03T15:30:59Z</time></trkpt><trkpt lat="-23.772658" lon="-46.557703"><ele>785.355</ele><time>2026-08-03T15:31:00Z</time></trkpt><trkpt lat="-23.772662" lon="-46.557688"><ele>785.444</ele><time>2026-08-03T15:31:01Z</time></trkpt><trkpt lat="-23.772663" lon="-46.557662"><ele>785.423</ele><time>2026-08-03T15:31:02Z</time></trkpt><trkpt lat="-23.772673" lon="-46.557643"><ele>785.478</ele><time>2026-08-03T15:31:03Z</time></trkpt><trkpt lat="-23.772678" lon="-46.557635"><ele>785.433</ele><time>2026-08-03T15:31:04Z</time></trkpt><trkpt lat="-23.772687" lon="-46.557622"><ele>785.426</ele><time>2026-08-03T15:31:05Z</time></trkpt><trkpt lat="-23.772705" lon="-46.557618"><ele>785.409</ele><time>2026-08-03T15:31:06Z</time></trkpt><trkpt lat="-23.772733" lon="-46.557613"><ele>785.449</ele><time>2026-08-03T15:31:07Z</time></trkpt><trkpt lat="-23.772758" lon="-46.557615"><ele>785.494</ele><time>2026-08-03T15:31:08Z</time></trkpt><trkpt lat="-23.772782" lon="-46.557623"><ele>785.454</ele><time>2026-08-03T15:31:09Z</time></trkpt><trkpt lat="-23.772803" lon="-46.55763"><ele>785.452</ele><time>2026-08-03T15:31:10Z</time></trkpt><trkpt lat="-23.772842" lon="-46.557628"><ele>785.496</ele><time>2026-08-03T15:31:11Z</time></trkpt><trkpt lat="-23.772905" lon="-46.557617"><ele>785.551</ele><time>2026-08-03T15:31:12Z</time></trkpt><trkpt lat="-23.772952" lon="-46.557597"><ele>785.525</ele><time>2026-08-03T15:31:13Z</time></trkpt><trkpt lat="-23.77298" lon="-46.557592"><ele>785.624</ele><time>2026-08-03T15:31:14Z</time></trkpt><trkpt lat="-23.773008" lon="-46.557588"><ele>785.623</ele><time>2026-08-03T15:31:15Z</time></trkpt><trkpt lat="-23.773035" lon="-46.557587"><ele>785.669</ele><time>2026-08-03T15:31:16Z</time></trkpt><trkpt lat="-23.773028" lon="-46.557593"><ele>785.604</ele><time>2026-08-03T15:31:17Z</time></trkpt><trkpt lat="-23.773058" lon="-46.55759"><ele>785.624</ele><time>2026-08-03T15:31:18Z</time></trkpt><trkpt lat="-23.77309" lon="-46.557582"><ele>785.709</ele><time>2026-08-03T15:31:19Z</time></trkpt><trkpt lat="-23.773117" lon="-46.557577"><ele>786.088</ele><time>2026-08-03T15:31:20Z</time></trkpt><trkpt lat="-23.773145" lon="-46.557568"><ele>786.233</ele><time>2026-08-03T15:31:21Z</time></trkpt><trkpt lat="-23.773173" lon="-46.557558"><ele>786.313</ele><time>2026-08-03T15:31:22Z</time></trkpt><trkpt lat="-23.773205" lon="-46.557542"><ele>786.421</ele><time>2026-08-03T15:31:23Z</time></trkpt><trkpt lat="-23.773227" lon="-46.557532"><ele>786.425</ele><time>2026-08-03T15:31:24Z</time></trkpt><trkpt lat="-23.773242" lon="-46.557518"><ele>786.590</ele><time>2026-08-03T15:31:25Z</time></trkpt><trkpt lat="-23.773255" lon="-46.557497"><ele>786.714</ele><time>2026-08-03T15:31:26Z</time></trkpt><trkpt lat="-23.773265" lon="-46.557472"><ele>787.613</ele><time>2026-08-03T15:31:27Z</time></trkpt><trkpt lat="-23.773275" lon="-46.557448"><ele>788.852</ele><time>2026-08-03T15:31:28Z</time></trkpt><trkpt lat="-23.773293" lon="-46.55744"><ele>789.617</ele><time>2026-08-03T15:31:29Z</time></trkpt><trkpt lat="-23.773302" lon="-46.557435"><ele>790.087</ele><time>2026-08-03T15:31:30Z</time></trkpt><trkpt lat="-23.773327" lon="-46.557433"><ele>790.315</ele><time>2026-08-03T15:31:31Z</time></trkpt><trkpt lat="-23.773342" lon="-46.557407"><ele>790.509</ele><time>2026-08-03T15:31:32Z</time></trkpt><trkpt lat="-23.773363" lon="-46.55739"><ele>790.853</ele><time>2026-08-03T15:31:33Z</time></trkpt><trkpt lat="-23.773385" lon="-46.557378"><ele>791.598</ele><time>2026-08-03T15:31:34Z</time></trkpt><trkpt lat="-23.773397" lon="-46.557372"><ele>792.258</ele><time>2026-08-03T15:31:35Z</time></trkpt><trkpt lat="-23.773408" lon="-46.557363"><ele>792.556</ele><time>2026-08-03T15:31:36Z</time></trkpt><trkpt lat="-23.773418" lon="-46.55736"><ele>792.660</ele><time>2026-08-03T15:31:37Z</time></trkpt><trkpt lat="-23.773425" lon="-46.557348"><ele>792.645</ele><time>2026-08-03T15:31:38Z</time></trkpt><trkpt lat="-23.773433" lon="-46.557343"><ele>792.659</ele><time>2026-08-03T15:31:40Z</time></trkpt><trkpt lat="-23.77344" lon="-46.557328"><ele>792.718</ele><time>2026-08-03T15:31:41Z</time></trkpt><trkpt lat="-23.773447" lon="-46.557318"><ele>792.837</ele><time>2026-08-03T15:31:42Z</time></trkpt><trkpt lat="-23.773453" lon="-46.557308"><ele>792.982</ele><time>2026-08-03T15:31:43Z</time></trkpt><trkpt lat="-23.773448" lon="-46.557293"><ele>792.943</ele><time>2026-08-03T15:31:45Z</time></trkpt><trkpt lat="-23.773457" lon="-46.557275"><ele>792.917</ele><time>2026-08-03T15:31:46Z</time></trkpt><trkpt lat="-23.773457" lon="-46.557253"><ele>792.909</ele><time>2026-08-03T15:31:47Z</time></trkpt><trkpt lat="-23.773465" lon="-46.557233"><ele>792.970</ele><time>2026-08-03T15:31:48Z</time></trkpt><trkpt lat="-23.773475" lon="-46.557217"><ele>792.915</ele><time>2026-08-03T15:31:49Z</time></trkpt><trkpt lat="-23.773475" lon="-46.557197"><ele>792.965</ele><time>2026-08-03T15:31:50Z</time></trkpt><trkpt lat="-23.773478" lon="-46.557175"><ele>792.913</ele><time>2026-08-03T15:31:51Z</time></trkpt><trkpt lat="-23.773473" lon="-46.55715"><ele>792.937</ele><time>2026-08-03T15:31:52Z</time></trkpt><trkpt lat="-23.773468" lon="-46.557128"><ele>792.992</ele><time>2026-08-03T15:31:53Z</time></trkpt><trkpt lat="-23.773458" lon="-46.557113"><ele>792.826</ele><time>2026-08-03T15:31:54Z</time></trkpt><trkpt lat="-23.773463" lon="-46.557098"><ele>792.615</ele><time>2026-08-03T15:31:55Z</time></trkpt><trkpt lat="-23.77346" lon="-46.557078"><ele>792.544</ele><time>2026-08-03T15:31:56Z</time></trkpt><trkpt lat="-23.773462" lon="-46.557065"><ele>792.584</ele><time>2026-08-03T15:31:57Z</time></trkpt><trkpt lat="-23.773455" lon="-46.557052"><ele>792.507</ele><time>2026-08-03T15:31:58Z</time></trkpt><trkpt lat="-23.773437" lon="-46.557032"><ele>792.517</ele><time>2026-08-03T15:31:59Z</time></trkpt><trkpt lat="-23.77342" lon="-46.557013"><ele>792.509</ele><time>2026-08-03T15:32:00Z</time></trkpt><trkpt lat="-23.773408" lon="-46.556995"><ele>792.550</ele><time>2026-08-03T15:32:01Z</time></trkpt><trkpt lat="-23.773407" lon="-46.556982"><ele>792.425</ele><time>2026-08-03T15:32:02Z</time></trkpt><trkpt lat="-23.773398" lon="-46.556965"><ele>792.365</ele><time>2026-08-03T15:32:03Z</time></trkpt><trkpt lat="-23.77339" lon="-46.556943"><ele>792.353</ele><time>2026-08-03T15:32:04Z</time></trkpt><trkpt lat="-23.773385" lon="-46.55693"><ele>792.347</ele><time>2026-08-03T15:32:05Z</time></trkpt><trkpt lat="-23.77338" lon="-46.556913"><ele>792.372</ele><time>2026-08-03T15:32:06Z</time></trkpt><trkpt lat="-23.773365" lon="-46.556897"><ele>792.256</ele><time>2026-08-03T15:32:07Z</time></trkpt><trkpt lat="-23.77335" lon="-46.556875"><ele>792.245</ele><time>2026-08-03T15:32:08Z</time></trkpt><trkpt lat="-23.773318" lon="-46.55686"><ele>792.254</ele><time>2026-08-03T15:32:09Z</time></trkpt><trkpt lat="-23.773293" lon="-46.55684"><ele>792.262</ele><time>2026-08-03T15:32:10Z</time></trkpt><trkpt lat="-23.773273" lon="-46.55683"><ele>792.283</ele><time>2026-08-03T15:32:11Z</time></trkpt><trkpt lat="-23.773233" lon="-46.556815"><ele>792.211</ele><time>2026-08-03T15:32:12Z</time></trkpt><trkpt lat="-23.773203" lon="-46.556817"><ele>792.209</ele><time>2026-08-03T15:32:13Z</time></trkpt><trkpt lat="-23.77318" lon="-46.556813"><ele>792.188</ele><time>2026-08-03T15:32:14Z</time></trkpt><trkpt lat="-23.773157" lon="-46.556813"><ele>792.123</ele><time>2026-08-03T15:32:15Z</time></trkpt><trkpt lat="-23.773132" lon="-46.556817"><ele>792.063</ele><time>2026-08-03T15:32:16Z</time></trkpt><trkpt lat="-23.773107" lon="-46.55682"><ele>792.091</ele><time>2026-08-03T15:32:17Z</time></trkpt><trkpt lat="-23.77309" lon="-46.55682"><ele>792.095</ele><time>2026-08-03T15:32:18Z</time></trkpt><trkpt lat="-23.773072" lon="-46.556823"><ele>791.980</ele><time>2026-08-03T15:32:19Z</time></trkpt><trkpt lat="-23.773043" lon="-46.556803"><ele>791.674</ele><time>2026-08-03T15:32:20Z</time></trkpt><trkpt lat="-23.773012" lon="-46.556797"><ele>791.013</ele><time>2026-08-03T15:32:21Z</time></trkpt><trkpt lat="-23.772987" lon="-46.55678"><ele>790.382</ele><time>2026-08-03T15:32:22Z</time></trkpt><trkpt lat="-23.772957" lon="-46.556768"><ele>789.952</ele><time>2026-08-03T15:32:23Z</time></trkpt><trkpt lat="-23.772922" lon="-46.556742"><ele>789.753</ele><time>2026-08-03T15:32:24Z</time></trkpt><trkpt lat="-23.772895" lon="-46.556727"><ele>789.608</ele><time>2026-08-03T15:32:25Z</time></trkpt><trkpt lat="-23.772872" lon="-46.55671"><ele>789.109</ele><time>2026-08-03T15:32:26Z</time></trkpt><trkpt lat="-23.772852" lon="-46.556693"><ele>788.637</ele><time>2026-08-03T15:32:27Z</time></trkpt><trkpt lat="-23.772832" lon="-46.55668"><ele>788.592</ele><time>2026-08-03T15:32:28Z</time></trkpt><trkpt lat="-23.772817" lon="-46.556665"><ele>788.532</ele><time>2026-08-03T15:32:29Z</time></trkpt><trkpt lat="-23.7728" lon="-46.556652"><ele>788.350</ele><time>2026-08-03T15:32:30Z</time></trkpt><trkpt lat="-23.772783" lon="-46.556627"><ele>788.234</ele><time>2026-08-03T15:32:31Z</time></trkpt><trkpt lat="-23.772757" lon="-46.556598"><ele>788.149</ele><time>2026-08-03T15:32:32Z</time></trkpt><trkpt lat="-23.772747" lon="-46.556575"><ele>787.943</ele><time>2026-08-03T15:32:33Z</time></trkpt><trkpt lat="-23.772737" lon="-46.556545"><ele>787.732</ele><time>2026-08-03T15:32:34Z</time></trkpt><trkpt lat="-23.772728" lon="-46.556518"><ele>787.551</ele><time>2026-08-03T15:32:35Z</time></trkpt><trkpt lat="-23.772715" lon="-46.556493"><ele>787.599</ele><time>2026-08-03T15:32:36Z</time></trkpt><trkpt lat="-23.772705" lon="-46.556465"><ele>787.407</ele><time>2026-08-03T15:32:37Z</time></trkpt><trkpt lat="-23.77269" lon="-46.55644"><ele>787.427</ele><time>2026-08-03T15:32:38Z</time></trkpt><trkpt lat="-23.772685" lon="-46.556415"><ele>787.409</ele><time>2026-08-03T15:32:39Z</time></trkpt><trkpt lat="-23.772673" lon="-46.556387"><ele>787.441</ele><time>2026-08-03T15:32:40Z</time></trkpt><trkpt lat="-23.77266" lon="-46.556362"><ele>787.316</ele><time>2026-08-03T15:32:41Z</time></trkpt><trkpt lat="-23.772648" lon="-46.556335"><ele>787.266</ele><time>2026-08-03T15:32:42Z</time></trkpt><trkpt lat="-23.77264" lon="-46.556312"><ele>787.254</ele><time>2026-08-03T15:32:43Z</time></trkpt><trkpt lat="-23.772627" lon="-46.556283"><ele>786.918</ele><time>2026-08-03T15:32:44Z</time></trkpt><trkpt lat="-23.772625" lon="-46.556252"><ele>786.393</ele><time>2026-08-03T15:32:45Z</time></trkpt><trkpt lat="-23.772622" lon="-46.556217"><ele>785.547</ele><time>2026-08-03T15:32:46Z</time></trkpt><trkpt lat="-23.772615" lon="-46.556188"><ele>784.886</ele><time>2026-08-03T15:32:47Z</time></trkpt><trkpt lat="-23.772613" lon="-46.556163"><ele>784.135</ele><time>2026-08-03T15:32:48Z</time></trkpt><trkpt lat="-23.772615" lon="-46.556128"><ele>783.532</ele><time>2026-08-03T15:32:49Z</time></trkpt><trkpt lat="-23.772618" lon="-46.556098"><ele>782.992</ele><time>2026-08-03T15:32:50Z</time></trkpt><trkpt lat="-23.772627" lon="-46.556075"><ele>782.211</ele><time>2026-08-03T15:32:51Z</time></trkpt><trkpt lat="-23.772635" lon="-46.556045"><ele>781.709</ele><time>2026-08-03T15:32:52Z</time></trkpt><trkpt lat="-23.772648" lon="-46.556017"><ele>781.045</ele><time>2026-08-03T15:32:53Z</time></trkpt><trkpt lat="-23.772662" lon="-46.555993"><ele>780.480</ele><time>2026-08-03T15:32:54Z</time></trkpt><trkpt lat="-23.77267" lon="-46.555973"><ele>779.910</ele><time>2026-08-03T15:32:55Z</time></trkpt><trkpt lat="-23.772682" lon="-46.555957"><ele>779.528</ele><time>2026-08-03T15:32:56Z</time></trkpt><trkpt lat="-23.772695" lon="-46.555938"><ele>779.032</ele><time>2026-08-03T15:32:57Z</time></trkpt><trkpt lat="-23.772728" lon="-46.555908"><ele>778.557</ele><time>2026-08-03T15:32:58Z</time></trkpt><trkpt lat="-23.772742" lon="-46.55588"><ele>778.151</ele><time>2026-08-03T15:32:59Z</time></trkpt><trkpt lat="-23.772752" lon="-46.555855"><ele>777.810</ele><time>2026-08-03T15:33:00Z</time></trkpt><trkpt lat="-23.77275" lon="-46.555827"><ele>777.859</ele><time>2026-08-03T15:33:01Z</time></trkpt><trkpt lat="-23.772748" lon="-46.555807"><ele>777.892</ele><time>2026-08-03T15:33:02Z</time></trkpt><trkpt lat="-23.772742" lon="-46.555778"><ele>777.873</ele><time>2026-08-03T15:33:03Z</time></trkpt><trkpt lat="-23.772747" lon="-46.55574"><ele>777.820</ele><time>2026-08-03T15:33:04Z</time></trkpt><trkpt lat="-23.772745" lon="-46.555705"><ele>777.809</ele><time>2026-08-03T15:33:05Z</time></trkpt><trkpt lat="-23.77273" lon="-46.555683"><ele>777.871</ele><time>2026-08-03T15:33:06Z</time></trkpt><trkpt lat="-23.772717" lon="-46.555658"><ele>777.886</ele><time>2026-08-03T15:33:07Z</time></trkpt><trkpt lat="-23.772697" lon="-46.555635"><ele>777.836</ele><time>2026-08-03T15:33:08Z</time></trkpt><trkpt lat="-23.772683" lon="-46.55562"><ele>777.884</ele><time>2026-08-03T15:33:09Z</time></trkpt><trkpt lat="-23.77267" lon="-46.555608"><ele>777.818</ele><time>2026-08-03T15:33:10Z</time></trkpt><trkpt lat="-23.772655" lon="-46.555593"><ele>777.823</ele><time>2026-08-03T15:33:11Z</time></trkpt><trkpt lat="-23.77264" lon="-46.555577"><ele>777.837</ele><time>2026-08-03T15:33:12Z</time></trkpt><trkpt lat="-23.772628" lon="-46.55556"><ele>777.846</ele><time>2026-08-03T15:33:13Z</time></trkpt><trkpt lat="-23.772618" lon="-46.555533"><ele>777.845</ele><time>2026-08-03T15:33:14Z</time></trkpt><trkpt lat="-23.772607" lon="-46.555528"><ele>778.397</ele><time>2026-08-03T15:33:15Z</time></trkpt><trkpt lat="-23.772592" lon="-46.555518"><ele>779.123</ele><time>2026-08-03T15:33:16Z</time></trkpt><trkpt lat="-23.772582" lon="-46.555502"><ele>779.625</ele><time>2026-08-03T15:33:17Z</time></trkpt><trkpt lat="-23.772557" lon="-46.555493"><ele>780.709</ele><time>2026-08-03T15:33:18Z</time></trkpt><trkpt lat="-23.772548" lon="-46.555478"><ele>782.281</ele><time>2026-08-03T15:33:19Z</time></trkpt><trkpt lat="-23.772543" lon="-46.555458"><ele>783.336</ele><time>2026-08-03T15:33:20Z</time></trkpt><trkpt lat="-23.77254" lon="-46.555433"><ele>783.676</ele><time>2026-08-03T15:33:21Z</time></trkpt><trkpt lat="-23.772533" lon="-46.555405"><ele>783.914</ele><time>2026-08-03T15:33:22Z</time></trkpt><trkpt lat="-23.77252" lon="-46.555382"><ele>784.588</ele><time>2026-08-03T15:33:23Z</time></trkpt><trkpt lat="-23.772513" lon="-46.55536"><ele>785.243</ele><time>2026-08-03T15:33:24Z</time></trkpt><trkpt lat="-23.772507" lon="-46.555338"><ele>785.767</ele><time>2026-08-03T15:33:25Z</time></trkpt><trkpt lat="-23.772502" lon="-46.555322"><ele>785.946</ele><time>2026-08-03T15:33:26Z</time></trkpt><trkpt lat="-23.7725" lon="-46.555303"><ele>786.265</ele><time>2026-08-03T15:33:27Z</time></trkpt><trkpt lat="-23.77249" lon="-46.555287"><ele>786.948</ele><time>2026-08-03T15:33:28Z</time></trkpt><trkpt lat="-23.772483" lon="-46.555262"><ele>788.161</ele><time>2026-08-03T15:33:29Z</time></trkpt><trkpt lat="-23.772477" lon="-46.555237"><ele>788.617</ele><time>2026-08-03T15:33:30Z</time></trkpt><trkpt lat="-23.772467" lon="-46.555225"><ele>789.009</ele><time>2026-08-03T15:33:31Z</time></trkpt><trkpt lat="-23.772458" lon="-46.555207"><ele>789.326</ele><time>2026-08-03T15:33:32Z</time></trkpt><trkpt lat="-23.772447" lon="-46.55519"><ele>789.451</ele><time>2026-08-03T15:33:33Z</time></trkpt><trkpt lat="-23.772432" lon="-46.555172"><ele>789.621</ele><time>2026-08-03T15:33:34Z</time></trkpt><trkpt lat="-23.772425" lon="-46.55516"><ele>789.829</ele><time>2026-08-03T15:33:35Z</time></trkpt><trkpt lat="-23.772418" lon="-46.555142"><ele>790.053</ele><time>2026-08-03T15:33:36Z</time></trkpt><trkpt lat="-23.772407" lon="-46.555125"><ele>790.088</ele><time>2026-08-03T15:33:37Z</time></trkpt><trkpt lat="-23.77239" lon="-46.555108"><ele>790.042</ele><time>2026-08-03T15:33:38Z</time></trkpt><trkpt lat="-23.772375" lon="-46.555088"><ele>790.151</ele><time>2026-08-03T15:33:39Z</time></trkpt><trkpt lat="-23.772363" lon="-46.555062"><ele>790.290</ele><time>2026-08-03T15:33:40Z</time></trkpt><trkpt lat="-23.77235" lon="-46.55504"><ele>790.234</ele><time>2026-08-03T15:33:41Z</time></trkpt><trkpt lat="-23.77234" lon="-46.55502"><ele>790.355</ele><time>2026-08-03T15:33:42Z</time></trkpt><trkpt lat="-23.772332" lon="-46.555002"><ele>790.310</ele><time>2026-08-03T15:33:43Z</time></trkpt><trkpt lat="-23.77233" lon="-46.554977"><ele>790.409</ele><time>2026-08-03T15:33:44Z</time></trkpt><trkpt lat="-23.77232" lon="-46.554955"><ele>790.515</ele><time>2026-08-03T15:33:45Z</time></trkpt><trkpt lat="-23.772303" lon="-46.554935"><ele>790.620</ele><time>2026-08-03T15:33:46Z</time></trkpt><trkpt lat="-23.772293" lon="-46.554918"><ele>790.810</ele><time>2026-08-03T15:33:47Z</time></trkpt><trkpt lat="-23.772285" lon="-46.554902"><ele>791.188</ele><time>2026-08-03T15:33:48Z</time></trkpt><trkpt lat="-23.772277" lon="-46.554882"><ele>791.442</ele><time>2026-08-03T15:33:49Z</time></trkpt><trkpt lat="-23.772267" lon="-46.55486"><ele>791.497</ele><time>2026-08-03T15:33:50Z</time></trkpt><trkpt lat="-23.772258" lon="-46.554842"><ele>791.571</ele><time>2026-08-03T15:33:51Z</time></trkpt><trkpt lat="-23.772253" lon="-46.55483"><ele>791.580</ele><time>2026-08-03T15:33:52Z</time></trkpt><trkpt lat="-23.772238" lon="-46.55482"><ele>791.679</ele><time>2026-08-03T15:33:53Z</time></trkpt><trkpt lat="-23.77222" lon="-46.554807"><ele>791.689</ele><time>2026-08-03T15:33:54Z</time></trkpt><trkpt lat="-23.772202" lon="-46.554797"><ele>791.606</ele><time>2026-08-03T15:33:55Z</time></trkpt><trkpt lat="-23.772183" lon="-46.554778"><ele>791.626</ele><time>2026-08-03T15:33:56Z</time></trkpt><trkpt lat="-23.772163" lon="-46.554762"><ele>791.609</ele><time>2026-08-03T15:33:57Z</time></trkpt><trkpt lat="-23.77215" lon="-46.554748"><ele>791.640</ele><time>2026-08-03T15:33:58Z</time></trkpt><trkpt lat="-23.772142" lon="-46.554732"><ele>791.695</ele><time>2026-08-03T15:33:59Z</time></trkpt><trkpt lat="-23.772133" lon="-46.55472"><ele>791.655</ele><time>2026-08-03T15:34:00Z</time></trkpt><trkpt lat="-23.772105" lon="-46.554707"><ele>791.633</ele><time>2026-08-03T15:34:01Z</time></trkpt><trkpt lat="-23.772093" lon="-46.554692"><ele>791.697</ele><time>2026-08-03T15:34:02Z</time></trkpt><trkpt lat="-23.772083" lon="-46.554677"><ele>791.672</ele><time>2026-08-03T15:34:03Z</time></trkpt><trkpt lat="-23.772077" lon="-46.554665"><ele>791.686</ele><time>2026-08-03T15:34:04Z</time></trkpt><trkpt lat="-23.772065" lon="-46.554645"><ele>791.645</ele><time>2026-08-03T15:34:05Z</time></trkpt><trkpt lat="-23.772053" lon="-46.554637"><ele>791.694</ele><time>2026-08-03T15:34:06Z</time></trkpt><trkpt lat="-23.772045" lon="-46.554625"><ele>791.654</ele><time>2026-08-03T15:34:07Z</time></trkpt><trkpt lat="-23.772048" lon="-46.554605"><ele>791.556</ele><time>2026-08-03T15:34:08Z</time></trkpt><trkpt lat="-23.772038" lon="-46.554595"><ele>791.511</ele><time>2026-08-03T15:34:09Z</time></trkpt><trkpt lat="-23.772027" lon="-46.554587"><ele>791.109</ele><time>2026-08-03T15:34:10Z</time></trkpt><trkpt lat="-23.772015" lon="-46.554587"><ele>790.777</ele><time>2026-08-03T15:34:11Z</time></trkpt><trkpt lat="-23.772003" lon="-46.554588"><ele>790.642</ele><time>2026-08-03T15:34:12Z</time></trkpt><trkpt lat="-23.771992" lon="-46.554582"><ele>790.482</ele><time>2026-08-03T15:34:13Z</time></trkpt><trkpt lat="-23.771973" lon="-46.554572"><ele>790.240</ele><time>2026-08-03T15:34:14Z</time></trkpt><trkpt lat="-23.771935" lon="-46.554565"><ele>789.514</ele><time>2026-08-03T15:34:15Z</time></trkpt><trkpt lat="-23.771928" lon="-46.55455"><ele>788.859</ele><time>2026-08-03T15:34:16Z</time></trkpt><trkpt lat="-23.771925" lon="-46.554535"><ele>788.653</ele><time>2026-08-03T15:34:17Z</time></trkpt><trkpt lat="-23.771918" lon="-46.55452"><ele>788.382</ele><time>2026-08-03T15:34:18Z</time></trkpt><trkpt lat="-23.771913" lon="-46.554503"><ele>788.051</ele><time>2026-08-03T15:34:19Z</time></trkpt><trkpt lat="-23.77191" lon="-46.55449"><ele>787.975</ele><time>2026-08-03T15:34:20Z</time></trkpt><trkpt lat="-23.771902" lon="-46.554478"><ele>787.828</ele><time>2026-08-03T15:34:21Z</time></trkpt><trkpt lat="-23.771893" lon="-46.554463"><ele>787.820</ele><time>2026-08-03T15:34:22Z</time></trkpt><trkpt lat="-23.771887" lon="-46.554445"><ele>787.809</ele><time>2026-08-03T15:34:23Z</time></trkpt><trkpt lat="-23.77188" lon="-46.55443"><ele>787.889</ele><time>2026-08-03T15:34:24Z</time></trkpt><trkpt lat="-23.77187" lon="-46.554422"><ele>787.824</ele><time>2026-08-03T15:34:25Z</time></trkpt><trkpt lat="-23.771852" lon="-46.554417"><ele>787.834</ele><time>2026-08-03T15:34:26Z</time></trkpt><trkpt lat="-23.771833" lon="-46.554408"><ele>787.872</ele><time>2026-08-03T15:34:27Z</time></trkpt><trkpt lat="-23.771818" lon="-46.554392"><ele>787.896</ele><time>2026-08-03T15:34:28Z</time></trkpt><trkpt lat="-23.771818" lon="-46.554368"><ele>787.841</ele><time>2026-08-03T15:34:29Z</time></trkpt><trkpt lat="-23.771807" lon="-46.554357"><ele>787.865</ele><time>2026-08-03T15:34:30Z</time></trkpt><trkpt lat="-23.771798" lon="-46.554347"><ele>787.864</ele><time>2026-08-03T15:34:31Z</time></trkpt><trkpt lat="-23.771792" lon="-46.554338"><ele>787.993</ele><time>2026-08-03T15:34:32Z</time></trkpt><trkpt lat="-23.771788" lon="-46.554325"><ele>788.197</ele><time>2026-08-03T15:34:34Z</time></trkpt><trkpt lat="-23.771787" lon="-46.55431"><ele>788.223</ele><time>2026-08-03T15:34:36Z</time></trkpt><trkpt lat="-23.771787" lon="-46.554298"><ele>788.425</ele><time>2026-08-03T15:34:37Z</time></trkpt><trkpt lat="-23.771785" lon="-46.554283"><ele>788.609</ele><time>2026-08-03T15:34:38Z</time></trkpt><trkpt lat="-23.77178" lon="-46.55427"><ele>788.631</ele><time>2026-08-03T15:34:39Z</time></trkpt><trkpt lat="-23.771778" lon="-46.554257"><ele>788.896</ele><time>2026-08-03T15:34:40Z</time></trkpt><trkpt lat="-23.771772" lon="-46.554243"><ele>789.056</ele><time>2026-08-03T15:34:42Z</time></trkpt><trkpt lat="-23.771767" lon="-46.554228"><ele>789.124</ele><time>2026-08-03T15:34:44Z</time></trkpt><trkpt lat="-23.771747" lon="-46.55424"><ele>789.398</ele><time>2026-08-03T15:34:48Z</time></trkpt><trkpt lat="-23.771733" lon="-46.55425"><ele>789.373</ele><time>2026-08-03T15:34:49Z</time></trkpt><trkpt lat="-23.771723" lon="-46.554253"><ele>789.587</ele><time>2026-08-03T15:34:50Z</time></trkpt><trkpt lat="-23.771713" lon="-46.554253"><ele>789.716</ele><time>2026-08-03T15:34:51Z</time></trkpt><trkpt lat="-23.771703" lon="-46.55425"><ele>789.875</ele><time>2026-08-03T15:34:52Z</time></trkpt><trkpt lat="-23.77171" lon="-46.554242"><ele>789.951</ele><time>2026-08-03T15:34:54Z</time></trkpt><trkpt lat="-23.771712" lon="-46.554257"><ele>789.901</ele><time>2026-08-03T15:35:00Z</time></trkpt><trkpt lat="-23.77173" lon="-46.554255"><ele>789.911</ele><time>2026-08-03T15:35:16Z</time></trkpt><trkpt lat="-23.771722" lon="-46.554248"><ele>789.909</ele><time>2026-08-03T15:35:18Z</time></trkpt><trkpt lat="-23.771717" lon="-46.554258"><ele>789.937</ele><time>2026-08-03T15:35:22Z</time></trkpt><trkpt lat="-23.771712" lon="-46.554295"><ele>789.972</ele><time>2026-08-03T15:35:34Z</time></trkpt><trkpt lat="-23.771713" lon="-46.554305"><ele>789.982</ele><time>2026-08-03T15:35:35Z</time></trkpt><trkpt lat="-23.771703" lon="-46.554305"><ele>789.940</ele><time>2026-08-03T15:35:48Z</time></trkpt><trkpt lat="-23.7717" lon="-46.554295"><ele>789.964</ele><time>2026-08-03T15:35:51Z</time></trkpt><trkpt lat="-23.771692" lon="-46.5543"><ele>789.979</ele><time>2026-08-03T15:35:54Z</time></trkpt><trkpt lat="-23.771687" lon="-46.554308"><ele>789.933</ele><time>2026-08-03T15:35:57Z</time></trkpt><trkpt lat="-23.771677" lon="-46.554308"><ele>789.942</ele><time>2026-08-03T15:36:03Z</time></trkpt><trkpt lat="-23.771672" lon="-46.554287"><ele>789.911</ele><time>2026-08-03T15:36:19Z</time></trkpt><trkpt lat="-23.77166" lon="-46.554285"><ele>789.984</ele><time>2026-08-03T15:36:21Z</time></trkpt><trkpt lat="-23.771672" lon="-46.554288"><ele>789.907</ele><time>2026-08-03T15:36:27Z</time></trkpt><trkpt lat="-23.771682" lon="-46.55429"><ele>789.117</ele><time>2026-08-03T15:36:30Z</time></trkpt><trkpt lat="-23.771698" lon="-46.554288"><ele>788.809</ele><time>2026-08-03T15:37:07Z</time></trkpt><trkpt lat="-23.771693" lon="-46.554278"><ele>788.670</ele><time>2026-08-03T15:37:08Z</time></trkpt><trkpt lat="-23.771692" lon="-46.554262"><ele>788.475</ele><time>2026-08-03T15:37:09Z</time></trkpt><trkpt lat="-23.771687" lon="-46.554245"><ele>788.125</ele><time>2026-08-03T15:37:10Z</time></trkpt><trkpt lat="-23.771683" lon="-46.554228"><ele>787.853</ele><time>2026-08-03T15:37:11Z</time></trkpt><trkpt lat="-23.77168" lon="-46.554205"><ele>787.577</ele><time>2026-08-03T15:37:12Z</time></trkpt><trkpt lat="-23.771678" lon="-46.554182"><ele>787.262</ele><time>2026-08-03T15:37:13Z</time></trkpt><trkpt lat="-23.771677" lon="-46.554157"><ele>787.176</ele><time>2026-08-03T15:37:14Z</time></trkpt><trkpt lat="-23.77167" lon="-46.554135"><ele>787.045</ele><time>2026-08-03T15:37:15Z</time></trkpt><trkpt lat="-23.771662" lon="-46.554115"><ele>787.124</ele><time>2026-08-03T15:37:16Z</time></trkpt><trkpt lat="-23.771648" lon="-46.5541"><ele>787.259</ele><time>2026-08-03T15:37:17Z</time></trkpt><trkpt lat="-23.771637" lon="-46.554085"><ele>787.303</ele><time>2026-08-03T15:37:18Z</time></trkpt><trkpt lat="-23.771623" lon="-46.554082"><ele>787.323</ele><time>2026-08-03T15:37:19Z</time></trkpt><trkpt lat="-23.771612" lon="-46.554075"><ele>787.309</ele><time>2026-08-03T15:37:20Z</time></trkpt><trkpt lat="-23.771598" lon="-46.554063"><ele>787.317</ele><time>2026-08-03T15:37:21Z</time></trkpt><trkpt lat="-23.771583" lon="-46.554053"><ele>787.382</ele><time>2026-08-03T15:37:22Z</time></trkpt><trkpt lat="-23.771558" lon="-46.554047"><ele>787.222</ele><time>2026-08-03T15:37:23Z</time></trkpt><trkpt lat="-23.771538" lon="-46.554035"><ele>787.110</ele><time>2026-08-03T15:37:24Z</time></trkpt><trkpt lat="-23.77152" lon="-46.554027"><ele>787.064</ele><time>2026-08-03T15:37:25Z</time></trkpt><trkpt lat="-23.771495" lon="-46.554022"><ele>787.079</ele><time>2026-08-03T15:37:26Z</time></trkpt><trkpt lat="-23.771483" lon="-46.554008"><ele>787.093</ele><time>2026-08-03T15:37:27Z</time></trkpt><trkpt lat="-23.771467" lon="-46.553995"><ele>787.072</ele><time>2026-08-03T15:37:28Z</time></trkpt><trkpt lat="-23.771453" lon="-46.553977"><ele>787.041</ele><time>2026-08-03T15:37:29Z</time></trkpt><trkpt lat="-23.771435" lon="-46.553958"><ele>787.044</ele><time>2026-08-03T15:37:30Z</time></trkpt><trkpt lat="-23.771425" lon="-46.553937"><ele>786.905</ele><time>2026-08-03T15:37:31Z</time></trkpt><trkpt lat="-23.771415" lon="-46.553922"><ele>786.915</ele><time>2026-08-03T15:37:32Z</time></trkpt><trkpt lat="-23.7714" lon="-46.553908"><ele>786.909</ele><time>2026-08-03T15:37:33Z</time></trkpt><trkpt lat="-23.77138" lon="-46.553893"><ele>786.976</ele><time>2026-08-03T15:37:34Z</time></trkpt><trkpt lat="-23.77136" lon="-46.553877"><ele>786.841</ele><time>2026-08-03T15:37:35Z</time></trkpt><trkpt lat="-23.771325" lon="-46.553862"><ele>786.721</ele><time>2026-08-03T15:37:36Z</time></trkpt><trkpt lat="-23.771305" lon="-46.553838"><ele>786.399</ele><time>2026-08-03T15:37:37Z</time></trkpt><trkpt lat="-23.771288" lon="-46.553817"><ele>785.743</ele><time>2026-08-03T15:37:38Z</time></trkpt><trkpt lat="-23.77127" lon="-46.553798"><ele>785.378</ele><time>2026-08-03T15:37:39Z</time></trkpt><trkpt lat="-23.77125" lon="-46.553783"><ele>785.132</ele><time>2026-08-03T15:37:40Z</time></trkpt><trkpt lat="-23.771232" lon="-46.553765"><ele>785.081</ele><time>2026-08-03T15:37:41Z</time></trkpt><trkpt lat="-23.771208" lon="-46.553747"><ele>785.050</ele><time>2026-08-03T15:37:42Z</time></trkpt><trkpt lat="-23.771182" lon="-46.553732"><ele>784.991</ele><time>2026-08-03T15:37:43Z</time></trkpt><trkpt lat="-23.771158" lon="-46.553718"><ele>784.881</ele><time>2026-08-03T15:37:44Z</time></trkpt><trkpt lat="-23.771135" lon="-46.553705"><ele>784.719</ele><time>2026-08-03T15:37:45Z</time></trkpt><trkpt lat="-23.771105" lon="-46.553703"><ele>784.709</ele><time>2026-08-03T15:37:46Z</time></trkpt><trkpt lat="-23.771075" lon="-46.553695"><ele>784.741</ele><time>2026-08-03T15:37:47Z</time></trkpt><trkpt lat="-23.771043" lon="-46.553688"><ele>784.616</ele><time>2026-08-03T15:37:48Z</time></trkpt><trkpt lat="-23.771018" lon="-46.55368"><ele>784.616</ele><time>2026-08-03T15:37:49Z</time></trkpt><trkpt lat="-23.770988" lon="-46.55368"><ele>784.024</ele><time>2026-08-03T15:37:50Z</time></trkpt><trkpt lat="-23.770962" lon="-46.553678"><ele>783.438</ele><time>2026-08-03T15:37:51Z</time></trkpt><trkpt lat="-23.770935" lon="-46.553678"><ele>783.393</ele><time>2026-08-03T15:37:52Z</time></trkpt><trkpt lat="-23.770915" lon="-46.55368"><ele>783.297</ele><time>2026-08-03T15:37:53Z</time></trkpt><trkpt lat="-23.770892" lon="-46.553692"><ele>783.086</ele><time>2026-08-03T15:37:54Z</time></trkpt><trkpt lat="-23.770862" lon="-46.553705"><ele>782.765</ele><time>2026-08-03T15:37:55Z</time></trkpt><trkpt lat="-23.77083" lon="-46.55372"><ele>782.492</ele><time>2026-08-03T15:37:56Z</time></trkpt><trkpt lat="-23.770798" lon="-46.553733"><ele>782.173</ele><time>2026-08-03T15:37:57Z</time></trkpt><trkpt lat="-23.770765" lon="-46.553748"><ele>781.820</ele><time>2026-08-03T15:37:58Z</time></trkpt><trkpt lat="-23.770738" lon="-46.553763"><ele>781.609</ele><time>2026-08-03T15:37:59Z</time></trkpt><trkpt lat="-23.77071" lon="-46.55377"><ele>780.731</ele><time>2026-08-03T15:38:00Z</time></trkpt><trkpt lat="-23.770682" lon="-46.553782"><ele>779.286</ele><time>2026-08-03T15:38:01Z</time></trkpt><trkpt lat="-23.770655" lon="-46.553798"><ele>778.196</ele><time>2026-08-03T15:38:02Z</time></trkpt><trkpt lat="-23.770633" lon="-46.553813"><ele>777.414</ele><time>2026-08-03T15:38:03Z</time></trkpt><trkpt lat="-23.770613" lon="-46.55383"><ele>776.838</ele><time>2026-08-03T15:38:04Z</time></trkpt><trkpt lat="-23.770595" lon="-46.553847"><ele>776.483</ele><time>2026-08-03T15:38:05Z</time></trkpt><trkpt lat="-23.770558" lon="-46.553877"><ele>776.377</ele><time>2026-08-03T15:38:06Z</time></trkpt><trkpt lat="-23.770528" lon="-46.553898"><ele>776.276</ele><time>2026-08-03T15:38:07Z</time></trkpt><trkpt lat="-23.77052" lon="-46.55393"><ele>776.155</ele><time>2026-08-03T15:38:08Z</time></trkpt><trkpt lat="-23.770502" lon="-46.553955"><ele>775.799</ele><time>2026-08-03T15:38:09Z</time></trkpt><trkpt lat="-23.77049" lon="-46.553982"><ele>775.007</ele><time>2026-08-03T15:38:10Z</time></trkpt><trkpt lat="-23.770495" lon="-46.55402"><ele>774.327</ele><time>2026-08-03T15:38:11Z</time></trkpt><trkpt lat="-23.770475" lon="-46.55405"><ele>773.709</ele><time>2026-08-03T15:38:12Z</time></trkpt><trkpt lat="-23.770457" lon="-46.554073"><ele>773.061</ele><time>2026-08-03T15:38:13Z</time></trkpt><trkpt lat="-23.770442" lon="-46.554088"><ele>772.316</ele><time>2026-08-03T15:38:14Z</time></trkpt><trkpt lat="-23.770432" lon="-46.554102"><ele>771.836</ele><time>2026-08-03T15:38:15Z</time></trkpt><trkpt lat="-23.77042" lon="-46.554128"><ele>771.194</ele><time>2026-08-03T15:38:16Z</time></trkpt><trkpt lat="-23.770412" lon="-46.554157"><ele>770.438</ele><time>2026-08-03T15:38:17Z</time></trkpt><trkpt lat="-23.770398" lon="-46.554183"><ele>769.983</ele><time>2026-08-03T15:38:18Z</time></trkpt><trkpt lat="-23.770387" lon="-46.554213"><ele>769.157</ele><time>2026-08-03T15:38:19Z</time></trkpt><trkpt lat="-23.770372" lon="-46.554242"><ele>768.016</ele><time>2026-08-03T15:38:20Z</time></trkpt><trkpt lat="-23.770353" lon="-46.554262"><ele>767.025</ele><time>2026-08-03T15:38:21Z</time></trkpt><trkpt lat="-23.770343" lon="-46.554285"><ele>766.152</ele><time>2026-08-03T15:38:22Z</time></trkpt><trkpt lat="-23.770333" lon="-46.554312"><ele>765.353</ele><time>2026-08-03T15:38:23Z</time></trkpt><trkpt lat="-23.770323" lon="-46.55434"><ele>764.608</ele><time>2026-08-03T15:38:24Z</time></trkpt><trkpt lat="-23.770307" lon="-46.554363"><ele>762.609</ele><time>2026-08-03T15:38:25Z</time></trkpt><trkpt lat="-23.770297" lon="-46.554388"><ele>761.077</ele><time>2026-08-03T15:38:26Z</time></trkpt><trkpt lat="-23.770275" lon="-46.554413"><ele>760.712</ele><time>2026-08-03T15:38:27Z</time></trkpt><trkpt lat="-23.770255" lon="-46.55443"><ele>760.662</ele><time>2026-08-03T15:38:28Z</time></trkpt><trkpt lat="-23.770228" lon="-46.55444"><ele>760.370</ele><time>2026-08-03T15:38:29Z</time></trkpt><trkpt lat="-23.770195" lon="-46.554443"><ele>759.994</ele><time>2026-08-03T15:38:30Z</time></trkpt><trkpt lat="-23.770163" lon="-46.554438"><ele>759.539</ele><time>2026-08-03T15:38:31Z</time></trkpt><trkpt lat="-23.770132" lon="-46.554432"><ele>759.173</ele><time>2026-08-03T15:38:32Z</time></trkpt><trkpt lat="-23.770102" lon="-46.554423"><ele>758.612</ele><time>2026-08-03T15:38:33Z</time></trkpt><trkpt lat="-23.770077" lon="-46.55441"><ele>758.021</ele><time>2026-08-03T15:38:34Z</time></trkpt><trkpt lat="-23.77005" lon="-46.554392"><ele>757.721</ele><time>2026-08-03T15:38:35Z</time></trkpt><trkpt lat="-23.770028" lon="-46.554362"><ele>757.741</ele><time>2026-08-03T15:38:36Z</time></trkpt><trkpt lat="-23.770007" lon="-46.554333"><ele>757.005</ele><time>2026-08-03T15:38:37Z</time></trkpt><trkpt lat="-23.769985" lon="-46.554318"><ele>756.209</ele><time>2026-08-03T15:38:38Z</time></trkpt><trkpt lat="-23.769965" lon="-46.554308"><ele>755.974</ele><time>2026-08-03T15:38:39Z</time></trkpt><trkpt lat="-23.769942" lon="-46.554282"><ele>755.519</ele><time>2026-08-03T15:38:40Z</time></trkpt><trkpt lat="-23.76992" lon="-46.554262"><ele>754.989</ele><time>2026-08-03T15:38:41Z</time></trkpt><trkpt lat="-23.769905" lon="-46.55424"><ele>754.457</ele><time>2026-08-03T15:38:42Z</time></trkpt><trkpt lat="-23.769887" lon="-46.554218"><ele>754.161</ele><time>2026-08-03T15:38:43Z</time></trkpt><trkpt lat="-23.76987" lon="-46.554187"><ele>753.496</ele><time>2026-08-03T15:38:44Z</time></trkpt><trkpt lat="-23.769855" lon="-46.554155"><ele>752.710</ele><time>2026-08-03T15:38:45Z</time></trkpt><trkpt lat="-23.76984" lon="-46.55413"><ele>752.319</ele><time>2026-08-03T15:38:46Z</time></trkpt><trkpt lat="-23.769828" lon="-46.554103"><ele>751.718</ele><time>2026-08-03T15:38:47Z</time></trkpt><trkpt lat="-23.76982" lon="-46.554082"><ele>751.386</ele><time>2026-08-03T15:38:48Z</time></trkpt><trkpt lat="-23.769807" lon="-46.554053"><ele>750.860</ele><time>2026-08-03T15:38:49Z</time></trkpt><trkpt lat="-23.769795" lon="-46.554025"><ele>749.826</ele><time>2026-08-03T15:38:50Z</time></trkpt><trkpt lat="-23.769782" lon="-46.554"><ele>749.009</ele><time>2026-08-03T15:38:51Z</time></trkpt><trkpt lat="-23.769762" lon="-46.553975"><ele>748.720</ele><time>2026-08-03T15:38:52Z</time></trkpt><trkpt lat="-23.769752" lon="-46.55395"><ele>748.655</ele><time>2026-08-03T15:38:53Z</time></trkpt><trkpt lat="-23.769745" lon="-46.553923"><ele>748.535</ele><time>2026-08-03T15:38:54Z</time></trkpt><trkpt lat="-23.769735" lon="-46.5539"><ele>748.483</ele><time>2026-08-03T15:38:55Z</time></trkpt><trkpt lat="-23.769723" lon="-46.553875"><ele>748.417</ele><time>2026-08-03T15:38:56Z</time></trkpt><trkpt lat="-23.769708" lon="-46.553852"><ele>748.452</ele><time>2026-08-03T15:38:57Z</time></trkpt><trkpt lat="-23.769683" lon="-46.553828"><ele>748.496</ele><time>2026-08-03T15:38:58Z</time></trkpt><trkpt lat="-23.769672" lon="-46.553805"><ele>748.465</ele><time>2026-08-03T15:38:59Z</time></trkpt><trkpt lat="-23.769662" lon="-46.553788"><ele>748.484</ele><time>2026-08-03T15:39:00Z</time></trkpt><trkpt lat="-23.769648" lon="-46.553763"><ele>748.417</ele><time>2026-08-03T15:39:01Z</time></trkpt><trkpt lat="-23.769633" lon="-46.553738"><ele>748.487</ele><time>2026-08-03T15:39:02Z</time></trkpt><trkpt lat="-23.769623" lon="-46.553718"><ele>748.415</ele><time>2026-08-03T15:39:03Z</time></trkpt><trkpt lat="-23.769608" lon="-46.553697"><ele>748.409</ele><time>2026-08-03T15:39:04Z</time></trkpt><trkpt lat="-23.769595" lon="-46.553675"><ele>748.463</ele><time>2026-08-03T15:39:05Z</time></trkpt><trkpt lat="-23.769582" lon="-46.55366"><ele>748.438</ele><time>2026-08-03T15:39:06Z</time></trkpt><trkpt lat="-23.769565" lon="-46.553637"><ele>748.488</ele><time>2026-08-03T15:39:07Z</time></trkpt><trkpt lat="-23.769548" lon="-46.553618"><ele>748.446</ele><time>2026-08-03T15:39:08Z</time></trkpt><trkpt lat="-23.769532" lon="-46.553598"><ele>748.460</ele><time>2026-08-03T15:39:09Z</time></trkpt><trkpt lat="-23.769513" lon="-46.553577"><ele>748.945</ele><time>2026-08-03T15:39:10Z</time></trkpt><trkpt lat="-23.769492" lon="-46.553562"><ele>749.789</ele><time>2026-08-03T15:39:11Z</time></trkpt><trkpt lat="-23.769467" lon="-46.553555"><ele>750.538</ele><time>2026-08-03T15:39:12Z</time></trkpt><trkpt lat="-23.769442" lon="-46.553552"><ele>750.987</ele><time>2026-08-03T15:39:13Z</time></trkpt><trkpt lat="-23.769417" lon="-46.553553"><ele>750.985</ele><time>2026-08-03T15:39:14Z</time></trkpt><trkpt lat="-23.76939" lon="-46.553557"><ele>751.089</ele><time>2026-08-03T15:39:15Z</time></trkpt><trkpt lat="-23.769358" lon="-46.553557"><ele>751.117</ele><time>2026-08-03T15:39:16Z</time></trkpt><trkpt lat="-23.769338" lon="-46.553557"><ele>751.209</ele><time>2026-08-03T15:39:17Z</time></trkpt><trkpt lat="-23.769312" lon="-46.553558"><ele>751.270</ele><time>2026-08-03T15:39:18Z</time></trkpt><trkpt lat="-23.769287" lon="-46.553562"><ele>751.235</ele><time>2026-08-03T15:39:19Z</time></trkpt><trkpt lat="-23.769263" lon="-46.553568"><ele>751.385</ele><time>2026-08-03T15:39:20Z</time></trkpt><trkpt lat="-23.769238" lon="-46.553582"><ele>751.563</ele><time>2026-08-03T15:39:21Z</time></trkpt><trkpt lat="-23.769215" lon="-46.55359"><ele>751.757</ele><time>2026-08-03T15:39:22Z</time></trkpt><trkpt lat="-23.769192" lon="-46.553605"><ele>752.162</ele><time>2026-08-03T15:39:23Z</time></trkpt><trkpt lat="-23.76917" lon="-46.553622"><ele>752.796</ele><time>2026-08-03T15:39:24Z</time></trkpt><trkpt lat="-23.769148" lon="-46.553628"><ele>753.565</ele><time>2026-08-03T15:39:25Z</time></trkpt><trkpt lat="-23.769125" lon="-46.553637"><ele>754.014</ele><time>2026-08-03T15:39:26Z</time></trkpt><trkpt lat="-23.7691" lon="-46.55364"><ele>754.356</ele><time>2026-08-03T15:39:27Z</time></trkpt><trkpt lat="-23.769073" lon="-46.553657"><ele>754.659</ele><time>2026-08-03T15:39:28Z</time></trkpt><trkpt lat="-23.769048" lon="-46.553672"><ele>754.714</ele><time>2026-08-03T15:39:29Z</time></trkpt><trkpt lat="-23.769023" lon="-46.553687"><ele>755.209</ele><time>2026-08-03T15:39:30Z</time></trkpt><trkpt lat="-23.768997" lon="-46.553703"><ele>756.117</ele><time>2026-08-03T15:39:31Z</time></trkpt><trkpt lat="-23.76897" lon="-46.553718"><ele>756.812</ele><time>2026-08-03T15:39:32Z</time></trkpt><trkpt lat="-23.768943" lon="-46.553733"><ele>756.922</ele><time>2026-08-03T15:39:33Z</time></trkpt><trkpt lat="-23.768922" lon="-46.55375"><ele>756.970</ele><time>2026-08-03T15:39:34Z</time></trkpt><trkpt lat="-23.768897" lon="-46.553763"><ele>756.914</ele><time>2026-08-03T15:39:35Z</time></trkpt><trkpt lat="-23.768868" lon="-46.553782"><ele>756.979</ele><time>2026-08-03T15:39:36Z</time></trkpt><trkpt lat="-23.768835" lon="-46.553785"><ele>756.973</ele><time>2026-08-03T15:39:37Z</time></trkpt><trkpt lat="-23.768805" lon="-46.55379"><ele>756.942</ele><time>2026-08-03T15:39:38Z</time></trkpt><trkpt lat="-23.768777" lon="-46.55379"><ele>756.921</ele><time>2026-08-03T15:39:39Z</time></trkpt><trkpt lat="-23.768745" lon="-46.553788"><ele>756.993</ele><time>2026-08-03T15:39:40Z</time></trkpt><trkpt lat="-23.768713" lon="-46.553788"><ele>756.965</ele><time>2026-08-03T15:39:41Z</time></trkpt><trkpt lat="-23.768687" lon="-46.553793"><ele>756.921</ele><time>2026-08-03T15:39:42Z</time></trkpt><trkpt lat="-23.768653" lon="-46.553797"><ele>756.909</ele><time>2026-08-03T15:39:43Z</time></trkpt><trkpt lat="-23.768627" lon="-46.553797"><ele>756.951</ele><time>2026-08-03T15:39:44Z</time></trkpt><trkpt lat="-23.768598" lon="-46.553792"><ele>756.996</ele><time>2026-08-03T15:39:45Z</time></trkpt><trkpt lat="-23.768575" lon="-46.553793"><ele>756.996</ele><time>2026-08-03T15:39:46Z</time></trkpt><trkpt lat="-23.768548" lon="-46.553792"><ele>756.914</ele><time>2026-08-03T15:39:47Z</time></trkpt><trkpt lat="-23.768525" lon="-46.553795"><ele>756.888</ele><time>2026-08-03T15:39:48Z</time></trkpt><trkpt lat="-23.768492" lon="-46.553797"><ele>756.513</ele><time>2026-08-03T15:39:49Z</time></trkpt><trkpt lat="-23.768467" lon="-46.553797"><ele>756.167</ele><time>2026-08-03T15:39:50Z</time></trkpt><trkpt lat="-23.768438" lon="-46.553793"><ele>755.756</ele><time>2026-08-03T15:39:51Z</time></trkpt><trkpt lat="-23.76841" lon="-46.55379"><ele>755.245</ele><time>2026-08-03T15:39:52Z</time></trkpt><trkpt lat="-23.768385" lon="-46.553788"><ele>755.182</ele><time>2026-08-03T15:39:53Z</time></trkpt><trkpt lat="-23.768357" lon="-46.55379"><ele>755.143</ele><time>2026-08-03T15:39:54Z</time></trkpt><trkpt lat="-23.768328" lon="-46.553793"><ele>755.117</ele><time>2026-08-03T15:39:55Z</time></trkpt><trkpt lat="-23.768305" lon="-46.5538"><ele>755.109</ele><time>2026-08-03T15:39:56Z</time></trkpt><trkpt lat="-23.768282" lon="-46.553808"><ele>755.150</ele><time>2026-08-03T15:39:57Z</time></trkpt><trkpt lat="-23.768258" lon="-46.553815"><ele>755.145</ele><time>2026-08-03T15:39:58Z</time></trkpt><trkpt lat="-23.768233" lon="-46.553813"><ele>755.185</ele><time>2026-08-03T15:39:59Z</time></trkpt><trkpt lat="-23.768208" lon="-46.553818"><ele>755.163</ele><time>2026-08-03T15:40:00Z</time></trkpt><trkpt lat="-23.768183" lon="-46.553825"><ele>755.157</ele><time>2026-08-03T15:40:01Z</time></trkpt><trkpt lat="-23.768147" lon="-46.55382"><ele>755.192</ele><time>2026-08-03T15:40:02Z</time></trkpt><trkpt lat="-23.768113" lon="-46.55383"><ele>755.196</ele><time>2026-08-03T15:40:03Z</time></trkpt><trkpt lat="-23.768078" lon="-46.553835"><ele>755.135</ele><time>2026-08-03T15:40:04Z</time></trkpt><trkpt lat="-23.768055" lon="-46.553855"><ele>755.164</ele><time>2026-08-03T15:40:05Z</time></trkpt><trkpt lat="-23.768033" lon="-46.553878"><ele>754.915</ele><time>2026-08-03T15:40:06Z</time></trkpt><trkpt lat="-23.768008" lon="-46.553897"><ele>754.965</ele><time>2026-08-03T15:40:07Z</time></trkpt><trkpt lat="-23.767982" lon="-46.553915"><ele>754.811</ele><time>2026-08-03T15:40:08Z</time></trkpt><trkpt lat="-23.76796" lon="-46.553938"><ele>754.809</ele><time>2026-08-03T15:40:09Z</time></trkpt><trkpt lat="-23.76794" lon="-46.553958"><ele>754.963</ele><time>2026-08-03T15:40:10Z</time></trkpt><trkpt lat="-23.767918" lon="-46.553988"><ele>754.978</ele><time>2026-08-03T15:40:11Z</time></trkpt><trkpt lat="-23.7679" lon="-46.55401"><ele>755.198</ele><time>2026-08-03T15:40:12Z</time></trkpt><trkpt lat="-23.767885" lon="-46.554033"><ele>755.246</ele><time>2026-08-03T15:40:13Z</time></trkpt><trkpt lat="-23.76787" lon="-46.554057"><ele>755.450</ele><time>2026-08-03T15:40:14Z</time></trkpt><trkpt lat="-23.767852" lon="-46.554085"><ele>755.875</ele><time>2026-08-03T15:40:15Z</time></trkpt><trkpt lat="-23.767833" lon="-46.554108"><ele>756.119</ele><time>2026-08-03T15:40:16Z</time></trkpt><trkpt lat="-23.767815" lon="-46.554138"><ele>756.228</ele><time>2026-08-03T15:40:17Z</time></trkpt><trkpt lat="-23.767797" lon="-46.554167"><ele>756.217</ele><time>2026-08-03T15:40:18Z</time></trkpt><trkpt lat="-23.76778" lon="-46.554193"><ele>756.265</ele><time>2026-08-03T15:40:19Z</time></trkpt><trkpt lat="-23.767763" lon="-46.554238"><ele>756.268</ele><time>2026-08-03T15:40:20Z</time></trkpt><trkpt lat="-23.767743" lon="-46.554265"><ele>756.214</ele><time>2026-08-03T15:40:21Z</time></trkpt><trkpt lat="-23.767735" lon="-46.554302"><ele>756.209</ele><time>2026-08-03T15:40:22Z</time></trkpt><trkpt lat="-23.76773" lon="-46.554338"><ele>756.288</ele><time>2026-08-03T15:40:23Z</time></trkpt><trkpt lat="-23.767712" lon="-46.55436"><ele>756.223</ele><time>2026-08-03T15:40:24Z</time></trkpt><trkpt lat="-23.76769" lon="-46.554377"><ele>756.213</ele><time>2026-08-03T15:40:25Z</time></trkpt><trkpt lat="-23.76767" lon="-46.554397"><ele>756.191</ele><time>2026-08-03T15:40:26Z</time></trkpt><trkpt lat="-23.767652" lon="-46.554407"><ele>755.845</ele><time>2026-08-03T15:40:27Z</time></trkpt><trkpt lat="-23.767638" lon="-46.554428"><ele>755.460</ele><time>2026-08-03T15:40:28Z</time></trkpt><trkpt lat="-23.767618" lon="-46.554445"><ele>755.154</ele><time>2026-08-03T15:40:29Z</time></trkpt><trkpt lat="-23.767607" lon="-46.554467"><ele>754.913</ele><time>2026-08-03T15:40:30Z</time></trkpt><trkpt lat="-23.767597" lon="-46.554492"><ele>754.962</ele><time>2026-08-03T15:40:31Z</time></trkpt><trkpt lat="-23.767577" lon="-46.554518"><ele>754.865</ele><time>2026-08-03T15:40:32Z</time></trkpt><trkpt lat="-23.767553" lon="-46.554538"><ele>754.868</ele><time>2026-08-03T15:40:33Z</time></trkpt><trkpt lat="-23.767528" lon="-46.554555"><ele>754.714</ele><time>2026-08-03T15:40:34Z</time></trkpt><trkpt lat="-23.767508" lon="-46.554572"><ele>754.109</ele><time>2026-08-03T15:40:35Z</time></trkpt><trkpt lat="-23.76749" lon="-46.554598"><ele>753.118</ele><time>2026-08-03T15:40:36Z</time></trkpt><trkpt lat="-23.767472" lon="-46.554625"><ele>752.613</ele><time>2026-08-03T15:40:37Z</time></trkpt><trkpt lat="-23.767452" lon="-46.554653"><ele>752.523</ele><time>2026-08-03T15:40:38Z</time></trkpt><trkpt lat="-23.767432" lon="-46.554683"><ele>752.541</ele><time>2026-08-03T15:40:39Z</time></trkpt><trkpt lat="-23.767415" lon="-46.554713"><ele>752.575</ele><time>2026-08-03T15:40:40Z</time></trkpt><trkpt lat="-23.767402" lon="-46.554743"><ele>752.570</ele><time>2026-08-03T15:40:41Z</time></trkpt><trkpt lat="-23.767382" lon="-46.554773"><ele>752.574</ele><time>2026-08-03T15:40:42Z</time></trkpt><trkpt lat="-23.767363" lon="-46.554802"><ele>752.513</ele><time>2026-08-03T15:40:43Z</time></trkpt><trkpt lat="-23.767342" lon="-46.554832"><ele>752.532</ele><time>2026-08-03T15:40:44Z</time></trkpt><trkpt lat="-23.76732" lon="-46.554857"><ele>752.581</ele><time>2026-08-03T15:40:45Z</time></trkpt><trkpt lat="-23.767303" lon="-46.554882"><ele>752.561</ele><time>2026-08-03T15:40:46Z</time></trkpt><trkpt lat="-23.76729" lon="-46.554905"><ele>752.317</ele><time>2026-08-03T15:40:47Z</time></trkpt><trkpt lat="-23.767277" lon="-46.55493"><ele>752.209</ele><time>2026-08-03T15:40:48Z</time></trkpt><trkpt lat="-23.767268" lon="-46.554958"><ele>752.160</ele><time>2026-08-03T15:40:49Z</time></trkpt><trkpt lat="-23.76726" lon="-46.554977"><ele>752.055</ele><time>2026-08-03T15:40:50Z</time></trkpt><trkpt lat="-23.767238" lon="-46.555"><ele>751.915</ele><time>2026-08-03T15:40:51Z</time></trkpt><trkpt lat="-23.767215" lon="-46.55502"><ele>751.933</ele><time>2026-08-03T15:40:52Z</time></trkpt><trkpt lat="-23.767192" lon="-46.555042"><ele>751.977</ele><time>2026-08-03T15:40:53Z</time></trkpt><trkpt lat="-23.767165" lon="-46.555055"><ele>751.962</ele><time>2026-08-03T15:40:54Z</time></trkpt><trkpt lat="-23.767138" lon="-46.555063"><ele>751.916</ele><time>2026-08-03T15:40:55Z</time></trkpt><trkpt lat="-23.767115" lon="-46.555058"><ele>751.985</ele><time>2026-08-03T15:40:56Z</time></trkpt><trkpt lat="-23.767097" lon="-46.555063"><ele>751.944</ele><time>2026-08-03T15:40:57Z</time></trkpt><trkpt lat="-23.767073" lon="-46.555062"><ele>751.997</ele><time>2026-08-03T15:40:58Z</time></trkpt><trkpt lat="-23.767047" lon="-46.55505"><ele>751.923</ele><time>2026-08-03T15:40:59Z</time></trkpt><trkpt lat="-23.767018" lon="-46.555037"><ele>751.925</ele><time>2026-08-03T15:41:00Z</time></trkpt><trkpt lat="-23.766998" lon="-46.555015"><ele>751.909</ele><time>2026-08-03T15:41:01Z</time></trkpt><trkpt lat="-23.766982" lon="-46.554993"><ele>751.971</ele><time>2026-08-03T15:41:02Z</time></trkpt><trkpt lat="-23.766968" lon="-46.554968"><ele>751.966</ele><time>2026-08-03T15:41:03Z</time></trkpt><trkpt lat="-23.766962" lon="-46.554938"><ele>751.936</ele><time>2026-08-03T15:41:04Z</time></trkpt><trkpt lat="-23.766953" lon="-46.55491"><ele>751.984</ele><time>2026-08-03T15:41:05Z</time></trkpt><trkpt lat="-23.766948" lon="-46.554883"><ele>751.828</ele><time>2026-08-03T15:41:06Z</time></trkpt><trkpt lat="-23.766933" lon="-46.554863"><ele>751.643</ele><time>2026-08-03T15:41:07Z</time></trkpt><trkpt lat="-23.766922" lon="-46.55484"><ele>751.417</ele><time>2026-08-03T15:41:08Z</time></trkpt><trkpt lat="-23.766923" lon="-46.554815"><ele>751.236</ele><time>2026-08-03T15:41:09Z</time></trkpt><trkpt lat="-23.766923" lon="-46.554787"><ele>750.865</ele><time>2026-08-03T15:41:10Z</time></trkpt><trkpt lat="-23.766922" lon="-46.55476"><ele>750.537</ele><time>2026-08-03T15:41:11Z</time></trkpt><trkpt lat="-23.766925" lon="-46.554723"><ele>750.149</ele><time>2026-08-03T15:41:12Z</time></trkpt><trkpt lat="-23.766923" lon="-46.554692"><ele>749.713</ele><time>2026-08-03T15:41:13Z</time></trkpt><trkpt lat="-23.766923" lon="-46.554663"><ele>749.309</ele><time>2026-08-03T15:41:14Z</time></trkpt><trkpt lat="-23.766915" lon="-46.55463"><ele>749.025</ele><time>2026-08-03T15:41:15Z</time></trkpt><trkpt lat="-23.766903" lon="-46.554602"><ele>748.650</ele><time>2026-08-03T15:41:16Z</time></trkpt><trkpt lat="-23.7669" lon="-46.554572"><ele>748.120</ele><time>2026-08-03T15:41:17Z</time></trkpt><trkpt lat="-23.766898" lon="-46.554548"><ele>747.788</ele><time>2026-08-03T15:41:18Z</time></trkpt><trkpt lat="-23.766893" lon="-46.554523"><ele>747.262</ele><time>2026-08-03T15:41:19Z</time></trkpt><trkpt lat="-23.766883" lon="-46.554493"><ele>747.057</ele><time>2026-08-03T15:41:20Z</time></trkpt><trkpt lat="-23.766877" lon="-46.554473"><ele>746.831</ele><time>2026-08-03T15:41:21Z</time></trkpt><trkpt lat="-23.766865" lon="-46.554438"><ele>746.860</ele><time>2026-08-03T15:41:22Z</time></trkpt><trkpt lat="-23.766852" lon="-46.554407"><ele>746.899</ele><time>2026-08-03T15:41:23Z</time></trkpt><trkpt lat="-23.766848" lon="-46.554377"><ele>746.855</ele><time>2026-08-03T15:41:24Z</time></trkpt><trkpt lat="-23.766847" lon="-46.554355"><ele>746.807</ele><time>2026-08-03T15:41:25Z</time></trkpt><trkpt lat="-23.766855" lon="-46.554332"><ele>746.817</ele><time>2026-08-03T15:41:26Z</time></trkpt><trkpt lat="-23.766888" lon="-46.554375"><ele>746.809</ele><time>2026-08-03T15:41:27Z</time></trkpt><trkpt lat="-23.766883" lon="-46.554348"><ele>746.847</ele><time>2026-08-03T15:41:28Z</time></trkpt><trkpt lat="-23.766872" lon="-46.554323"><ele>746.892</ele><time>2026-08-03T15:41:29Z</time></trkpt><trkpt lat="-23.766858" lon="-46.554293"><ele>746.882</ele><time>2026-08-03T15:41:30Z</time></trkpt><trkpt lat="-23.766843" lon="-46.554263"><ele>746.880</ele><time>2026-08-03T15:41:31Z</time></trkpt><trkpt lat="-23.766828" lon="-46.554233"><ele>746.884</ele><time>2026-08-03T15:41:32Z</time></trkpt><trkpt lat="-23.766817" lon="-46.554208"><ele>746.859</ele><time>2026-08-03T15:41:33Z</time></trkpt><trkpt lat="-23.766805" lon="-46.55418"><ele>746.833</ele><time>2026-08-03T15:41:34Z</time></trkpt><trkpt lat="-23.766788" lon="-46.554143"><ele>746.852</ele><time>2026-08-03T15:41:35Z</time></trkpt><trkpt lat="-23.766777" lon="-46.554115"><ele>746.911</ele><time>2026-08-03T15:41:36Z</time></trkpt><trkpt lat="-23.766767" lon="-46.554088"><ele>747.278</ele><time>2026-08-03T15:41:37Z</time></trkpt><trkpt lat="-23.766752" lon="-46.554068"><ele>747.633</ele><time>2026-08-03T15:41:38Z</time></trkpt><trkpt lat="-23.76674" lon="-46.554048"><ele>748.126</ele><time>2026-08-03T15:41:39Z</time></trkpt><trkpt lat="-23.766728" lon="-46.554025"><ele>748.509</ele><time>2026-08-03T15:41:40Z</time></trkpt><trkpt lat="-23.766717" lon="-46.553995"><ele>749.299</ele><time>2026-08-03T15:41:41Z</time></trkpt><trkpt lat="-23.76671" lon="-46.553968"><ele>749.674</ele><time>2026-08-03T15:41:42Z</time></trkpt><trkpt lat="-23.766707" lon="-46.55394"><ele>749.844</ele><time>2026-08-03T15:41:43Z</time></trkpt><trkpt lat="-23.766697" lon="-46.553912"><ele>749.892</ele><time>2026-08-03T15:41:44Z</time></trkpt><trkpt lat="-23.76669" lon="-46.553885"><ele>749.876</ele><time>2026-08-03T15:41:45Z</time></trkpt><trkpt lat="-23.766678" lon="-46.553862"><ele>749.951</ele><time>2026-08-03T15:41:46Z</time></trkpt><trkpt lat="-23.766665" lon="-46.55384"><ele>749.915</ele><time>2026-08-03T15:41:47Z</time></trkpt><trkpt lat="-23.766653" lon="-46.553818"><ele>749.924</ele><time>2026-08-03T15:41:48Z</time></trkpt><trkpt lat="-23.766637" lon="-46.553797"><ele>749.993</ele><time>2026-08-03T15:41:49Z</time></trkpt><trkpt lat="-23.766623" lon="-46.553773"><ele>749.966</ele><time>2026-08-03T15:41:50Z</time></trkpt><trkpt lat="-23.766602" lon="-46.553748"><ele>749.929</ele><time>2026-08-03T15:41:51Z</time></trkpt><trkpt lat="-23.766578" lon="-46.55372"><ele>749.921</ele><time>2026-08-03T15:41:52Z</time></trkpt><trkpt lat="-23.76655" lon="-46.553695"><ele>749.909</ele><time>2026-08-03T15:41:53Z</time></trkpt><trkpt lat="-23.766527" lon="-46.553672"><ele>749.938</ele><time>2026-08-03T15:41:54Z</time></trkpt><trkpt lat="-23.766502" lon="-46.553653"><ele>749.943</ele><time>2026-08-03T15:41:55Z</time></trkpt><trkpt lat="-23.766478" lon="-46.553633"><ele>749.963</ele><time>2026-08-03T15:41:56Z</time></trkpt><trkpt lat="-23.766458" lon="-46.553613"><ele>749.841</ele><time>2026-08-03T15:41:57Z</time></trkpt><trkpt lat="-23.766435" lon="-46.553593"><ele>749.735</ele><time>2026-08-03T15:41:58Z</time></trkpt><trkpt lat="-23.766418" lon="-46.553577"><ele>749.660</ele><time>2026-08-03T15:41:59Z</time></trkpt><trkpt lat="-23.766398" lon="-46.55356"><ele>749.664</ele><time>2026-08-03T15:42:00Z</time></trkpt><trkpt lat="-23.766372" lon="-46.55354"><ele>749.643</ele><time>2026-08-03T15:42:01Z</time></trkpt><trkpt lat="-23.766345" lon="-46.55352"><ele>749.462</ele><time>2026-08-03T15:42:02Z</time></trkpt><trkpt lat="-23.766317" lon="-46.553508"><ele>749.025</ele><time>2026-08-03T15:42:03Z</time></trkpt><trkpt lat="-23.766282" lon="-46.553497"><ele>748.726</ele><time>2026-08-03T15:42:04Z</time></trkpt><trkpt lat="-23.766242" lon="-46.553493"><ele>748.408</ele><time>2026-08-03T15:42:05Z</time></trkpt><trkpt lat="-23.76621" lon="-46.55349"><ele>748.009</ele><time>2026-08-03T15:42:06Z</time></trkpt><trkpt lat="-23.76618" lon="-46.553492"><ele>747.614</ele><time>2026-08-03T15:42:07Z</time></trkpt><trkpt lat="-23.766148" lon="-46.55349"><ele>747.559</ele><time>2026-08-03T15:42:08Z</time></trkpt><trkpt lat="-23.76612" lon="-46.553488"><ele>747.359</ele><time>2026-08-03T15:42:09Z</time></trkpt><trkpt lat="-23.766092" lon="-46.553495"><ele>747.287</ele><time>2026-08-03T15:42:10Z</time></trkpt><trkpt lat="-23.766065" lon="-46.553495"><ele>747.161</ele><time>2026-08-03T15:42:11Z</time></trkpt><trkpt lat="-23.766033" lon="-46.553507"><ele>747.026</ele><time>2026-08-03T15:42:12Z</time></trkpt><trkpt lat="-23.766007" lon="-46.553507"><ele>746.970</ele><time>2026-08-03T15:42:13Z</time></trkpt><trkpt lat="-23.765977" lon="-46.553505"><ele>746.839</ele><time>2026-08-03T15:42:14Z</time></trkpt><trkpt lat="-23.765947" lon="-46.553492"><ele>746.768</ele><time>2026-08-03T15:42:15Z</time></trkpt><trkpt lat="-23.765923" lon="-46.553467"><ele>746.613</ele><time>2026-08-03T15:42:16Z</time></trkpt><trkpt lat="-23.765897" lon="-46.553463"><ele>746.543</ele><time>2026-08-03T15:42:17Z</time></trkpt><trkpt lat="-23.76587" lon="-46.55345"><ele>746.407</ele><time>2026-08-03T15:42:18Z</time></trkpt><trkpt lat="-23.765847" lon="-46.553435"><ele>746.409</ele><time>2026-08-03T15:42:19Z</time></trkpt><trkpt lat="-23.76582" lon="-46.55343"><ele>746.413</ele><time>2026-08-03T15:42:20Z</time></trkpt><trkpt lat="-23.765792" lon="-46.553433"><ele>746.488</ele><time>2026-08-03T15:42:21Z</time></trkpt><trkpt lat="-23.765763" lon="-46.553435"><ele>746.448</ele><time>2026-08-03T15:42:22Z</time></trkpt><trkpt lat="-23.76573" lon="-46.553443"><ele>746.466</ele><time>2026-08-03T15:42:23Z</time></trkpt><trkpt lat="-23.765707" lon="-46.553453"><ele>746.430</ele><time>2026-08-03T15:42:24Z</time></trkpt><trkpt lat="-23.76568" lon="-46.55346"><ele>746.495</ele><time>2026-08-03T15:42:25Z</time></trkpt><trkpt lat="-23.765658" lon="-46.553463"><ele>746.479</ele><time>2026-08-03T15:42:26Z</time></trkpt><trkpt lat="-23.765633" lon="-46.553462"><ele>746.428</ele><time>2026-08-03T15:42:27Z</time></trkpt><trkpt lat="-23.765617" lon="-46.553455"><ele>746.567</ele><time>2026-08-03T15:42:28Z</time></trkpt><trkpt lat="-23.765598" lon="-46.553457"><ele>746.799</ele><time>2026-08-03T15:42:29Z</time></trkpt><trkpt lat="-23.765568" lon="-46.55344"><ele>746.807</ele><time>2026-08-03T15:42:30Z</time></trkpt><trkpt lat="-23.765535" lon="-46.553422"><ele>746.827</ele><time>2026-08-03T15:42:31Z</time></trkpt><trkpt lat="-23.765508" lon="-46.553403"><ele>746.909</ele><time>2026-08-03T15:42:32Z</time></trkpt><trkpt lat="-23.765485" lon="-46.55339"><ele>747.121</ele><time>2026-08-03T15:42:33Z</time></trkpt><trkpt lat="-23.765462" lon="-46.553383"><ele>747.376</ele><time>2026-08-03T15:42:34Z</time></trkpt><trkpt lat="-23.765435" lon="-46.553392"><ele>747.336</ele><time>2026-08-03T15:42:35Z</time></trkpt><trkpt lat="-23.765408" lon="-46.553413"><ele>747.394</ele><time>2026-08-03T15:42:36Z</time></trkpt><trkpt lat="-23.765377" lon="-46.553433"><ele>747.588</ele><time>2026-08-03T15:42:37Z</time></trkpt><trkpt lat="-23.76535" lon="-46.553452"><ele>747.713</ele><time>2026-08-03T15:42:38Z</time></trkpt><trkpt lat="-23.765323" lon="-46.553465"><ele>747.817</ele><time>2026-08-03T15:42:39Z</time></trkpt><trkpt lat="-23.765303" lon="-46.553473"><ele>747.936</ele><time>2026-08-03T15:42:40Z</time></trkpt><trkpt lat="-23.765277" lon="-46.55348"><ele>748.045</ele><time>2026-08-03T15:42:41Z</time></trkpt><trkpt lat="-23.765255" lon="-46.553485"><ele>748.217</ele><time>2026-08-03T15:42:42Z</time></trkpt><trkpt lat="-23.765227" lon="-46.553488"><ele>748.687</ele><time>2026-08-03T15:42:43Z</time></trkpt><trkpt lat="-23.765202" lon="-46.553483"><ele>749.215</ele><time>2026-08-03T15:42:44Z</time></trkpt><trkpt lat="-23.765173" lon="-46.55348"><ele>749.909</ele><time>2026-08-03T15:42:45Z</time></trkpt><trkpt lat="-23.765153" lon="-46.553473"><ele>750.713</ele><time>2026-08-03T15:42:46Z</time></trkpt><trkpt lat="-23.765128" lon="-46.553462"><ele>751.288</ele><time>2026-08-03T15:42:47Z</time></trkpt><trkpt lat="-23.765103" lon="-46.55345"><ele>751.838</ele><time>2026-08-03T15:42:48Z</time></trkpt><trkpt lat="-23.765078" lon="-46.553442"><ele>752.526</ele><time>2026-08-03T15:42:49Z</time></trkpt><trkpt lat="-23.765058" lon="-46.55343"><ele>752.860</ele><time>2026-08-03T15:42:50Z</time></trkpt><trkpt lat="-23.765033" lon="-46.553433"><ele>752.815</ele><time>2026-08-03T15:42:51Z</time></trkpt><trkpt lat="-23.765005" lon="-46.55345"><ele>752.849</ele><time>2026-08-03T15:42:52Z</time></trkpt><trkpt lat="-23.764977" lon="-46.553458"><ele>752.828</ele><time>2026-08-03T15:42:53Z</time></trkpt><trkpt lat="-23.764942" lon="-46.553452"><ele>752.887</ele><time>2026-08-03T15:42:54Z</time></trkpt><trkpt lat="-23.764908" lon="-46.553442"><ele>752.817</ele><time>2026-08-03T15:42:55Z</time></trkpt><trkpt lat="-23.764878" lon="-46.553427"><ele>752.887</ele><time>2026-08-03T15:42:56Z</time></trkpt><trkpt lat="-23.764845" lon="-46.553413"><ele>752.815</ele><time>2026-08-03T15:42:57Z</time></trkpt><trkpt lat="-23.764812" lon="-46.55341"><ele>752.809</ele><time>2026-08-03T15:42:58Z</time></trkpt><trkpt lat="-23.764783" lon="-46.553407"><ele>752.833</ele><time>2026-08-03T15:42:59Z</time></trkpt><trkpt lat="-23.764755" lon="-46.553407"><ele>752.828</ele><time>2026-08-03T15:43:00Z</time></trkpt><trkpt lat="-23.764718" lon="-46.553405"><ele>752.878</ele><time>2026-08-03T15:43:01Z</time></trkpt><trkpt lat="-23.764695" lon="-46.553405"><ele>752.826</ele><time>2026-08-03T15:43:02Z</time></trkpt><trkpt lat="-23.764675" lon="-46.553397"><ele>752.850</ele><time>2026-08-03T15:43:03Z</time></trkpt><trkpt lat="-23.764657" lon="-46.553388"><ele>752.835</ele><time>2026-08-03T15:43:04Z</time></trkpt><trkpt lat="-23.76464" lon="-46.55338"><ele>752.669</ele><time>2026-08-03T15:43:05Z</time></trkpt><trkpt lat="-23.764618" lon="-46.553363"><ele>752.158</ele><time>2026-08-03T15:43:06Z</time></trkpt><trkpt lat="-23.764595" lon="-46.553357"><ele>751.717</ele><time>2026-08-03T15:43:07Z</time></trkpt><trkpt lat="-23.764555" lon="-46.553348"><ele>751.774</ele><time>2026-08-03T15:43:08Z</time></trkpt><trkpt lat="-23.764518" lon="-46.553342"><ele>751.756</ele><time>2026-08-03T15:43:09Z</time></trkpt><trkpt lat="-23.764493" lon="-46.55334"><ele>751.721</ele><time>2026-08-03T15:43:10Z</time></trkpt><trkpt lat="-23.764462" lon="-46.553338"><ele>751.709</ele><time>2026-08-03T15:43:11Z</time></trkpt><trkpt lat="-23.764432" lon="-46.553338"><ele>751.749</ele><time>2026-08-03T15:43:12Z</time></trkpt><trkpt lat="-23.764405" lon="-46.553333"><ele>751.774</ele><time>2026-08-03T15:43:13Z</time></trkpt><trkpt lat="-23.764375" lon="-46.553328"><ele>751.754</ele><time>2026-08-03T15:43:14Z</time></trkpt><trkpt lat="-23.764343" lon="-46.553328"><ele>751.762</ele><time>2026-08-03T15:43:15Z</time></trkpt><trkpt lat="-23.764318" lon="-46.553328"><ele>751.766</ele><time>2026-08-03T15:43:16Z</time></trkpt><trkpt lat="-23.764295" lon="-46.553327"><ele>751.781</ele><time>2026-08-03T15:43:17Z</time></trkpt><trkpt lat="-23.764265" lon="-46.553332"><ele>751.585</ele><time>2026-08-03T15:43:18Z</time></trkpt><trkpt lat="-23.764232" lon="-46.553335"><ele>751.334</ele><time>2026-08-03T15:43:19Z</time></trkpt><trkpt lat="-23.764207" lon="-46.553338"><ele>751.393</ele><time>2026-08-03T15:43:20Z</time></trkpt><trkpt lat="-23.764183" lon="-46.55334"><ele>751.299</ele><time>2026-08-03T15:43:21Z</time></trkpt><trkpt lat="-23.764157" lon="-46.553342"><ele>751.107</ele><time>2026-08-03T15:43:22Z</time></trkpt><trkpt lat="-23.764132" lon="-46.553342"><ele>751.127</ele><time>2026-08-03T15:43:23Z</time></trkpt><trkpt lat="-23.764115" lon="-46.553352"><ele>751.109</ele><time>2026-08-03T15:43:24Z</time></trkpt><trkpt lat="-23.764095" lon="-46.553352"><ele>751.141</ele><time>2026-08-03T15:43:25Z</time></trkpt><trkpt lat="-23.764072" lon="-46.55335"><ele>751.156</ele><time>2026-08-03T15:43:26Z</time></trkpt><trkpt lat="-23.764042" lon="-46.553352"><ele>751.086</ele><time>2026-08-03T15:43:27Z</time></trkpt><trkpt lat="-23.764012" lon="-46.55335"><ele>751.034</ele><time>2026-08-03T15:43:28Z</time></trkpt><trkpt lat="-23.76398" lon="-46.55335"><ele>750.958</ele><time>2026-08-03T15:43:29Z</time></trkpt><trkpt lat="-23.763957" lon="-46.553348"><ele>750.953</ele><time>2026-08-03T15:43:30Z</time></trkpt><trkpt lat="-23.763928" lon="-46.553353"><ele>751.097</ele><time>2026-08-03T15:43:31Z</time></trkpt><trkpt lat="-23.763913" lon="-46.553363"><ele>751.036</ele><time>2026-08-03T15:43:32Z</time></trkpt><trkpt lat="-23.763902" lon="-46.553378"><ele>751.195</ele><time>2026-08-03T15:43:33Z</time></trkpt><trkpt lat="-23.763877" lon="-46.553387"><ele>751.255</ele><time>2026-08-03T15:43:34Z</time></trkpt><trkpt lat="-23.763862" lon="-46.553387"><ele>751.507</ele><time>2026-08-03T15:43:35Z</time></trkpt><trkpt lat="-23.763848" lon="-46.553392"><ele>751.717</ele><time>2026-08-03T15:43:36Z</time></trkpt><trkpt lat="-23.763835" lon="-46.553388"><ele>751.709</ele><time>2026-08-03T15:43:37Z</time></trkpt><trkpt lat="-23.763815" lon="-46.553378"><ele>751.787</ele><time>2026-08-03T15:43:38Z</time></trkpt><trkpt lat="-23.763797" lon="-46.553372"><ele>751.732</ele><time>2026-08-03T15:43:39Z</time></trkpt><trkpt lat="-23.76378" lon="-46.553363"><ele>751.732</ele><time>2026-08-03T15:43:40Z</time></trkpt><trkpt lat="-23.763758" lon="-46.553358"><ele>751.750</ele><time>2026-08-03T15:43:41Z</time></trkpt><trkpt lat="-23.763745" lon="-46.553355"><ele>751.764</ele><time>2026-08-03T15:43:42Z</time></trkpt><trkpt lat="-23.763732" lon="-46.553357"><ele>751.789</ele><time>2026-08-03T15:43:43Z</time></trkpt><trkpt lat="-23.76372" lon="-46.553358"><ele>751.743</ele><time>2026-08-03T15:43:44Z</time></trkpt><trkpt lat="-23.763697" lon="-46.553338"><ele>751.762</ele><time>2026-08-03T15:43:45Z</time></trkpt><trkpt lat="-23.763678" lon="-46.55333"><ele>751.991</ele><time>2026-08-03T15:43:46Z</time></trkpt><trkpt lat="-23.763667" lon="-46.553327"><ele>752.567</ele><time>2026-08-03T15:43:47Z</time></trkpt><trkpt lat="-23.763648" lon="-46.553322"><ele>753.081</ele><time>2026-08-03T15:43:48Z</time></trkpt><trkpt lat="-23.763648" lon="-46.553312"><ele>753.119</ele><time>2026-08-03T15:43:49Z</time></trkpt><trkpt lat="-23.763625" lon="-46.553302"><ele>753.309</ele><time>2026-08-03T15:43:50Z</time></trkpt><trkpt lat="-23.763618" lon="-46.553293"><ele>753.438</ele><time>2026-08-03T15:43:51Z</time></trkpt><trkpt lat="-23.763608" lon="-46.553287"><ele>754.113</ele><time>2026-08-03T15:43:52Z</time></trkpt><trkpt lat="-23.763602" lon="-46.553267"><ele>755.223</ele><time>2026-08-03T15:43:53Z</time></trkpt><trkpt lat="-23.7636" lon="-46.553255"><ele>755.441</ele><time>2026-08-03T15:43:54Z</time></trkpt><trkpt lat="-23.763597" lon="-46.553242"><ele>755.415</ele><time>2026-08-03T15:43:55Z</time></trkpt><trkpt lat="-23.76359" lon="-46.55322"><ele>755.440</ele><time>2026-08-03T15:43:56Z</time></trkpt><trkpt lat="-23.763592" lon="-46.553203"><ele>755.424</ele><time>2026-08-03T15:43:57Z</time></trkpt><trkpt lat="-23.763585" lon="-46.553187"><ele>755.493</ele><time>2026-08-03T15:43:58Z</time></trkpt><trkpt lat="-23.763582" lon="-46.55317"><ele>755.452</ele><time>2026-08-03T15:43:59Z</time></trkpt><trkpt lat="-23.763582" lon="-46.55315"><ele>755.483</ele><time>2026-08-03T15:44:00Z</time></trkpt><trkpt lat="-23.763583" lon="-46.553128"><ele>755.425</ele><time>2026-08-03T15:44:01Z</time></trkpt><trkpt lat="-23.763583" lon="-46.553112"><ele>755.417</ele><time>2026-08-03T15:44:02Z</time></trkpt><trkpt lat="-23.763583" lon="-46.553098"><ele>755.409</ele><time>2026-08-03T15:44:03Z</time></trkpt><trkpt lat="-23.763582" lon="-46.553085"><ele>755.440</ele><time>2026-08-03T15:44:04Z</time></trkpt><trkpt lat="-23.763577" lon="-46.553067"><ele>755.415</ele><time>2026-08-03T15:44:05Z</time></trkpt><trkpt lat="-23.76358" lon="-46.553047"><ele>755.455</ele><time>2026-08-03T15:44:06Z</time></trkpt><trkpt lat="-23.763583" lon="-46.553025"><ele>755.483</ele><time>2026-08-03T15:44:07Z</time></trkpt><trkpt lat="-23.76358" lon="-46.553002"><ele>755.487</ele><time>2026-08-03T15:44:08Z</time></trkpt><trkpt lat="-23.763583" lon="-46.552977"><ele>755.372</ele><time>2026-08-03T15:44:09Z</time></trkpt><trkpt lat="-23.763585" lon="-46.55295"><ele>755.266</ele><time>2026-08-03T15:44:10Z</time></trkpt><trkpt lat="-23.763587" lon="-46.55292"><ele>755.185</ele><time>2026-08-03T15:44:11Z</time></trkpt><trkpt lat="-23.763592" lon="-46.552895"><ele>754.824</ele><time>2026-08-03T15:44:12Z</time></trkpt><trkpt lat="-23.763595" lon="-46.552867"><ele>754.639</ele><time>2026-08-03T15:44:13Z</time></trkpt><trkpt lat="-23.763608" lon="-46.552837"><ele>754.601</ele><time>2026-08-03T15:44:14Z</time></trkpt><trkpt lat="-23.763612" lon="-46.552803"><ele>754.521</ele><time>2026-08-03T15:44:15Z</time></trkpt><trkpt lat="-23.763613" lon="-46.55278"><ele>754.409</ele><time>2026-08-03T15:44:16Z</time></trkpt><trkpt lat="-23.763613" lon="-46.552755"><ele>754.315</ele><time>2026-08-03T15:44:17Z</time></trkpt><trkpt lat="-23.76362" lon="-46.552732"><ele>754.310</ele><time>2026-08-03T15:44:18Z</time></trkpt><trkpt lat="-23.763625" lon="-46.552708"><ele>754.270</ele><time>2026-08-03T15:44:19Z</time></trkpt><trkpt lat="-23.76363" lon="-46.552677"><ele>754.248</ele><time>2026-08-03T15:44:20Z</time></trkpt><trkpt lat="-23.763637" lon="-46.55265"><ele>754.292</ele><time>2026-08-03T15:44:21Z</time></trkpt><trkpt lat="-23.76365" lon="-46.55262"><ele>754.257</ele><time>2026-08-03T15:44:22Z</time></trkpt><trkpt lat="-23.763658" lon="-46.552595"><ele>754.241</ele><time>2026-08-03T15:44:23Z</time></trkpt><trkpt lat="-23.763657" lon="-46.552572"><ele>754.250</ele><time>2026-08-03T15:44:24Z</time></trkpt><trkpt lat="-23.763667" lon="-46.552553"><ele>754.119</ele><time>2026-08-03T15:44:25Z</time></trkpt><trkpt lat="-23.763675" lon="-46.552535"><ele>754.083</ele><time>2026-08-03T15:44:26Z</time></trkpt><trkpt lat="-23.763702" lon="-46.552523"><ele>754.025</ele><time>2026-08-03T15:44:27Z</time></trkpt><trkpt lat="-23.763713" lon="-46.552507"><ele>754.017</ele><time>2026-08-03T15:44:28Z</time></trkpt><trkpt lat="-23.763733" lon="-46.552493"><ele>754.009</ele><time>2026-08-03T15:44:29Z</time></trkpt><trkpt lat="-23.76376" lon="-46.552482"><ele>754.070</ele><time>2026-08-03T15:44:30Z</time></trkpt><trkpt lat="-23.763792" lon="-46.552477"><ele>754.085</ele><time>2026-08-03T15:44:31Z</time></trkpt><trkpt lat="-23.76382" lon="-46.552475"><ele>754.085</ele><time>2026-08-03T15:44:32Z</time></trkpt><trkpt lat="-23.763845" lon="-46.552472"><ele>754.033</ele><time>2026-08-03T15:44:33Z</time></trkpt><trkpt lat="-23.763865" lon="-46.552472"><ele>754.057</ele><time>2026-08-03T15:44:34Z</time></trkpt><trkpt lat="-23.763888" lon="-46.552477"><ele>754.082</ele><time>2026-08-03T15:44:35Z</time></trkpt><trkpt lat="-23.763922" lon="-46.552483"><ele>754.036</ele><time>2026-08-03T15:44:36Z</time></trkpt><trkpt lat="-23.763962" lon="-46.55249"><ele>754.025</ele><time>2026-08-03T15:44:37Z</time></trkpt><trkpt lat="-23.763997" lon="-46.552495"><ele>754.054</ele><time>2026-08-03T15:44:38Z</time></trkpt><trkpt lat="-23.764027" lon="-46.552502"><ele>754.147</ele><time>2026-08-03T15:44:39Z</time></trkpt><trkpt lat="-23.764047" lon="-46.5525"><ele>754.229</ele><time>2026-08-03T15:44:40Z</time></trkpt><trkpt lat="-23.764072" lon="-46.5525"><ele>754.321</ele><time>2026-08-03T15:44:41Z</time></trkpt><trkpt lat="-23.764103" lon="-46.5525"><ele>754.409</ele><time>2026-08-03T15:44:42Z</time></trkpt><trkpt lat="-23.764142" lon="-46.5525"><ele>754.596</ele><time>2026-08-03T15:44:43Z</time></trkpt><trkpt lat="-23.764175" lon="-46.552497"><ele>754.651</ele><time>2026-08-03T15:44:44Z</time></trkpt><trkpt lat="-23.764207" lon="-46.5525"><ele>754.611</ele><time>2026-08-03T15:44:45Z</time></trkpt><trkpt lat="-23.764235" lon="-46.552498"><ele>754.629</ele><time>2026-08-03T15:44:46Z</time></trkpt><trkpt lat="-23.76426" lon="-46.552498"><ele>754.663</ele><time>2026-08-03T15:44:47Z</time></trkpt><trkpt lat="-23.764285" lon="-46.552498"><ele>754.618</ele><time>2026-08-03T15:44:48Z</time></trkpt><trkpt lat="-23.764307" lon="-46.552497"><ele>754.642</ele><time>2026-08-03T15:44:49Z</time></trkpt><trkpt lat="-23.76433" lon="-46.552497"><ele>754.661</ele><time>2026-08-03T15:44:50Z</time></trkpt><trkpt lat="-23.76436" lon="-46.552497"><ele>754.530</ele><time>2026-08-03T15:44:51Z</time></trkpt><trkpt lat="-23.764388" lon="-46.552495"><ele>754.432</ele><time>2026-08-03T15:44:52Z</time></trkpt><trkpt lat="-23.764412" lon="-46.552492"><ele>754.392</ele><time>2026-08-03T15:44:53Z</time></trkpt><trkpt lat="-23.764437" lon="-46.552488"><ele>754.311</ele><time>2026-08-03T15:44:54Z</time></trkpt><trkpt lat="-23.764462" lon="-46.552468"><ele>754.309</ele><time>2026-08-03T15:44:55Z</time></trkpt><trkpt lat="-23.764487" lon="-46.552448"><ele>754.365</ele><time>2026-08-03T15:44:56Z</time></trkpt><trkpt lat="-23.76451" lon="-46.552427"><ele>754.350</ele><time>2026-08-03T15:44:57Z</time></trkpt><trkpt lat="-23.764538" lon="-46.552423"><ele>754.360</ele><time>2026-08-03T15:44:58Z</time></trkpt><trkpt lat="-23.764567" lon="-46.552428"><ele>754.338</ele><time>2026-08-03T15:44:59Z</time></trkpt><trkpt lat="-23.764598" lon="-46.552433"><ele>754.222</ele><time>2026-08-03T15:45:00Z</time></trkpt><trkpt lat="-23.764628" lon="-46.552423"><ele>754.087</ele><time>2026-08-03T15:45:01Z</time></trkpt><trkpt lat="-23.764658" lon="-46.552432"><ele>753.581</ele><time>2026-08-03T15:45:02Z</time></trkpt><trkpt lat="-23.764687" lon="-46.552433"><ele>752.930</ele><time>2026-08-03T15:45:03Z</time></trkpt><trkpt lat="-23.764713" lon="-46.552435"><ele>752.119</ele><time>2026-08-03T15:45:04Z</time></trkpt><trkpt lat="-23.764737" lon="-46.552437"><ele>751.484</ele><time>2026-08-03T15:45:05Z</time></trkpt><trkpt lat="-23.764765" lon="-46.552455"><ele>750.907</ele><time>2026-08-03T15:45:06Z</time></trkpt><trkpt lat="-23.76479" lon="-46.552467"><ele>750.617</ele><time>2026-08-03T15:45:07Z</time></trkpt><trkpt lat="-23.764818" lon="-46.552477"><ele>750.509</ele><time>2026-08-03T15:45:08Z</time></trkpt><trkpt lat="-23.764845" lon="-46.552488"><ele>750.450</ele><time>2026-08-03T15:45:09Z</time></trkpt><trkpt lat="-23.764867" lon="-46.552495"><ele>750.145</ele><time>2026-08-03T15:45:10Z</time></trkpt><trkpt lat="-23.76489" lon="-46.552498"><ele>750.055</ele><time>2026-08-03T15:45:11Z</time></trkpt><trkpt lat="-23.764925" lon="-46.552517"><ele>750.033</ele><time>2026-08-03T15:45:12Z</time></trkpt><trkpt lat="-23.764948" lon="-46.552522"><ele>750.067</ele><time>2026-08-03T15:45:13Z</time></trkpt><trkpt lat="-23.764973" lon="-46.55253"><ele>750.072</ele><time>2026-08-03T15:45:14Z</time></trkpt><trkpt lat="-23.764998" lon="-46.552533"><ele>750.056</ele><time>2026-08-03T15:45:15Z</time></trkpt><trkpt lat="-23.765042" lon="-46.552545"><ele>750.095</ele><time>2026-08-03T15:45:16Z</time></trkpt><trkpt lat="-23.765078" lon="-46.552547"><ele>750.084</ele><time>2026-08-03T15:45:17Z</time></trkpt><trkpt lat="-23.765098" lon="-46.552542"><ele>750.075</ele><time>2026-08-03T15:45:18Z</time></trkpt><trkpt lat="-23.765122" lon="-46.552528"><ele>750.028</ele><time>2026-08-03T15:45:19Z</time></trkpt><trkpt lat="-23.765145" lon="-46.552527"><ele>750.020</ele><time>2026-08-03T15:45:20Z</time></trkpt><trkpt lat="-23.765168" lon="-46.552532"><ele>750.009</ele><time>2026-08-03T15:45:21Z</time></trkpt><trkpt lat="-23.765193" lon="-46.55253"><ele>750.079</ele><time>2026-08-03T15:45:22Z</time></trkpt><trkpt lat="-23.765223" lon="-46.552525"><ele>750.034</ele><time>2026-08-03T15:45:23Z</time></trkpt><trkpt lat="-23.765243" lon="-46.552522"><ele>750.054</ele><time>2026-08-03T15:45:24Z</time></trkpt><trkpt lat="-23.765272" lon="-46.55252"><ele>750.082</ele><time>2026-08-03T15:45:25Z</time></trkpt><trkpt lat="-23.765297" lon="-46.552518"><ele>752.746</ele><time>2026-08-03T15:45:26Z</time></trkpt><trkpt lat="-23.765322" lon="-46.552515"><ele>755.251</ele><time>2026-08-03T15:45:27Z</time></trkpt><trkpt lat="-23.765345" lon="-46.552507"><ele>755.445</ele><time>2026-08-03T15:45:28Z</time></trkpt><trkpt lat="-23.765367" lon="-46.552498"><ele>755.624</ele><time>2026-08-03T15:45:29Z</time></trkpt><trkpt lat="-23.765392" lon="-46.552493"><ele>756.123</ele><time>2026-08-03T15:45:30Z</time></trkpt><trkpt lat="-23.765422" lon="-46.552495"><ele>756.347</ele><time>2026-08-03T15:45:31Z</time></trkpt><trkpt lat="-23.765448" lon="-46.552493"><ele>756.329</ele><time>2026-08-03T15:45:32Z</time></trkpt><trkpt lat="-23.765472" lon="-46.552492"><ele>756.321</ele><time>2026-08-03T15:45:33Z</time></trkpt><trkpt lat="-23.765498" lon="-46.552497"><ele>756.309</ele><time>2026-08-03T15:45:34Z</time></trkpt><trkpt lat="-23.765523" lon="-46.5525"><ele>756.316</ele><time>2026-08-03T15:45:35Z</time></trkpt><trkpt lat="-23.765548" lon="-46.552505"><ele>756.371</ele><time>2026-08-03T15:45:36Z</time></trkpt><trkpt lat="-23.765573" lon="-46.552505"><ele>756.341</ele><time>2026-08-03T15:45:37Z</time></trkpt><trkpt lat="-23.765598" lon="-46.552508"><ele>756.319</ele><time>2026-08-03T15:45:38Z</time></trkpt><trkpt lat="-23.765622" lon="-46.552512"><ele>756.393</ele><time>2026-08-03T15:45:39Z</time></trkpt><trkpt lat="-23.765652" lon="-46.552517"><ele>756.358</ele><time>2026-08-03T15:45:40Z</time></trkpt><trkpt lat="-23.765678" lon="-46.552523"><ele>756.312</ele><time>2026-08-03T15:45:41Z</time></trkpt><trkpt lat="-23.765713" lon="-46.552532"><ele>756.371</ele><time>2026-08-03T15:45:42Z</time></trkpt><trkpt lat="-23.765737" lon="-46.55254"><ele>756.320</ele><time>2026-08-03T15:45:43Z</time></trkpt><trkpt lat="-23.765763" lon="-46.552543"><ele>756.373</ele><time>2026-08-03T15:45:44Z</time></trkpt><trkpt lat="-23.765788" lon="-46.552548"><ele>756.385</ele><time>2026-08-03T15:45:45Z</time></trkpt><trkpt lat="-23.765812" lon="-46.55255"><ele>755.813</ele><time>2026-08-03T15:45:46Z</time></trkpt><trkpt lat="-23.765838" lon="-46.552553"><ele>755.709</ele><time>2026-08-03T15:45:47Z</time></trkpt><trkpt lat="-23.765872" lon="-46.552558"><ele>755.799</ele><time>2026-08-03T15:45:48Z</time></trkpt><trkpt lat="-23.765907" lon="-46.552565"><ele>755.694</ele><time>2026-08-03T15:45:49Z</time></trkpt><trkpt lat="-23.765933" lon="-46.552567"><ele>755.564</ele><time>2026-08-03T15:45:50Z</time></trkpt><trkpt lat="-23.76596" lon="-46.552568"><ele>755.442</ele><time>2026-08-03T15:45:51Z</time></trkpt><trkpt lat="-23.765992" lon="-46.552567"><ele>755.396</ele><time>2026-08-03T15:45:52Z</time></trkpt><trkpt lat="-23.766017" lon="-46.552558"><ele>755.151</ele><time>2026-08-03T15:45:53Z</time></trkpt><trkpt lat="-23.766042" lon="-46.552548"><ele>755.115</ele><time>2026-08-03T15:45:54Z</time></trkpt><trkpt lat="-23.76607" lon="-46.552537"><ele>754.994</ele><time>2026-08-03T15:45:55Z</time></trkpt><trkpt lat="-23.766097" lon="-46.55252"><ele>754.523</ele><time>2026-08-03T15:45:56Z</time></trkpt><trkpt lat="-23.766127" lon="-46.552507"><ele>754.356</ele><time>2026-08-03T15:45:57Z</time></trkpt><trkpt lat="-23.766153" lon="-46.552495"><ele>754.159</ele><time>2026-08-03T15:45:58Z</time></trkpt><trkpt lat="-23.766182" lon="-46.552492"><ele>753.914</ele><time>2026-08-03T15:45:59Z</time></trkpt><trkpt lat="-23.766208" lon="-46.552485"><ele>753.809</ele><time>2026-08-03T15:46:00Z</time></trkpt><trkpt lat="-23.766235" lon="-46.552478"><ele>753.857</ele><time>2026-08-03T15:46:01Z</time></trkpt><trkpt lat="-23.76626" lon="-46.552468"><ele>753.742</ele><time>2026-08-03T15:46:02Z</time></trkpt><trkpt lat="-23.766272" lon="-46.552445"><ele>753.612</ele><time>2026-08-03T15:46:03Z</time></trkpt><trkpt lat="-23.766283" lon="-46.552422"><ele>753.580</ele><time>2026-08-03T15:46:04Z</time></trkpt><trkpt lat="-23.766302" lon="-46.552395"><ele>753.484</ele><time>2026-08-03T15:46:05Z</time></trkpt><trkpt lat="-23.766318" lon="-46.552363"><ele>753.219</ele><time>2026-08-03T15:46:06Z</time></trkpt><trkpt lat="-23.766332" lon="-46.552337"><ele>752.833</ele><time>2026-08-03T15:46:07Z</time></trkpt><trkpt lat="-23.76634" lon="-46.552308"><ele>752.452</ele><time>2026-08-03T15:46:08Z</time></trkpt><trkpt lat="-23.76635" lon="-46.55228"><ele>752.051</ele><time>2026-08-03T15:46:09Z</time></trkpt><trkpt lat="-23.766363" lon="-46.552248"><ele>751.536</ele><time>2026-08-03T15:46:10Z</time></trkpt><trkpt lat="-23.766375" lon="-46.552222"><ele>750.717</ele><time>2026-08-03T15:46:11Z</time></trkpt><trkpt lat="-23.76638" lon="-46.552193"><ele>749.818</ele><time>2026-08-03T15:46:12Z</time></trkpt><trkpt lat="-23.766383" lon="-46.552163"><ele>749.109</ele><time>2026-08-03T15:46:13Z</time></trkpt><trkpt lat="-23.766392" lon="-46.55214"><ele>748.715</ele><time>2026-08-03T15:46:14Z</time></trkpt><trkpt lat="-23.766398" lon="-46.552118"><ele>748.510</ele><time>2026-08-03T15:46:15Z</time></trkpt><trkpt lat="-23.766408" lon="-46.552093"><ele>748.310</ele><time>2026-08-03T15:46:16Z</time></trkpt><trkpt lat="-23.766422" lon="-46.552073"><ele>747.938</ele><time>2026-08-03T15:46:17Z</time></trkpt><trkpt lat="-23.766438" lon="-46.552053"><ele>747.422</ele><time>2026-08-03T15:46:18Z</time></trkpt><trkpt lat="-23.766455" lon="-46.552027"><ele>747.067</ele><time>2026-08-03T15:46:19Z</time></trkpt><trkpt lat="-23.766475" lon="-46.552002"><ele>746.751</ele><time>2026-08-03T15:46:20Z</time></trkpt><trkpt lat="-23.766497" lon="-46.551977"><ele>746.390</ele><time>2026-08-03T15:46:21Z</time></trkpt><trkpt lat="-23.766518" lon="-46.551952"><ele>745.839</ele><time>2026-08-03T15:46:22Z</time></trkpt><trkpt lat="-23.766537" lon="-46.551932"><ele>745.233</ele><time>2026-08-03T15:46:23Z</time></trkpt><trkpt lat="-23.766552" lon="-46.551922"><ele>744.523</ele><time>2026-08-03T15:46:24Z</time></trkpt><trkpt lat="-23.76656" lon="-46.551917"><ele>743.915</ele><time>2026-08-03T15:46:25Z</time></trkpt><trkpt lat="-23.766572" lon="-46.551912"><ele>743.309</ele><time>2026-08-03T15:46:27Z</time></trkpt><trkpt lat="-23.766588" lon="-46.551908"><ele>743.235</ele><time>2026-08-03T15:46:28Z</time></trkpt><trkpt lat="-23.76661" lon="-46.551898"><ele>743.260</ele><time>2026-08-03T15:46:29Z</time></trkpt><trkpt lat="-23.766628" lon="-46.551887"><ele>743.230</ele><time>2026-08-03T15:46:30Z</time></trkpt><trkpt lat="-23.766645" lon="-46.551882"><ele>743.228</ele><time>2026-08-03T15:46:31Z</time></trkpt><trkpt lat="-23.766668" lon="-46.551875"><ele>743.252</ele><time>2026-08-03T15:46:32Z</time></trkpt><trkpt lat="-23.766688" lon="-46.551868"><ele>743.237</ele><time>2026-08-03T15:46:33Z</time></trkpt><trkpt lat="-23.76671" lon="-46.551865"><ele>743.271</ele><time>2026-08-03T15:46:34Z</time></trkpt><trkpt lat="-23.766728" lon="-46.551858"><ele>743.280</ele><time>2026-08-03T15:46:35Z</time></trkpt><trkpt lat="-23.766748" lon="-46.551853"><ele>743.219</ele><time>2026-08-03T15:46:36Z</time></trkpt><trkpt lat="-23.76677" lon="-46.551848"><ele>743.279</ele><time>2026-08-03T15:46:37Z</time></trkpt><trkpt lat="-23.766788" lon="-46.551843"><ele>743.205</ele><time>2026-08-03T15:46:38Z</time></trkpt><trkpt lat="-23.766807" lon="-46.551847"><ele>743.225</ele><time>2026-08-03T15:46:39Z</time></trkpt><trkpt lat="-23.76682" lon="-46.55185"><ele>743.209</ele><time>2026-08-03T15:46:40Z</time></trkpt><trkpt lat="-23.766828" lon="-46.551858"><ele>743.299</ele><time>2026-08-03T15:46:41Z</time></trkpt><trkpt lat="-23.766838" lon="-46.551865"><ele>743.294</ele><time>2026-08-03T15:46:42Z</time></trkpt><trkpt lat="-23.76685" lon="-46.551867"><ele>743.794</ele><time>2026-08-03T15:46:43Z</time></trkpt><trkpt lat="-23.766865" lon="-46.55187"><ele>744.442</ele><time>2026-08-03T15:46:44Z</time></trkpt><trkpt lat="-23.766877" lon="-46.551867"><ele>745.236</ele><time>2026-08-03T15:46:45Z</time></trkpt><trkpt lat="-23.766888" lon="-46.551868"><ele>746.121</ele><time>2026-08-03T15:46:49Z</time></trkpt><trkpt lat="-23.76688" lon="-46.551875"><ele>746.885</ele><time>2026-08-03T15:46:54Z</time></trkpt><trkpt lat="-23.766885" lon="-46.551883"><ele>747.474</ele><time>2026-08-03T15:46:56Z</time></trkpt><trkpt lat="-23.766895" lon="-46.551888"><ele>748.343</ele><time>2026-08-03T15:46:58Z</time></trkpt><trkpt lat="-23.7669" lon="-46.551898"><ele>749.327</ele><time>2026-08-03T15:47:00Z</time></trkpt><trkpt lat="-23.766887" lon="-46.551888"><ele>750.268</ele><time>2026-08-03T15:47:04Z</time></trkpt><trkpt lat="-23.76688" lon="-46.551882"><ele>750.514</ele><time>2026-08-03T15:47:05Z</time></trkpt><trkpt lat="-23.766873" lon="-46.551875"><ele>750.509</ele><time>2026-08-03T15:47:06Z</time></trkpt><trkpt lat="-23.76687" lon="-46.551865"><ele>750.894</ele><time>2026-08-03T15:47:09Z</time></trkpt><trkpt lat="-23.766863" lon="-46.551855"><ele>751.049</ele><time>2026-08-03T15:47:13Z</time></trkpt><trkpt lat="-23.766847" lon="-46.551848"><ele>751.099</ele><time>2026-08-03T15:47:16Z</time></trkpt><trkpt lat="-23.766872" lon="-46.551872"><ele>751.087</ele><time>2026-08-03T15:47:33Z</time></trkpt><trkpt lat="-23.766882" lon="-46.551868"><ele>751.091</ele><time>2026-08-03T15:47:35Z</time></trkpt><trkpt lat="-23.766898" lon="-46.551863"><ele>751.016</ele><time>2026-08-03T15:47:37Z</time></trkpt><trkpt lat="-23.766905" lon="-46.551855"><ele>751.070</ele><time>2026-08-03T15:47:41Z</time></trkpt><trkpt lat="-23.76688" lon="-46.551868"><ele>751.099</ele><time>2026-08-03T15:47:47Z</time></trkpt><trkpt lat="-23.766867" lon="-46.55187"><ele>751.028</ele><time>2026-08-03T15:47:48Z</time></trkpt><trkpt lat="-23.766863" lon="-46.551853"><ele>751.065</ele><time>2026-08-03T15:47:50Z</time></trkpt><trkpt lat="-23.766867" lon="-46.55184"><ele>751.068</ele><time>2026-08-03T15:47:51Z</time></trkpt><trkpt lat="-23.766868" lon="-46.551825"><ele>751.014</ele><time>2026-08-03T15:47:52Z</time></trkpt><trkpt lat="-23.766872" lon="-46.551815"><ele>751.009</ele><time>2026-08-03T15:47:53Z</time></trkpt><trkpt lat="-23.766848" lon="-46.551805"><ele>751.288</ele><time>2026-08-03T15:47:54Z</time></trkpt><trkpt lat="-23.76683" lon="-46.551798"><ele>751.333</ele><time>2026-08-03T15:47:55Z</time></trkpt><trkpt lat="-23.76682" lon="-46.551795"><ele>751.563</ele><time>2026-08-03T15:47:56Z</time></trkpt><trkpt lat="-23.766805" lon="-46.551787"><ele>751.871</ele><time>2026-08-03T15:47:58Z</time></trkpt><trkpt lat="-23.766785" lon="-46.551795"><ele>751.955</ele><time>2026-08-03T15:48:00Z</time></trkpt><trkpt lat="-23.766763" lon="-46.551797"><ele>751.960</ele><time>2026-08-03T15:48:01Z</time></trkpt><trkpt lat="-23.76674" lon="-46.551803"><ele>751.944</ele><time>2026-08-03T15:48:02Z</time></trkpt><trkpt lat="-23.766718" lon="-46.55181"><ele>751.993</ele><time>2026-08-03T15:48:03Z</time></trkpt><trkpt lat="-23.766695" lon="-46.55181"><ele>751.952</ele><time>2026-08-03T15:48:04Z</time></trkpt><trkpt lat="-23.766675" lon="-46.55181"><ele>752.036</ele><time>2026-08-03T15:48:05Z</time></trkpt><trkpt lat="-23.766652" lon="-46.551812"><ele>752.417</ele><time>2026-08-03T15:48:06Z</time></trkpt><trkpt lat="-23.766632" lon="-46.551827"><ele>752.418</ele><time>2026-08-03T15:48:07Z</time></trkpt><trkpt lat="-23.766607" lon="-46.551835"><ele>752.409</ele><time>2026-08-03T15:48:08Z</time></trkpt><trkpt lat="-23.766602" lon="-46.551853"><ele>752.475</ele><time>2026-08-03T15:48:09Z</time></trkpt><trkpt lat="-23.766587" lon="-46.551868"><ele>752.420</ele><time>2026-08-03T15:48:10Z</time></trkpt><trkpt lat="-23.766573" lon="-46.551878"><ele>752.480</ele><time>2026-08-03T15:48:11Z</time></trkpt><trkpt lat="-23.766557" lon="-46.55189"><ele>753.018</ele><time>2026-08-03T15:48:12Z</time></trkpt><trkpt lat="-23.766538" lon="-46.551903"><ele>753.882</ele><time>2026-08-03T15:48:13Z</time></trkpt><trkpt lat="-23.766527" lon="-46.551918"><ele>754.637</ele><time>2026-08-03T15:48:14Z</time></trkpt><trkpt lat="-23.76652" lon="-46.551938"><ele>755.151</ele><time>2026-08-03T15:48:15Z</time></trkpt><trkpt lat="-23.766507" lon="-46.551955"><ele>755.330</ele><time>2026-08-03T15:48:16Z</time></trkpt><trkpt lat="-23.766493" lon="-46.551975"><ele>755.339</ele><time>2026-08-03T15:48:17Z</time></trkpt><trkpt lat="-23.76648" lon="-46.551995"><ele>755.487</ele><time>2026-08-03T15:48:18Z</time></trkpt><trkpt lat="-23.766458" lon="-46.552015"><ele>755.642</ele><time>2026-08-03T15:48:19Z</time></trkpt><trkpt lat="-23.766432" lon="-46.552045"><ele>755.826</ele><time>2026-08-03T15:48:20Z</time></trkpt><trkpt lat="-23.76641" lon="-46.552073"><ele>755.809</ele><time>2026-08-03T15:48:21Z</time></trkpt><trkpt lat="-23.766398" lon="-46.552088"><ele>755.850</ele><time>2026-08-03T15:48:22Z</time></trkpt><trkpt lat="-23.766385" lon="-46.552102"><ele>755.885</ele><time>2026-08-03T15:48:23Z</time></trkpt><trkpt lat="-23.76637" lon="-46.552118"><ele>755.855</ele><time>2026-08-03T15:48:24Z</time></trkpt><trkpt lat="-23.766365" lon="-46.552135"><ele>755.883</ele><time>2026-08-03T15:48:25Z</time></trkpt><trkpt lat="-23.766357" lon="-46.55216"><ele>755.827</ele><time>2026-08-03T15:48:26Z</time></trkpt><trkpt lat="-23.766352" lon="-46.55218"><ele>755.812</ele><time>2026-08-03T15:48:27Z</time></trkpt><trkpt lat="-23.766338" lon="-46.552202"><ele>755.846</ele><time>2026-08-03T15:48:28Z</time></trkpt><trkpt lat="-23.766318" lon="-46.552223"><ele>755.825</ele><time>2026-08-03T15:48:29Z</time></trkpt><trkpt lat="-23.766302" lon="-46.552243"><ele>755.844</ele><time>2026-08-03T15:48:30Z</time></trkpt><trkpt lat="-23.766283" lon="-46.552265"><ele>755.813</ele><time>2026-08-03T15:48:31Z</time></trkpt><trkpt lat="-23.766272" lon="-46.55228"><ele>755.843</ele><time>2026-08-03T15:48:32Z</time></trkpt><trkpt lat="-23.766263" lon="-46.552295"><ele>755.607</ele><time>2026-08-03T15:48:33Z</time></trkpt><trkpt lat="-23.766248" lon="-46.552317"><ele>755.409</ele><time>2026-08-03T15:48:34Z</time></trkpt><trkpt lat="-23.766233" lon="-46.552332"><ele>755.463</ele><time>2026-08-03T15:48:35Z</time></trkpt><trkpt lat="-23.766225" lon="-46.552352"><ele>755.338</ele><time>2026-08-03T15:48:36Z</time></trkpt><trkpt lat="-23.766213" lon="-46.552367"><ele>754.918</ele><time>2026-08-03T15:48:37Z</time></trkpt><trkpt lat="-23.766198" lon="-46.552378"><ele>754.316</ele><time>2026-08-03T15:48:38Z</time></trkpt><trkpt lat="-23.766182" lon="-46.552393"><ele>754.060</ele><time>2026-08-03T15:48:39Z</time></trkpt><trkpt lat="-23.766165" lon="-46.552407"><ele>753.995</ele><time>2026-08-03T15:48:40Z</time></trkpt><trkpt lat="-23.766152" lon="-46.552422"><ele>753.979</ele><time>2026-08-03T15:48:41Z</time></trkpt><trkpt lat="-23.766138" lon="-46.552433"><ele>753.768</ele><time>2026-08-03T15:48:42Z</time></trkpt><trkpt lat="-23.766118" lon="-46.55244"><ele>753.577</ele><time>2026-08-03T15:48:43Z</time></trkpt><trkpt lat="-23.766097" lon="-46.552445"><ele>753.584</ele><time>2026-08-03T15:48:44Z</time></trkpt><trkpt lat="-23.766073" lon="-46.55245"><ele>753.507</ele><time>2026-08-03T15:48:45Z</time></trkpt><trkpt lat="-23.766058" lon="-46.552463"><ele>753.517</ele><time>2026-08-03T15:48:46Z</time></trkpt><trkpt lat="-23.766042" lon="-46.552475"><ele>753.509</ele><time>2026-08-03T15:48:47Z</time></trkpt><trkpt lat="-23.766022" lon="-46.552478"><ele>753.540</ele><time>2026-08-03T15:48:48Z</time></trkpt><trkpt lat="-23.766002" lon="-46.552482"><ele>753.555</ele><time>2026-08-03T15:48:49Z</time></trkpt><trkpt lat="-23.765983" lon="-46.552485"><ele>753.555</ele><time>2026-08-03T15:48:50Z</time></trkpt><trkpt lat="-23.765972" lon="-46.55249"><ele>753.533</ele><time>2026-08-03T15:48:51Z</time></trkpt><trkpt lat="-23.765958" lon="-46.552498"><ele>753.537</ele><time>2026-08-03T15:48:52Z</time></trkpt><trkpt lat="-23.765943" lon="-46.552508"><ele>753.542</ele><time>2026-08-03T15:48:53Z</time></trkpt><trkpt lat="-23.765922" lon="-46.55252"><ele>753.596</ele><time>2026-08-03T15:48:54Z</time></trkpt><trkpt lat="-23.765905" lon="-46.55252"><ele>753.585</ele><time>2026-08-03T15:48:55Z</time></trkpt><trkpt lat="-23.765887" lon="-46.552517"><ele>753.544</ele><time>2026-08-03T15:48:56Z</time></trkpt><trkpt lat="-23.765873" lon="-46.552513"><ele>753.551</ele><time>2026-08-03T15:48:57Z</time></trkpt><trkpt lat="-23.765862" lon="-46.55251"><ele>753.501</ele><time>2026-08-03T15:48:58Z</time></trkpt><trkpt lat="-23.76584" lon="-46.55251"><ele>753.611</ele><time>2026-08-03T15:48:59Z</time></trkpt><trkpt lat="-23.765817" lon="-46.55251"><ele>753.609</ele><time>2026-08-03T15:49:00Z</time></trkpt><trkpt lat="-23.7658" lon="-46.552508"><ele>753.777</ele><time>2026-08-03T15:49:01Z</time></trkpt><trkpt lat="-23.765785" lon="-46.55251"><ele>753.762</ele><time>2026-08-03T15:49:02Z</time></trkpt><trkpt lat="-23.765767" lon="-46.5525"><ele>753.812</ele><time>2026-08-03T15:49:03Z</time></trkpt><trkpt lat="-23.765747" lon="-46.552487"><ele>753.970</ele><time>2026-08-03T15:49:04Z</time></trkpt><trkpt lat="-23.765735" lon="-46.552478"><ele>754.054</ele><time>2026-08-03T15:49:05Z</time></trkpt><trkpt lat="-23.765713" lon="-46.552472"><ele>754.019</ele><time>2026-08-03T15:49:06Z</time></trkpt><trkpt lat="-23.765687" lon="-46.552468"><ele>754.093</ele><time>2026-08-03T15:49:07Z</time></trkpt><trkpt lat="-23.765662" lon="-46.552465"><ele>754.022</ele><time>2026-08-03T15:49:08Z</time></trkpt><trkpt lat="-23.765638" lon="-46.552467"><ele>754.041</ele><time>2026-08-03T15:49:09Z</time></trkpt><trkpt lat="-23.765617" lon="-46.552465"><ele>754.044</ele><time>2026-08-03T15:49:10Z</time></trkpt><trkpt lat="-23.765597" lon="-46.552467"><ele>754.105</ele><time>2026-08-03T15:49:11Z</time></trkpt><trkpt lat="-23.765572" lon="-46.55247"><ele>754.115</ele><time>2026-08-03T15:49:12Z</time></trkpt><trkpt lat="-23.765545" lon="-46.552472"><ele>754.109</ele><time>2026-08-03T15:49:13Z</time></trkpt><trkpt lat="-23.765523" lon="-46.55247"><ele>754.176</ele><time>2026-08-03T15:49:14Z</time></trkpt><trkpt lat="-23.765502" lon="-46.552472"><ele>754.181</ele><time>2026-08-03T15:49:15Z</time></trkpt><trkpt lat="-23.765477" lon="-46.552468"><ele>754.111</ele><time>2026-08-03T15:49:16Z</time></trkpt><trkpt lat="-23.765458" lon="-46.552468"><ele>754.229</ele><time>2026-08-03T15:49:17Z</time></trkpt><trkpt lat="-23.765438" lon="-46.55247"><ele>754.213</ele><time>2026-08-03T15:49:18Z</time></trkpt><trkpt lat="-23.765418" lon="-46.552482"><ele>754.358</ele><time>2026-08-03T15:49:19Z</time></trkpt><trkpt lat="-23.765398" lon="-46.552485"><ele>754.632</ele><time>2026-08-03T15:49:20Z</time></trkpt><trkpt lat="-23.765372" lon="-46.552475"><ele>755.151</ele><time>2026-08-03T15:49:21Z</time></trkpt><trkpt lat="-23.765347" lon="-46.552468"><ele>755.840</ele><time>2026-08-03T15:49:22Z</time></trkpt><trkpt lat="-23.765322" lon="-46.55246"><ele>756.493</ele><time>2026-08-03T15:49:23Z</time></trkpt><trkpt lat="-23.765295" lon="-46.552455"><ele>757.165</ele><time>2026-08-03T15:49:24Z</time></trkpt><trkpt lat="-23.765278" lon="-46.552453"><ele>757.821</ele><time>2026-08-03T15:49:25Z</time></trkpt><trkpt lat="-23.765258" lon="-46.552442"><ele>758.509</ele><time>2026-08-03T15:49:26Z</time></trkpt><trkpt lat="-23.765228" lon="-46.552438"><ele>759.511</ele><time>2026-08-03T15:49:27Z</time></trkpt><trkpt lat="-23.765197" lon="-46.552438"><ele>760.446</ele><time>2026-08-03T15:49:28Z</time></trkpt><trkpt lat="-23.765173" lon="-46.552443"><ele>761.256</ele><time>2026-08-03T15:49:29Z</time></trkpt><trkpt lat="-23.76515" lon="-46.552445"><ele>761.864</ele><time>2026-08-03T15:49:30Z</time></trkpt><trkpt lat="-23.76513" lon="-46.55244"><ele>762.498</ele><time>2026-08-03T15:49:31Z</time></trkpt><trkpt lat="-23.765105" lon="-46.552448"><ele>763.163</ele><time>2026-08-03T15:49:32Z</time></trkpt><trkpt lat="-23.765087" lon="-46.55245"><ele>763.787</ele><time>2026-08-03T15:49:33Z</time></trkpt><trkpt lat="-23.765065" lon="-46.55245"><ele>764.156</ele><time>2026-08-03T15:49:34Z</time></trkpt><trkpt lat="-23.76502" lon="-46.552458"><ele>764.615</ele><time>2026-08-03T15:49:35Z</time></trkpt><trkpt lat="-23.765002" lon="-46.552455"><ele>764.937</ele><time>2026-08-03T15:49:36Z</time></trkpt><trkpt lat="-23.76496" lon="-46.552442"><ele>765.149</ele><time>2026-08-03T15:49:37Z</time></trkpt><trkpt lat="-23.76493" lon="-46.552435"><ele>765.413</ele><time>2026-08-03T15:49:38Z</time></trkpt><trkpt lat="-23.764903" lon="-46.55243"><ele>765.909</ele><time>2026-08-03T15:49:39Z</time></trkpt><trkpt lat="-23.764878" lon="-46.552427"><ele>766.325</ele><time>2026-08-03T15:49:40Z</time></trkpt><trkpt lat="-23.764852" lon="-46.552422"><ele>766.640</ele><time>2026-08-03T15:49:41Z</time></trkpt><trkpt lat="-23.764818" lon="-46.55241"><ele>766.750</ele><time>2026-08-03T15:49:42Z</time></trkpt><trkpt lat="-23.764795" lon="-46.552397"><ele>766.848</ele><time>2026-08-03T15:49:43Z</time></trkpt><trkpt lat="-23.76477" lon="-46.552395"><ele>766.862</ele><time>2026-08-03T15:49:44Z</time></trkpt><trkpt lat="-23.76475" lon="-46.552393"><ele>766.997</ele><time>2026-08-03T15:49:45Z</time></trkpt><trkpt lat="-23.764732" lon="-46.55239"><ele>766.971</ele><time>2026-08-03T15:49:46Z</time></trkpt><trkpt lat="-23.764712" lon="-46.552382"><ele>766.960</ele><time>2026-08-03T15:49:47Z</time></trkpt><trkpt lat="-23.764683" lon="-46.552367"><ele>766.979</ele><time>2026-08-03T15:49:48Z</time></trkpt><trkpt lat="-23.764653" lon="-46.552355"><ele>766.992</ele><time>2026-08-03T15:49:49Z</time></trkpt><trkpt lat="-23.764633" lon="-46.552357"><ele>766.973</ele><time>2026-08-03T15:49:50Z</time></trkpt><trkpt lat="-23.764618" lon="-46.552368"><ele>766.920</ele><time>2026-08-03T15:49:51Z</time></trkpt><trkpt lat="-23.7646" lon="-46.55237"><ele>766.909</ele><time>2026-08-03T15:49:52Z</time></trkpt><trkpt lat="-23.764575" lon="-46.552363"><ele>766.931</ele><time>2026-08-03T15:49:53Z</time></trkpt><trkpt lat="-23.764552" lon="-46.552358"><ele>766.936</ele><time>2026-08-03T15:49:54Z</time></trkpt><trkpt lat="-23.764528" lon="-46.552357"><ele>766.916</ele><time>2026-08-03T15:49:55Z</time></trkpt><trkpt lat="-23.764497" lon="-46.55236"><ele>766.944</ele><time>2026-08-03T15:49:56Z</time></trkpt><trkpt lat="-23.764465" lon="-46.552353"><ele>766.948</ele><time>2026-08-03T15:49:57Z</time></trkpt><trkpt lat="-23.76444" lon="-46.552347"><ele>766.983</ele><time>2026-08-03T15:49:58Z</time></trkpt><trkpt lat="-23.764415" lon="-46.552347"><ele>766.827</ele><time>2026-08-03T15:49:59Z</time></trkpt><trkpt lat="-23.764397" lon="-46.552343"><ele>766.626</ele><time>2026-08-03T15:50:00Z</time></trkpt><trkpt lat="-23.764385" lon="-46.552353"><ele>766.255</ele><time>2026-08-03T15:50:01Z</time></trkpt><trkpt lat="-23.764375" lon="-46.552365"><ele>765.624</ele><time>2026-08-03T15:50:02Z</time></trkpt><trkpt lat="-23.764355" lon="-46.552383"><ele>765.004</ele><time>2026-08-03T15:50:03Z</time></trkpt><trkpt lat="-23.764335" lon="-46.55239"><ele>764.714</ele><time>2026-08-03T15:50:04Z</time></trkpt><trkpt lat="-23.76431" lon="-46.552388"><ele>764.309</ele><time>2026-08-03T15:50:05Z</time></trkpt><trkpt lat="-23.764285" lon="-46.552398"><ele>763.724</ele><time>2026-08-03T15:50:06Z</time></trkpt><trkpt lat="-23.764255" lon="-46.552412"><ele>763.329</ele><time>2026-08-03T15:50:07Z</time></trkpt><trkpt lat="-23.764228" lon="-46.552418"><ele>763.299</ele><time>2026-08-03T15:50:08Z</time></trkpt><trkpt lat="-23.7642" lon="-46.552413"><ele>763.277</ele><time>2026-08-03T15:50:09Z</time></trkpt><trkpt lat="-23.764175" lon="-46.552407"><ele>763.161</ele><time>2026-08-03T15:50:10Z</time></trkpt><trkpt lat="-23.76415" lon="-46.552402"><ele>763.116</ele><time>2026-08-03T15:50:11Z</time></trkpt><trkpt lat="-23.764123" lon="-46.552392"><ele>763.060</ele><time>2026-08-03T15:50:12Z</time></trkpt><trkpt lat="-23.764102" lon="-46.552368"><ele>762.729</ele><time>2026-08-03T15:50:13Z</time></trkpt><trkpt lat="-23.764078" lon="-46.552378"><ele>762.448</ele><time>2026-08-03T15:50:14Z</time></trkpt><trkpt lat="-23.76405" lon="-46.552385"><ele>762.174</ele><time>2026-08-03T15:50:15Z</time></trkpt><trkpt lat="-23.764018" lon="-46.552385"><ele>761.656</ele><time>2026-08-03T15:50:16Z</time></trkpt><trkpt lat="-23.763997" lon="-46.552393"><ele>760.721</ele><time>2026-08-03T15:50:17Z</time></trkpt><trkpt lat="-23.76397" lon="-46.552402"><ele>760.009</ele><time>2026-08-03T15:50:18Z</time></trkpt><trkpt lat="-23.763938" lon="-46.55242"><ele>759.679</ele><time>2026-08-03T15:50:19Z</time></trkpt><trkpt lat="-23.763908" lon="-46.552425"><ele>759.184</ele><time>2026-08-03T15:50:20Z</time></trkpt><trkpt lat="-23.763882" lon="-46.552435"><ele>758.364</ele><time>2026-08-03T15:50:21Z</time></trkpt><trkpt lat="-23.763857" lon="-46.552463"><ele>757.672</ele><time>2026-08-03T15:50:22Z</time></trkpt><trkpt lat="-23.76383" lon="-46.552473"><ele>757.336</ele><time>2026-08-03T15:50:23Z</time></trkpt><trkpt lat="-23.763797" lon="-46.552475"><ele>757.111</ele><time>2026-08-03T15:50:24Z</time></trkpt><trkpt lat="-23.763765" lon="-46.55247"><ele>756.995</ele><time>2026-08-03T15:50:25Z</time></trkpt><trkpt lat="-23.763738" lon="-46.552477"><ele>756.674</ele><time>2026-08-03T15:50:26Z</time></trkpt><trkpt lat="-23.763733" lon="-46.552502"><ele>756.133</ele><time>2026-08-03T15:50:27Z</time></trkpt><trkpt lat="-23.763722" lon="-46.552533"><ele>755.536</ele><time>2026-08-03T15:50:28Z</time></trkpt><trkpt lat="-23.76371" lon="-46.552563"><ele>754.817</ele><time>2026-08-03T15:50:29Z</time></trkpt><trkpt lat="-23.763693" lon="-46.552588"><ele>754.318</ele><time>2026-08-03T15:50:30Z</time></trkpt><trkpt lat="-23.763675" lon="-46.55261"><ele>754.309</ele><time>2026-08-03T15:50:31Z</time></trkpt><trkpt lat="-23.763657" lon="-46.552632"><ele>754.215</ele><time>2026-08-03T15:50:32Z</time></trkpt><trkpt lat="-23.763642" lon="-46.552658"><ele>754.040</ele><time>2026-08-03T15:50:33Z</time></trkpt><trkpt lat="-23.763632" lon="-46.552687"><ele>753.860</ele><time>2026-08-03T15:50:34Z</time></trkpt><trkpt lat="-23.763623" lon="-46.552713"><ele>753.728</ele><time>2026-08-03T15:50:35Z</time></trkpt><trkpt lat="-23.763617" lon="-46.55274"><ele>753.712</ele><time>2026-08-03T15:50:36Z</time></trkpt><trkpt lat="-23.763612" lon="-46.552767"><ele>753.787</ele><time>2026-08-03T15:50:37Z</time></trkpt><trkpt lat="-23.763608" lon="-46.552788"><ele>753.681</ele><time>2026-08-03T15:50:38Z</time></trkpt><trkpt lat="-23.7636" lon="-46.55281"><ele>753.640</ele><time>2026-08-03T15:50:39Z</time></trkpt><trkpt lat="-23.763593" lon="-46.552835"><ele>753.549</ele><time>2026-08-03T15:50:40Z</time></trkpt><trkpt lat="-23.763592" lon="-46.552865"><ele>753.237</ele><time>2026-08-03T15:50:41Z</time></trkpt><trkpt lat="-23.76359" lon="-46.552895"><ele>753.149</ele><time>2026-08-03T15:50:42Z</time></trkpt><trkpt lat="-23.763588" lon="-46.552923"><ele>753.013</ele><time>2026-08-03T15:50:43Z</time></trkpt><trkpt lat="-23.763583" lon="-46.55295"><ele>752.809</ele><time>2026-08-03T15:50:44Z</time></trkpt><trkpt lat="-23.763587" lon="-46.552978"><ele>752.845</ele><time>2026-08-03T15:50:45Z</time></trkpt><trkpt lat="-23.763587" lon="-46.553008"><ele>752.850</ele><time>2026-08-03T15:50:46Z</time></trkpt><trkpt lat="-23.76359" lon="-46.553038"><ele>752.860</ele><time>2026-08-03T15:50:47Z</time></trkpt><trkpt lat="-23.763597" lon="-46.553068"><ele>752.838</ele><time>2026-08-03T15:50:48Z</time></trkpt><trkpt lat="-23.7636" lon="-46.553098"><ele>752.842</ele><time>2026-08-03T15:50:49Z</time></trkpt><trkpt lat="-23.763598" lon="-46.553125"><ele>752.887</ele><time>2026-08-03T15:50:50Z</time></trkpt><trkpt lat="-23.763595" lon="-46.553152"><ele>752.891</ele><time>2026-08-03T15:50:51Z</time></trkpt><trkpt lat="-23.763587" lon="-46.553178"><ele>752.850</ele><time>2026-08-03T15:50:52Z</time></trkpt><trkpt lat="-23.763578" lon="-46.553203"><ele>752.839</ele><time>2026-08-03T15:50:53Z</time></trkpt><trkpt lat="-23.763572" lon="-46.553228"><ele>752.811</ele><time>2026-08-03T15:50:54Z</time></trkpt><trkpt lat="-23.763567" lon="-46.553252"><ele>752.821</ele><time>2026-08-03T15:50:55Z</time></trkpt><trkpt lat="-23.763563" lon="-46.553273"><ele>752.803</ele><time>2026-08-03T15:50:56Z</time></trkpt><trkpt lat="-23.763567" lon="-46.553295"><ele>753.009</ele><time>2026-08-03T15:50:57Z</time></trkpt><trkpt lat="-23.76357" lon="-46.553307"><ele>753.133</ele><time>2026-08-03T15:50:58Z</time></trkpt><trkpt lat="-23.763562" lon="-46.553327"><ele>753.168</ele><time>2026-08-03T15:50:59Z</time></trkpt><trkpt lat="-23.763562" lon="-46.553337"><ele>753.238</ele><time>2026-08-03T15:51:00Z</time></trkpt><trkpt lat="-23.763555" lon="-46.553353"><ele>753.576</ele><time>2026-08-03T15:51:02Z</time></trkpt><trkpt lat="-23.763557" lon="-46.553377"><ele>753.890</ele><time>2026-08-03T15:51:04Z</time></trkpt><trkpt lat="-23.763562" lon="-46.553388"><ele>754.035</ele><time>2026-08-03T15:51:05Z</time></trkpt><trkpt lat="-23.763552" lon="-46.553392"><ele>754.359</ele><time>2026-08-03T15:51:07Z</time></trkpt><trkpt lat="-23.763557" lon="-46.553403"><ele>754.648</ele><time>2026-08-03T15:51:09Z</time></trkpt><trkpt lat="-23.763557" lon="-46.55342"><ele>755.167</ele><time>2026-08-03T15:51:11Z</time></trkpt><trkpt lat="-23.763572" lon="-46.553422"><ele>755.879</ele><time>2026-08-03T15:51:14Z</time></trkpt><trkpt lat="-23.76358" lon="-46.553427"><ele>756.305</ele><time>2026-08-03T15:51:15Z</time></trkpt><trkpt lat="-23.763587" lon="-46.553433"><ele>756.525</ele><time>2026-08-03T15:51:16Z</time></trkpt><trkpt lat="-23.763598" lon="-46.553437"><ele>756.909</ele><time>2026-08-03T15:51:17Z</time></trkpt><trkpt lat="-23.76361" lon="-46.553442"><ele>757.729</ele><time>2026-08-03T15:51:18Z</time></trkpt><trkpt lat="-23.76362" lon="-46.553442"><ele>758.224</ele><time>2026-08-03T15:51:20Z</time></trkpt><trkpt lat="-23.763605" lon="-46.553453"><ele>758.494</ele><time>2026-08-03T15:51:23Z</time></trkpt><trkpt lat="-23.76359" lon="-46.553453"><ele>758.632</ele><time>2026-08-03T15:51:25Z</time></trkpt><trkpt lat="-23.763578" lon="-46.55345"><ele>758.866</ele><time>2026-08-03T15:51:28Z</time></trkpt><trkpt lat="-23.763582" lon="-46.553437"><ele>758.831</ele><time>2026-08-03T15:51:31Z</time></trkpt><trkpt lat="-23.76357" lon="-46.553437"><ele>759.055</ele><time>2026-08-03T15:51:36Z</time></trkpt><trkpt lat="-23.76356" lon="-46.553443"><ele>759.744</ele><time>2026-08-03T15:51:38Z</time></trkpt><trkpt lat="-23.763547" lon="-46.553455"><ele>760.433</ele><time>2026-08-03T15:51:41Z</time></trkpt><trkpt lat="-23.76358" lon="-46.553463"><ele>760.544</ele><time>2026-08-03T15:51:59Z</time></trkpt><trkpt lat="-23.763578" lon="-46.553478"><ele>760.505</ele><time>2026-08-03T15:52:00Z</time></trkpt><trkpt lat="-23.763577" lon="-46.553495"><ele>760.515</ele><time>2026-08-03T15:52:01Z</time></trkpt><trkpt lat="-23.763573" lon="-46.55352"><ele>760.509</ele><time>2026-08-03T15:52:02Z</time></trkpt><trkpt lat="-23.763565" lon="-46.553538"><ele>760.586</ele><time>2026-08-03T15:52:03Z</time></trkpt><trkpt lat="-23.763565" lon="-46.553562"><ele>760.521</ele><time>2026-08-03T15:52:04Z</time></trkpt><trkpt lat="-23.763562" lon="-46.55358"><ele>760.591</ele><time>2026-08-03T15:52:05Z</time></trkpt><trkpt lat="-23.763555" lon="-46.553593"><ele>760.539</ele><time>2026-08-03T15:52:06Z</time></trkpt><trkpt lat="-23.763553" lon="-46.55361"><ele>760.583</ele><time>2026-08-03T15:52:07Z</time></trkpt><trkpt lat="-23.763555" lon="-46.553627"><ele>760.538</ele><time>2026-08-03T15:52:08Z</time></trkpt><trkpt lat="-23.763555" lon="-46.553642"><ele>760.592</ele><time>2026-08-03T15:52:09Z</time></trkpt><trkpt lat="-23.763558" lon="-46.553667"><ele>760.531</ele><time>2026-08-03T15:52:10Z</time></trkpt><trkpt lat="-23.763558" lon="-46.553685"><ele>760.560</ele><time>2026-08-03T15:52:11Z</time></trkpt><trkpt lat="-23.763558" lon="-46.553702"><ele>760.578</ele><time>2026-08-03T15:52:12Z</time></trkpt><trkpt lat="-23.763557" lon="-46.55372"><ele>760.533</ele><time>2026-08-03T15:52:13Z</time></trkpt><trkpt lat="-23.763553" lon="-46.553737"><ele>760.426</ele><time>2026-08-03T15:52:14Z</time></trkpt><trkpt lat="-23.76355" lon="-46.553767"><ele>760.309</ele><time>2026-08-03T15:52:15Z</time></trkpt><trkpt lat="-23.763552" lon="-46.553782"><ele>760.179</ele><time>2026-08-03T15:52:16Z</time></trkpt><trkpt lat="-23.763547" lon="-46.553797"><ele>759.874</ele><time>2026-08-03T15:52:17Z</time></trkpt><trkpt lat="-23.76354" lon="-46.553812"><ele>759.764</ele><time>2026-08-03T15:52:18Z</time></trkpt><trkpt lat="-23.763535" lon="-46.553828"><ele>759.692</ele><time>2026-08-03T15:52:19Z</time></trkpt><trkpt lat="-23.763522" lon="-46.553843"><ele>759.656</ele><time>2026-08-03T15:52:20Z</time></trkpt><trkpt lat="-23.76351" lon="-46.55386"><ele>759.681</ele><time>2026-08-03T15:52:21Z</time></trkpt><trkpt lat="-23.763498" lon="-46.553872"><ele>759.565</ele><time>2026-08-03T15:52:22Z</time></trkpt><trkpt lat="-23.763488" lon="-46.553887"><ele>759.574</ele><time>2026-08-03T15:52:23Z</time></trkpt><trkpt lat="-23.763478" lon="-46.553907"><ele>759.433</ele><time>2026-08-03T15:52:24Z</time></trkpt><trkpt lat="-23.763467" lon="-46.55393"><ele>759.356</ele><time>2026-08-03T15:52:25Z</time></trkpt><trkpt lat="-23.763453" lon="-46.553952"><ele>759.359</ele><time>2026-08-03T15:52:26Z</time></trkpt><trkpt lat="-23.763448" lon="-46.553972"><ele>759.214</ele><time>2026-08-03T15:52:27Z</time></trkpt><trkpt lat="-23.763432" lon="-46.553985"><ele>759.109</ele><time>2026-08-03T15:52:28Z</time></trkpt><trkpt lat="-23.76342" lon="-46.553993"><ele>758.587</ele><time>2026-08-03T15:52:29Z</time></trkpt><trkpt lat="-23.763408" lon="-46.554005"><ele>757.842</ele><time>2026-08-03T15:52:30Z</time></trkpt><trkpt lat="-23.763393" lon="-46.554012"><ele>757.882</ele><time>2026-08-03T15:52:31Z</time></trkpt><trkpt lat="-23.76338" lon="-46.554022"><ele>757.880</ele><time>2026-08-03T15:52:32Z</time></trkpt><trkpt lat="-23.763368" lon="-46.554037"><ele>757.844</ele><time>2026-08-03T15:52:33Z</time></trkpt><trkpt lat="-23.763353" lon="-46.55405"><ele>757.899</ele><time>2026-08-03T15:52:34Z</time></trkpt><trkpt lat="-23.763337" lon="-46.554065"><ele>757.893</ele><time>2026-08-03T15:52:35Z</time></trkpt><trkpt lat="-23.763322" lon="-46.554077"><ele>757.812</ele><time>2026-08-03T15:52:36Z</time></trkpt><trkpt lat="-23.76331" lon="-46.554088"><ele>757.831</ele><time>2026-08-03T15:52:37Z</time></trkpt><trkpt lat="-23.763297" lon="-46.554097"><ele>757.876</ele><time>2026-08-03T15:52:38Z</time></trkpt><trkpt lat="-23.763283" lon="-46.554103"><ele>757.890</ele><time>2026-08-03T15:52:39Z</time></trkpt><trkpt lat="-23.76327" lon="-46.554118"><ele>757.819</ele><time>2026-08-03T15:52:40Z</time></trkpt><trkpt lat="-23.763253" lon="-46.554128"><ele>757.809</ele><time>2026-08-03T15:52:41Z</time></trkpt><trkpt lat="-23.763238" lon="-46.554138"><ele>757.879</ele><time>2026-08-03T15:52:42Z</time></trkpt><trkpt lat="-23.763225" lon="-46.554148"><ele>757.854</ele><time>2026-08-03T15:52:43Z</time></trkpt><trkpt lat="-23.763215" lon="-46.554163"><ele>757.814</ele><time>2026-08-03T15:52:44Z</time></trkpt><trkpt lat="-23.76321" lon="-46.554178"><ele>758.072</ele><time>2026-08-03T15:52:45Z</time></trkpt><trkpt lat="-23.763207" lon="-46.55419"><ele>758.386</ele><time>2026-08-03T15:52:47Z</time></trkpt><trkpt lat="-23.763222" lon="-46.554188"><ele>758.781</ele><time>2026-08-03T15:52:49Z</time></trkpt><trkpt lat="-23.763232" lon="-46.554178"><ele>759.295</ele><time>2026-08-03T15:52:54Z</time></trkpt><trkpt lat="-23.763228" lon="-46.55419"><ele>759.984</ele><time>2026-08-03T15:53:04Z</time></trkpt><trkpt lat="-23.763245" lon="-46.55417"><ele>760.483</ele><time>2026-08-03T15:53:10Z</time></trkpt><trkpt lat="-23.76324" lon="-46.554162"><ele>760.845</ele><time>2026-08-03T15:53:12Z</time></trkpt><trkpt lat="-23.763248" lon="-46.554153"><ele>761.247</ele><time>2026-08-03T15:53:15Z</time></trkpt><trkpt lat="-23.76325" lon="-46.554138"><ele>761.611</ele><time>2026-08-03T15:53:18Z</time></trkpt><trkpt lat="-23.763223" lon="-46.55418"><ele>761.909</ele><time>2026-08-03T15:53:48Z</time></trkpt><trkpt lat="-23.763207" lon="-46.554173"><ele>762.196</ele><time>2026-08-03T15:53:49Z</time></trkpt><trkpt lat="-23.763192" lon="-46.554167"><ele>762.131</ele><time>2026-08-03T15:53:50Z</time></trkpt><trkpt lat="-23.763177" lon="-46.554162"><ele>762.261</ele><time>2026-08-03T15:53:51Z</time></trkpt><trkpt lat="-23.763167" lon="-46.554158"><ele>762.359</ele><time>2026-08-03T15:53:52Z</time></trkpt><trkpt lat="-23.763152" lon="-46.554148"><ele>762.353</ele><time>2026-08-03T15:53:53Z</time></trkpt><trkpt lat="-23.76314" lon="-46.55414"><ele>762.418</ele><time>2026-08-03T15:53:54Z</time></trkpt><trkpt lat="-23.763127" lon="-46.554125"><ele>762.692</ele><time>2026-08-03T15:53:55Z</time></trkpt><trkpt lat="-23.763105" lon="-46.55411"><ele>762.781</ele><time>2026-08-03T15:53:56Z</time></trkpt><trkpt lat="-23.763085" lon="-46.554098"><ele>763.020</ele><time>2026-08-03T15:53:57Z</time></trkpt><trkpt lat="-23.763067" lon="-46.554098"><ele>763.786</ele><time>2026-08-03T15:53:58Z</time></trkpt><trkpt lat="-23.76305" lon="-46.5541"><ele>764.260</ele><time>2026-08-03T15:53:59Z</time></trkpt><trkpt lat="-23.763037" lon="-46.554097"><ele>764.526</ele><time>2026-08-03T15:54:00Z</time></trkpt><trkpt lat="-23.763023" lon="-46.554085"><ele>764.609</ele><time>2026-08-03T15:54:01Z</time></trkpt><trkpt lat="-23.76301" lon="-46.554075"><ele>764.790</ele><time>2026-08-03T15:54:02Z</time></trkpt><trkpt lat="-23.763002" lon="-46.55407"><ele>764.985</ele><time>2026-08-03T15:54:03Z</time></trkpt><trkpt lat="-23.76299" lon="-46.554075"><ele>765.235</ele><time>2026-08-03T15:54:04Z</time></trkpt><trkpt lat="-23.76298" lon="-46.554073"><ele>765.693</ele><time>2026-08-03T15:54:05Z</time></trkpt><trkpt lat="-23.762972" lon="-46.554092"><ele>765.937</ele><time>2026-08-03T15:54:07Z</time></trkpt><trkpt lat="-23.762968" lon="-46.554102"><ele>766.032</ele><time>2026-08-03T15:54:08Z</time></trkpt><trkpt lat="-23.76235" lon="-46.553762"><ele>743.256</ele><time>2026-08-03T15:54:47Z</time></trkpt><trkpt lat="-23.762402" lon="-46.553828"><ele>749.455</ele><time>2026-08-03T15:54:48Z</time></trkpt><trkpt lat="-23.762427" lon="-46.55385"><ele>755.764</ele><time>2026-08-03T15:54:49Z</time></trkpt><trkpt lat="-23.762413" lon="-46.553835"><ele>756.781</ele><time>2026-08-03T15:54:50Z</time></trkpt><trkpt lat="-23.762423" lon="-46.553843"><ele>757.861</ele><time>2026-08-03T15:54:51Z</time></trkpt><trkpt lat="-23.762408" lon="-46.55385"><ele>760.017</ele><time>2026-08-03T15:54:52Z</time></trkpt><trkpt lat="-23.76239" lon="-46.553848"><ele>762.309</ele><time>2026-08-03T15:54:53Z</time></trkpt><trkpt lat="-23.762375" lon="-46.553848"><ele>763.740</ele><time>2026-08-03T15:54:54Z</time></trkpt><trkpt lat="-23.762363" lon="-46.553853"><ele>765.245</ele><time>2026-08-03T15:54:55Z</time></trkpt><trkpt lat="-23.762343" lon="-46.553845"><ele>764.595</ele><time>2026-08-03T15:54:57Z</time></trkpt><trkpt lat="-23.762348" lon="-46.553853"><ele>764.383</ele><time>2026-08-03T15:54:58Z</time></trkpt><trkpt lat="-23.762357" lon="-46.553865"><ele>764.717</ele><time>2026-08-03T15:55:01Z</time></trkpt><trkpt lat="-23.762347" lon="-46.553863"><ele>765.252</ele><time>2026-08-03T15:55:04Z</time></trkpt><trkpt lat="-23.762333" lon="-46.55386"><ele>765.176</ele><time>2026-08-03T15:55:05Z</time></trkpt><trkpt lat="-23.76232" lon="-46.553852"><ele>765.175</ele><time>2026-08-03T15:55:06Z</time></trkpt><trkpt lat="-23.762305" lon="-46.553847"><ele>765.034</ele><time>2026-08-03T15:55:07Z</time></trkpt><trkpt lat="-23.76229" lon="-46.553842"><ele>765.014</ele><time>2026-08-03T15:55:08Z</time></trkpt><trkpt lat="-23.762275" lon="-46.553835"><ele>764.854</ele><time>2026-08-03T15:55:09Z</time></trkpt><trkpt lat="-23.762258" lon="-46.553825"><ele>764.609</ele><time>2026-08-03T15:55:10Z</time></trkpt><trkpt lat="-23.762245" lon="-46.55381"><ele>764.409</ele><time>2026-08-03T15:55:11Z</time></trkpt><trkpt lat="-23.762233" lon="-46.553798"><ele>764.693</ele><time>2026-08-03T15:55:12Z</time></trkpt><trkpt lat="-23.762222" lon="-46.553785"><ele>764.778</ele><time>2026-08-03T15:55:13Z</time></trkpt><trkpt lat="-23.762213" lon="-46.55377"><ele>764.888</ele><time>2026-08-03T15:55:14Z</time></trkpt><trkpt lat="-23.7622" lon="-46.553753"><ele>764.966</ele><time>2026-08-03T15:55:15Z</time></trkpt><trkpt lat="-23.762185" lon="-46.553743"><ele>765.040</ele><time>2026-08-03T15:55:16Z</time></trkpt><trkpt lat="-23.762168" lon="-46.553737"><ele>765.065</ele><time>2026-08-03T15:55:17Z</time></trkpt><trkpt lat="-23.762158" lon="-46.553727"><ele>765.129</ele><time>2026-08-03T15:55:18Z</time></trkpt><trkpt lat="-23.762148" lon="-46.55371"><ele>765.138</ele><time>2026-08-03T15:55:19Z</time></trkpt><trkpt lat="-23.762138" lon="-46.553703"><ele>765.277</ele><time>2026-08-03T15:55:20Z</time></trkpt><trkpt lat="-23.76212" lon="-46.553702"><ele>765.366</ele><time>2026-08-03T15:55:21Z</time></trkpt><trkpt lat="-23.762102" lon="-46.553703"><ele>765.429</ele><time>2026-08-03T15:55:22Z</time></trkpt><trkpt lat="-23.762087" lon="-46.553697"><ele>765.421</ele><time>2026-08-03T15:55:23Z</time></trkpt><trkpt lat="-23.762065" lon="-46.553677"><ele>765.509</ele><time>2026-08-03T15:55:24Z</time></trkpt><trkpt lat="-23.762052" lon="-46.55367"><ele>765.528</ele><time>2026-08-03T15:55:25Z</time></trkpt><trkpt lat="-23.762043" lon="-46.553657"><ele>765.863</ele><time>2026-08-03T15:55:26Z</time></trkpt><trkpt lat="-23.762037" lon="-46.553643"><ele>766.283</ele><time>2026-08-03T15:55:27Z</time></trkpt><trkpt lat="-23.762022" lon="-46.553633"><ele>766.611</ele><time>2026-08-03T15:55:28Z</time></trkpt><trkpt lat="-23.762005" lon="-46.553622"><ele>767.085</ele><time>2026-08-03T15:55:29Z</time></trkpt><trkpt lat="-23.76199" lon="-46.553612"><ele>767.280</ele><time>2026-08-03T15:55:30Z</time></trkpt><trkpt lat="-23.761975" lon="-46.553602"><ele>767.614</ele><time>2026-08-03T15:55:31Z</time></trkpt><trkpt lat="-23.761958" lon="-46.55359"><ele>767.643</ele><time>2026-08-03T15:55:32Z</time></trkpt><trkpt lat="-23.761942" lon="-46.55358"><ele>767.912</ele><time>2026-08-03T15:55:33Z</time></trkpt><trkpt lat="-23.761925" lon="-46.553568"><ele>768.477</ele><time>2026-08-03T15:55:34Z</time></trkpt><trkpt lat="-23.761915" lon="-46.55356"><ele>768.661</ele><time>2026-08-03T15:55:35Z</time></trkpt><trkpt lat="-23.761898" lon="-46.553552"><ele>768.727</ele><time>2026-08-03T15:55:36Z</time></trkpt><trkpt lat="-23.761877" lon="-46.553548"><ele>768.809</ele><time>2026-08-03T15:55:37Z</time></trkpt><trkpt lat="-23.76185" lon="-46.553552"><ele>768.989</ele><time>2026-08-03T15:55:38Z</time></trkpt><trkpt lat="-23.76183" lon="-46.553543"><ele>769.194</ele><time>2026-08-03T15:55:39Z</time></trkpt><trkpt lat="-23.761818" lon="-46.553533"><ele>769.194</ele><time>2026-08-03T15:55:40Z</time></trkpt><trkpt lat="-23.761802" lon="-46.553508"><ele>769.162</ele><time>2026-08-03T15:55:41Z</time></trkpt><trkpt lat="-23.761787" lon="-46.553488"><ele>769.126</ele><time>2026-08-03T15:55:42Z</time></trkpt><trkpt lat="-23.761778" lon="-46.553478"><ele>769.111</ele><time>2026-08-03T15:55:43Z</time></trkpt><trkpt lat="-23.76176" lon="-46.553472"><ele>769.165</ele><time>2026-08-03T15:55:44Z</time></trkpt><trkpt lat="-23.761742" lon="-46.553462"><ele>769.184</ele><time>2026-08-03T15:55:45Z</time></trkpt><trkpt lat="-23.76173" lon="-46.553453"><ele>769.183</ele><time>2026-08-03T15:55:46Z</time></trkpt><trkpt lat="-23.761713" lon="-46.553447"><ele>769.294</ele><time>2026-08-03T15:55:47Z</time></trkpt><trkpt lat="-23.7617" lon="-46.553438"><ele>769.257</ele><time>2026-08-03T15:55:48Z</time></trkpt><trkpt lat="-23.761692" lon="-46.553427"><ele>769.222</ele><time>2026-08-03T15:55:49Z</time></trkpt><trkpt lat="-23.761682" lon="-46.553417"><ele>769.409</ele><time>2026-08-03T15:55:50Z</time></trkpt><trkpt lat="-23.761667" lon="-46.553408"><ele>769.491</ele><time>2026-08-03T15:55:51Z</time></trkpt><trkpt lat="-23.761657" lon="-46.553403"><ele>769.486</ele><time>2026-08-03T15:55:52Z</time></trkpt><trkpt lat="-23.761637" lon="-46.553408"><ele>769.426</ele><time>2026-08-03T15:55:54Z</time></trkpt><trkpt lat="-23.761623" lon="-46.553402"><ele>769.484</ele><time>2026-08-03T15:55:55Z</time></trkpt><trkpt lat="-23.761598" lon="-46.553398"><ele>769.458</ele><time>2026-08-03T15:55:56Z</time></trkpt><trkpt lat="-23.761583" lon="-46.553382"><ele>769.483</ele><time>2026-08-03T15:55:57Z</time></trkpt><trkpt lat="-23.761565" lon="-46.55338"><ele>769.217</ele><time>2026-08-03T15:55:58Z</time></trkpt><trkpt lat="-23.761543" lon="-46.553377"><ele>769.266</ele><time>2026-08-03T15:55:59Z</time></trkpt><trkpt lat="-23.761532" lon="-46.553372"><ele>769.245</ele><time>2026-08-03T15:56:00Z</time></trkpt><trkpt lat="-23.761522" lon="-46.553367"><ele>769.078</ele><time>2026-08-03T15:56:01Z</time></trkpt><trkpt lat="-23.761512" lon="-46.55337"><ele>768.833</ele><time>2026-08-03T15:56:02Z</time></trkpt><trkpt lat="-23.761495" lon="-46.553375"><ele>768.826</ele><time>2026-08-03T15:56:03Z</time></trkpt><trkpt lat="-23.761483" lon="-46.553375"><ele>768.809</ele><time>2026-08-03T15:56:04Z</time></trkpt><trkpt lat="-23.761472" lon="-46.553377"><ele>768.789</ele><time>2026-08-03T15:56:05Z</time></trkpt><trkpt lat="-23.76146" lon="-46.553378"><ele>768.694</ele><time>2026-08-03T15:56:06Z</time></trkpt><trkpt lat="-23.761442" lon="-46.553383"><ele>768.494</ele><time>2026-08-03T15:56:07Z</time></trkpt><trkpt lat="-23.76142" lon="-46.55338"><ele>768.382</ele><time>2026-08-03T15:56:08Z</time></trkpt><trkpt lat="-23.761408" lon="-46.553377"><ele>768.396</ele><time>2026-08-03T15:56:09Z</time></trkpt><trkpt lat="-23.761392" lon="-46.553373"><ele>768.261</ele><time>2026-08-03T15:56:10Z</time></trkpt><trkpt lat="-23.761378" lon="-46.553377"><ele>768.035</ele><time>2026-08-03T15:56:11Z</time></trkpt><trkpt lat="-23.761365" lon="-46.55339"><ele>768.084</ele><time>2026-08-03T15:56:12Z</time></trkpt><trkpt lat="-23.76135" lon="-46.553402"><ele>768.073</ele><time>2026-08-03T15:56:13Z</time></trkpt><trkpt lat="-23.761337" lon="-46.553415"><ele>768.221</ele><time>2026-08-03T15:56:14Z</time></trkpt><trkpt lat="-23.761323" lon="-46.553423"><ele>768.341</ele><time>2026-08-03T15:56:15Z</time></trkpt><trkpt lat="-23.76131" lon="-46.553435"><ele>768.305</ele><time>2026-08-03T15:56:16Z</time></trkpt><trkpt lat="-23.761293" lon="-46.553452"><ele>768.309</ele><time>2026-08-03T15:56:17Z</time></trkpt><trkpt lat="-23.761282" lon="-46.553455"><ele>768.394</ele><time>2026-08-03T15:56:18Z</time></trkpt><trkpt lat="-23.761272" lon="-46.553463"><ele>768.399</ele><time>2026-08-03T15:56:19Z</time></trkpt><trkpt lat="-23.76126" lon="-46.553472"><ele>768.339</ele><time>2026-08-03T15:56:20Z</time></trkpt><trkpt lat="-23.761255" lon="-46.553483"><ele>768.367</ele><time>2026-08-03T15:56:21Z</time></trkpt><trkpt lat="-23.761247" lon="-46.553492"><ele>768.321</ele><time>2026-08-03T15:56:22Z</time></trkpt><trkpt lat="-23.761242" lon="-46.5535"><ele>768.316</ele><time>2026-08-03T15:56:23Z</time></trkpt><trkpt lat="-23.761238" lon="-46.553512"><ele>768.370</ele><time>2026-08-03T15:56:24Z</time></trkpt><trkpt lat="-23.761235" lon="-46.553527"><ele>768.329</ele><time>2026-08-03T15:56:25Z</time></trkpt><trkpt lat="-23.761235" lon="-46.553538"><ele>768.478</ele><time>2026-08-03T15:56:26Z</time></trkpt><trkpt lat="-23.761235" lon="-46.55355"><ele>768.749</ele><time>2026-08-03T15:56:27Z</time></trkpt><trkpt lat="-23.761233" lon="-46.55356"><ele>769.002</ele><time>2026-08-03T15:56:28Z</time></trkpt><trkpt lat="-23.761228" lon="-46.55357"><ele>769.322</ele><time>2026-08-03T15:56:29Z</time></trkpt><trkpt lat="-23.761223" lon="-46.553582"><ele>769.309</ele><time>2026-08-03T15:56:30Z</time></trkpt><trkpt lat="-23.761222" lon="-46.553595"><ele>769.316</ele><time>2026-08-03T15:56:31Z</time></trkpt><trkpt lat="-23.76122" lon="-46.553608"><ele>769.451</ele><time>2026-08-03T15:56:32Z</time></trkpt><trkpt lat="-23.76122" lon="-46.553622"><ele>769.411</ele><time>2026-08-03T15:56:33Z</time></trkpt><trkpt lat="-23.761225" lon="-46.553642"><ele>769.599</ele><time>2026-08-03T15:56:34Z</time></trkpt><trkpt lat="-23.76123" lon="-46.553662"><ele>769.633</ele><time>2026-08-03T15:56:35Z</time></trkpt><trkpt lat="-23.761235" lon="-46.553677"><ele>769.718</ele><time>2026-08-03T15:56:36Z</time></trkpt><trkpt lat="-23.761242" lon="-46.55369"><ele>769.872</ele><time>2026-08-03T15:56:37Z</time></trkpt><trkpt lat="-23.761255" lon="-46.553703"><ele>769.981</ele><time>2026-08-03T15:56:38Z</time></trkpt><trkpt lat="-23.76127" lon="-46.553722"><ele>770.140</ele><time>2026-08-03T15:56:39Z</time></trkpt><trkpt lat="-23.761278" lon="-46.553743"><ele>770.341</ele><time>2026-08-03T15:56:40Z</time></trkpt><trkpt lat="-23.76129" lon="-46.55377"><ele>770.481</ele><time>2026-08-03T15:56:41Z</time></trkpt><trkpt lat="-23.761302" lon="-46.55379"><ele>770.509</ele><time>2026-08-03T15:56:42Z</time></trkpt><trkpt lat="-23.761313" lon="-46.55381"><ele>770.909</ele><time>2026-08-03T15:56:43Z</time></trkpt><trkpt lat="-23.761318" lon="-46.55382"><ele>771.396</ele><time>2026-08-03T15:56:44Z</time></trkpt><trkpt lat="-23.76133" lon="-46.553822"><ele>771.711</ele><time>2026-08-03T15:56:45Z</time></trkpt><trkpt lat="-23.761338" lon="-46.553832"><ele>772.481</ele><time>2026-08-03T15:56:47Z</time></trkpt><trkpt lat="-23.76135" lon="-46.553838"><ele>772.919</ele><time>2026-08-03T15:56:48Z</time></trkpt><trkpt lat="-23.761363" lon="-46.55385"><ele>773.353</ele><time>2026-08-03T15:56:49Z</time></trkpt><trkpt lat="-23.761377" lon="-46.553862"><ele>773.628</ele><time>2026-08-03T15:56:50Z</time></trkpt><trkpt lat="-23.761393" lon="-46.553872"><ele>773.942</ele><time>2026-08-03T15:56:51Z</time></trkpt><trkpt lat="-23.761405" lon="-46.55388"><ele>774.231</ele><time>2026-08-03T15:56:52Z</time></trkpt><trkpt lat="-23.761418" lon="-46.55389"><ele>774.490</ele><time>2026-08-03T15:56:53Z</time></trkpt><trkpt lat="-23.761437" lon="-46.553898"><ele>774.453</ele><time>2026-08-03T15:56:54Z</time></trkpt><trkpt lat="-23.761453" lon="-46.553907"><ele>774.504</ele><time>2026-08-03T15:56:55Z</time></trkpt><trkpt lat="-23.761467" lon="-46.553912"><ele>774.614</ele><time>2026-08-03T15:56:56Z</time></trkpt><trkpt lat="-23.761485" lon="-46.553915"><ele>774.709</ele><time>2026-08-03T15:56:57Z</time></trkpt><trkpt lat="-23.761507" lon="-46.553913"><ele>774.837</ele><time>2026-08-03T15:56:58Z</time></trkpt><trkpt lat="-23.761532" lon="-46.553913"><ele>774.842</ele><time>2026-08-03T15:56:59Z</time></trkpt><trkpt lat="-23.761557" lon="-46.55392"><ele>774.812</ele><time>2026-08-03T15:57:00Z</time></trkpt><trkpt lat="-23.761582" lon="-46.553927"><ele>774.860</ele><time>2026-08-03T15:57:01Z</time></trkpt><trkpt lat="-23.761603" lon="-46.553932"><ele>774.864</ele><time>2026-08-03T15:57:02Z</time></trkpt><trkpt lat="-23.761605" lon="-46.55395"><ele>774.979</ele><time>2026-08-03T15:57:03Z</time></trkpt><trkpt lat="-23.761607" lon="-46.553965"><ele>775.083</ele><time>2026-08-03T15:57:04Z</time></trkpt><trkpt lat="-23.761612" lon="-46.553978"><ele>775.172</ele><time>2026-08-03T15:57:05Z</time></trkpt><trkpt lat="-23.76162" lon="-46.553987"><ele>775.241</ele><time>2026-08-03T15:57:06Z</time></trkpt><trkpt lat="-23.76163" lon="-46.553995"><ele>775.316</ele><time>2026-08-03T15:57:07Z</time></trkpt><trkpt lat="-23.76164" lon="-46.553998"><ele>775.676</ele><time>2026-08-03T15:57:08Z</time></trkpt><trkpt lat="-23.761653" lon="-46.554002"><ele>775.713</ele><time>2026-08-03T15:57:09Z</time></trkpt><trkpt lat="-23.761672" lon="-46.553998"><ele>775.809</ele><time>2026-08-03T15:57:10Z</time></trkpt><trkpt lat="-23.761685" lon="-46.554002"><ele>775.923</ele><time>2026-08-03T15:57:11Z</time></trkpt><trkpt lat="-23.761693" lon="-46.554013"><ele>776.138</ele><time>2026-08-03T15:57:12Z</time></trkpt><trkpt lat="-23.761702" lon="-46.554023"><ele>776.348</ele><time>2026-08-03T15:57:13Z</time></trkpt><trkpt lat="-23.761712" lon="-46.55403"><ele>776.566</ele><time>2026-08-03T15:57:14Z</time></trkpt><trkpt lat="-23.761722" lon="-46.554035"><ele>776.630</ele><time>2026-08-03T15:57:15Z</time></trkpt><trkpt lat="-23.761733" lon="-46.554047"><ele>776.665</ele><time>2026-08-03T15:57:16Z</time></trkpt><trkpt lat="-23.761742" lon="-46.554055"><ele>776.639</ele><time>2026-08-03T15:57:17Z</time></trkpt><trkpt lat="-23.761753" lon="-46.554062"><ele>776.638</ele><time>2026-08-03T15:57:18Z</time></trkpt><trkpt lat="-23.761765" lon="-46.554082"><ele>776.667</ele><time>2026-08-03T15:57:19Z</time></trkpt><trkpt lat="-23.761777" lon="-46.554083"><ele>776.625</ele><time>2026-08-03T15:57:20Z</time></trkpt><trkpt lat="-23.761783" lon="-46.554077"><ele>776.626</ele><time>2026-08-03T15:57:21Z</time></trkpt><trkpt lat="-23.761792" lon="-46.554087"><ele>776.708</ele><time>2026-08-03T15:57:22Z</time></trkpt><trkpt lat="-23.7618" lon="-46.554095"><ele>777.009</ele><time>2026-08-03T15:57:23Z</time></trkpt><trkpt lat="-23.761812" lon="-46.554105"><ele>777.544</ele><time>2026-08-03T15:57:24Z</time></trkpt><trkpt lat="-23.761822" lon="-46.554112"><ele>778.029</ele><time>2026-08-03T15:57:25Z</time></trkpt><trkpt lat="-23.761835" lon="-46.554113"><ele>778.449</ele><time>2026-08-03T15:57:26Z</time></trkpt><trkpt lat="-23.76185" lon="-46.554128"><ele>779.287</ele><time>2026-08-03T15:57:27Z</time></trkpt><trkpt lat="-23.761868" lon="-46.554147"><ele>779.921</ele><time>2026-08-03T15:57:28Z</time></trkpt><trkpt lat="-23.761888" lon="-46.554163"><ele>780.576</ele><time>2026-08-03T15:57:29Z</time></trkpt><trkpt lat="-23.761898" lon="-46.554173"><ele>781.370</ele><time>2026-08-03T15:57:30Z</time></trkpt><trkpt lat="-23.761905" lon="-46.554182"><ele>782.059</ele><time>2026-08-03T15:57:31Z</time></trkpt><trkpt lat="-23.761915" lon="-46.554188"><ele>782.328</ele><time>2026-08-03T15:57:32Z</time></trkpt><trkpt lat="-23.761925" lon="-46.554212"><ele>782.586</ele><time>2026-08-03T15:57:33Z</time></trkpt><trkpt lat="-23.761933" lon="-46.554233"><ele>782.760</ele><time>2026-08-03T15:57:34Z</time></trkpt><trkpt lat="-23.761945" lon="-46.55425"><ele>782.726</ele><time>2026-08-03T15:57:35Z</time></trkpt><trkpt lat="-23.761957" lon="-46.554257"><ele>782.809</ele><time>2026-08-03T15:57:36Z</time></trkpt><trkpt lat="-23.761968" lon="-46.554258"><ele>782.810</ele><time>2026-08-03T15:57:37Z</time></trkpt><trkpt lat="-23.761985" lon="-46.554258"><ele>782.845</ele><time>2026-08-03T15:57:39Z</time></trkpt><trkpt lat="-23.761988" lon="-46.55428"><ele>783.075</ele><time>2026-08-03T15:57:40Z</time></trkpt><trkpt lat="-23.761997" lon="-46.55429"><ele>783.543</ele><time>2026-08-03T15:57:41Z</time></trkpt><trkpt lat="-23.762002" lon="-46.5543"><ele>784.527</ele><time>2026-08-03T15:57:42Z</time></trkpt><trkpt lat="-23.76201" lon="-46.55431"><ele>785.662</ele><time>2026-08-03T15:57:43Z</time></trkpt><trkpt lat="-23.762015" lon="-46.554328"><ele>786.286</ele><time>2026-08-03T15:57:44Z</time></trkpt><trkpt lat="-23.762017" lon="-46.554338"><ele>786.415</ele><time>2026-08-03T15:57:45Z</time></trkpt><trkpt lat="-23.762023" lon="-46.554348"><ele>786.534</ele><time>2026-08-03T15:57:46Z</time></trkpt><trkpt lat="-23.76203" lon="-46.554365"><ele>786.527</ele><time>2026-08-03T15:57:47Z</time></trkpt><trkpt lat="-23.76203" lon="-46.554378"><ele>786.568</ele><time>2026-08-03T15:57:48Z</time></trkpt><trkpt lat="-23.762028" lon="-46.554397"><ele>786.514</ele><time>2026-08-03T15:57:49Z</time></trkpt><trkpt lat="-23.76203" lon="-46.554412"><ele>786.609</ele><time>2026-08-03T15:57:50Z</time></trkpt><trkpt lat="-23.762033" lon="-46.554422"><ele>786.784</ele><time>2026-08-03T15:57:51Z</time></trkpt><trkpt lat="-23.762032" lon="-46.554433"><ele>786.959</ele><time>2026-08-03T15:57:52Z</time></trkpt><trkpt lat="-23.762023" lon="-46.55445"><ele>787.129</ele><time>2026-08-03T15:57:54Z</time></trkpt><trkpt lat="-23.762017" lon="-46.554463"><ele>787.267</ele><time>2026-08-03T15:57:55Z</time></trkpt><trkpt lat="-23.762013" lon="-46.554478"><ele>787.371</ele><time>2026-08-03T15:57:56Z</time></trkpt><trkpt lat="-23.762015" lon="-46.554498"><ele>787.496</ele><time>2026-08-03T15:57:57Z</time></trkpt><trkpt lat="-23.762013" lon="-46.554515"><ele>787.470</ele><time>2026-08-03T15:57:58Z</time></trkpt><trkpt lat="-23.76201" lon="-46.554528"><ele>787.699</ele><time>2026-08-03T15:57:59Z</time></trkpt><trkpt lat="-23.762008" lon="-46.554538"><ele>787.718</ele><time>2026-08-03T15:58:00Z</time></trkpt><trkpt lat="-23.762005" lon="-46.55455"><ele>787.717</ele><time>2026-08-03T15:58:01Z</time></trkpt><trkpt lat="-23.761997" lon="-46.554567"><ele>787.787</ele><time>2026-08-03T15:58:03Z</time></trkpt><trkpt lat="-23.761988" lon="-46.554583"><ele>787.815</ele><time>2026-08-03T15:58:05Z</time></trkpt><trkpt lat="-23.761988" lon="-46.554595"><ele>787.809</ele><time>2026-08-03T15:58:06Z</time></trkpt><trkpt lat="-23.761988" lon="-46.554608"><ele>787.993</ele><time>2026-08-03T15:58:07Z</time></trkpt><trkpt lat="-23.76198" lon="-46.55462"><ele>787.998</ele><time>2026-08-03T15:58:08Z</time></trkpt><trkpt lat="-23.76197" lon="-46.554632"><ele>788.148</ele><time>2026-08-03T15:58:09Z</time></trkpt><trkpt lat="-23.761958" lon="-46.554645"><ele>788.466</ele><time>2026-08-03T15:58:10Z</time></trkpt><trkpt lat="-23.761948" lon="-46.554663"><ele>788.530</ele><time>2026-08-03T15:58:11Z</time></trkpt><trkpt lat="-23.76194" lon="-46.554683"><ele>788.855</ele><time>2026-08-03T15:58:12Z</time></trkpt><trkpt lat="-23.761933" lon="-46.5547"><ele>789.179</ele><time>2026-08-03T15:58:13Z</time></trkpt><trkpt lat="-23.761927" lon="-46.55472"><ele>789.468</ele><time>2026-08-03T15:58:14Z</time></trkpt><trkpt lat="-23.761922" lon="-46.554738"><ele>789.567</ele><time>2026-08-03T15:58:15Z</time></trkpt><trkpt lat="-23.761918" lon="-46.554755"><ele>789.595</ele><time>2026-08-03T15:58:16Z</time></trkpt><trkpt lat="-23.76191" lon="-46.554765"><ele>789.649</ele><time>2026-08-03T15:58:17Z</time></trkpt><trkpt lat="-23.761902" lon="-46.554777"><ele>789.923</ele><time>2026-08-03T15:58:18Z</time></trkpt><trkpt lat="-23.76189" lon="-46.554787"><ele>790.209</ele><time>2026-08-03T15:58:19Z</time></trkpt><trkpt lat="-23.761875" lon="-46.554795"><ele>790.231</ele><time>2026-08-03T15:58:20Z</time></trkpt><trkpt lat="-23.761862" lon="-46.554805"><ele>790.246</ele><time>2026-08-03T15:58:21Z</time></trkpt><trkpt lat="-23.761847" lon="-46.55481"><ele>790.286</ele><time>2026-08-03T15:58:22Z</time></trkpt><trkpt lat="-23.76183" lon="-46.55481"><ele>790.284</ele><time>2026-08-03T15:58:23Z</time></trkpt><trkpt lat="-23.761822" lon="-46.554818"><ele>790.228</ele><time>2026-08-03T15:58:24Z</time></trkpt><trkpt lat="-23.761812" lon="-46.554827"><ele>790.283</ele><time>2026-08-03T15:58:25Z</time></trkpt><trkpt lat="-23.761802" lon="-46.554838"><ele>790.237</ele><time>2026-08-03T15:58:26Z</time></trkpt><trkpt lat="-23.761792" lon="-46.55485"><ele>790.246</ele><time>2026-08-03T15:58:27Z</time></trkpt><trkpt lat="-23.76178" lon="-46.55486"><ele>790.245</ele><time>2026-08-03T15:58:28Z</time></trkpt><trkpt lat="-23.761772" lon="-46.554868"><ele>790.228</ele><time>2026-08-03T15:58:29Z</time></trkpt><trkpt lat="-23.761768" lon="-46.554882"><ele>790.289</ele><time>2026-08-03T15:58:30Z</time></trkpt><trkpt lat="-23.761758" lon="-46.55489"><ele>790.217</ele><time>2026-08-03T15:58:31Z</time></trkpt><trkpt lat="-23.761748" lon="-46.554895"><ele>790.209</ele><time>2026-08-03T15:58:32Z</time></trkpt><trkpt lat="-23.761735" lon="-46.554902"><ele>790.234</ele><time>2026-08-03T15:58:33Z</time></trkpt><trkpt lat="-23.761723" lon="-46.554913"><ele>790.119</ele><time>2026-08-03T15:58:34Z</time></trkpt><trkpt lat="-23.761713" lon="-46.554923"><ele>790.019</ele><time>2026-08-03T15:58:35Z</time></trkpt><trkpt lat="-23.761705" lon="-46.554935"><ele>789.997</ele><time>2026-08-03T15:58:36Z</time></trkpt><trkpt lat="-23.761698" lon="-46.554957"><ele>789.871</ele><time>2026-08-03T15:58:38Z</time></trkpt><trkpt lat="-23.7617" lon="-46.55498"><ele>789.846</ele><time>2026-08-03T15:58:39Z</time></trkpt><trkpt lat="-23.761692" lon="-46.554997"><ele>789.810</ele><time>2026-08-03T15:58:40Z</time></trkpt><trkpt lat="-23.76168" lon="-46.555007"><ele>789.859</ele><time>2026-08-03T15:58:41Z</time></trkpt><trkpt lat="-23.761668" lon="-46.555012"><ele>789.718</ele><time>2026-08-03T15:58:42Z</time></trkpt><trkpt lat="-23.761668" lon="-46.555025"><ele>789.792</ele><time>2026-08-03T15:58:43Z</time></trkpt><trkpt lat="-23.761673" lon="-46.555038"><ele>789.773</ele><time>2026-08-03T15:58:44Z</time></trkpt><trkpt lat="-23.761673" lon="-46.555055"><ele>789.720</ele><time>2026-08-03T15:58:45Z</time></trkpt><trkpt lat="-23.761665" lon="-46.555068"><ele>789.709</ele><time>2026-08-03T15:58:46Z</time></trkpt><trkpt lat="-23.761653" lon="-46.555077"><ele>789.731</ele><time>2026-08-03T15:58:47Z</time></trkpt><trkpt lat="-23.761645" lon="-46.555088"><ele>789.746</ele><time>2026-08-03T15:58:48Z</time></trkpt><trkpt lat="-23.76163" lon="-46.555097"><ele>789.766</ele><time>2026-08-03T15:58:49Z</time></trkpt><trkpt lat="-23.76162" lon="-46.555103"><ele>789.744</ele><time>2026-08-03T15:58:50Z</time></trkpt><trkpt lat="-23.761613" lon="-46.555117"><ele>789.798</ele><time>2026-08-03T15:58:51Z</time></trkpt><trkpt lat="-23.761595" lon="-46.555122"><ele>789.773</ele><time>2026-08-03T15:58:52Z</time></trkpt><trkpt lat="-23.761577" lon="-46.555132"><ele>789.737</ele><time>2026-08-03T15:58:53Z</time></trkpt><trkpt lat="-23.761555" lon="-46.555135"><ele>789.786</ele><time>2026-08-03T15:58:54Z</time></trkpt><trkpt lat="-23.761537" lon="-46.55514"><ele>789.715</ele><time>2026-08-03T15:58:55Z</time></trkpt><trkpt lat="-23.761522" lon="-46.555145"><ele>789.715</ele><time>2026-08-03T15:58:56Z</time></trkpt><trkpt lat="-23.761508" lon="-46.555152"><ele>789.765</ele><time>2026-08-03T15:58:57Z</time></trkpt><trkpt lat="-23.761493" lon="-46.55516"><ele>789.711</ele><time>2026-08-03T15:58:58Z</time></trkpt><trkpt lat="-23.76148" lon="-46.555168"><ele>789.809</ele><time>2026-08-03T15:58:59Z</time></trkpt><trkpt lat="-23.761467" lon="-46.55518"><ele>789.853</ele><time>2026-08-03T15:59:00Z</time></trkpt><trkpt lat="-23.761458" lon="-46.555197"><ele>789.818</ele><time>2026-08-03T15:59:01Z</time></trkpt><trkpt lat="-23.761453" lon="-46.55521"><ele>789.878</ele><time>2026-08-03T15:59:02Z</time></trkpt><trkpt lat="-23.76145" lon="-46.555228"><ele>789.936</ele><time>2026-08-03T15:59:03Z</time></trkpt><trkpt lat="-23.761442" lon="-46.555242"><ele>789.980</ele><time>2026-08-03T15:59:04Z</time></trkpt><trkpt lat="-23.761442" lon="-46.555257"><ele>790.035</ele><time>2026-08-03T15:59:05Z</time></trkpt><trkpt lat="-23.761435" lon="-46.555273"><ele>790.049</ele><time>2026-08-03T15:59:06Z</time></trkpt><trkpt lat="-23.761427" lon="-46.55529"><ele>790.018</ele><time>2026-08-03T15:59:07Z</time></trkpt><trkpt lat="-23.761415" lon="-46.555303"><ele>790.267</ele><time>2026-08-03T15:59:08Z</time></trkpt><trkpt lat="-23.761402" lon="-46.55531"><ele>790.364</ele><time>2026-08-03T15:59:09Z</time></trkpt><trkpt lat="-23.761388" lon="-46.555312"><ele>790.406</ele><time>2026-08-03T15:59:10Z</time></trkpt><trkpt lat="-23.761377" lon="-46.55532"><ele>790.416</ele><time>2026-08-03T15:59:11Z</time></trkpt><trkpt lat="-23.76137" lon="-46.555328"><ele>790.509</ele><time>2026-08-03T15:59:12Z</time></trkpt><trkpt lat="-23.761355" lon="-46.555333"><ele>790.728</ele><time>2026-08-03T15:59:13Z</time></trkpt><trkpt lat="-23.761345" lon="-46.555342"><ele>791.253</ele><time>2026-08-03T15:59:14Z</time></trkpt><trkpt lat="-23.76134" lon="-46.555352"><ele>791.613</ele><time>2026-08-03T15:59:15Z</time></trkpt><trkpt lat="-23.761335" lon="-46.555367"><ele>791.751</ele><time>2026-08-03T15:59:17Z</time></trkpt><trkpt lat="-23.76133" lon="-46.55538"><ele>791.875</ele><time>2026-08-03T15:59:18Z</time></trkpt><trkpt lat="-23.761323" lon="-46.555395"><ele>791.970</ele><time>2026-08-03T15:59:19Z</time></trkpt><trkpt lat="-23.761313" lon="-46.555405"><ele>791.974</ele><time>2026-08-03T15:59:20Z</time></trkpt><trkpt lat="-23.761303" lon="-46.555412"><ele>792.073</ele><time>2026-08-03T15:59:21Z</time></trkpt><trkpt lat="-23.761293" lon="-46.555423"><ele>792.042</ele><time>2026-08-03T15:59:22Z</time></trkpt><trkpt lat="-23.761283" lon="-46.555435"><ele>792.013</ele><time>2026-08-03T15:59:23Z</time></trkpt><trkpt lat="-23.761283" lon="-46.555448"><ele>792.143</ele><time>2026-08-03T15:59:24Z</time></trkpt><trkpt lat="-23.761268" lon="-46.555455"><ele>792.207</ele><time>2026-08-03T15:59:25Z</time></trkpt><trkpt lat="-23.761255" lon="-46.555468"><ele>792.409</ele><time>2026-08-03T15:59:26Z</time></trkpt><trkpt lat="-23.761242" lon="-46.555475"><ele>792.733</ele><time>2026-08-03T15:59:27Z</time></trkpt><trkpt lat="-23.76123" lon="-46.555483"><ele>792.978</ele><time>2026-08-03T15:59:28Z</time></trkpt><trkpt lat="-23.761218" lon="-46.55549"><ele>792.978</ele><time>2026-08-03T15:59:29Z</time></trkpt><trkpt lat="-23.761203" lon="-46.555492"><ele>793.046</ele><time>2026-08-03T15:59:30Z</time></trkpt><trkpt lat="-23.761192" lon="-46.555492"><ele>793.290</ele><time>2026-08-03T15:59:31Z</time></trkpt><trkpt lat="-23.761182" lon="-46.555495"><ele>793.325</ele><time>2026-08-03T15:59:32Z</time></trkpt><trkpt lat="-23.761165" lon="-46.555508"><ele>793.599</ele><time>2026-08-03T15:59:34Z</time></trkpt><trkpt lat="-23.761157" lon="-46.555515"><ele>793.858</ele><time>2026-08-03T15:59:35Z</time></trkpt><trkpt lat="-23.761148" lon="-46.555522"><ele>794.287</ele><time>2026-08-03T15:59:36Z</time></trkpt><trkpt lat="-23.761138" lon="-46.555533"><ele>794.675</ele><time>2026-08-03T15:59:37Z</time></trkpt><trkpt lat="-23.761123" lon="-46.555543"><ele>795.128</ele><time>2026-08-03T15:59:38Z</time></trkpt><trkpt lat="-23.761112" lon="-46.555548"><ele>795.720</ele><time>2026-08-03T15:59:39Z</time></trkpt><trkpt lat="-23.761103" lon="-46.555555"><ele>796.009</ele><time>2026-08-03T15:59:40Z</time></trkpt><trkpt lat="-23.761092" lon="-46.555558"><ele>796.189</ele><time>2026-08-03T15:59:41Z</time></trkpt><trkpt lat="-23.761078" lon="-46.555567"><ele>796.364</ele><time>2026-08-03T15:59:43Z</time></trkpt><trkpt lat="-23.761067" lon="-46.555572"><ele>796.564</ele><time>2026-08-03T15:59:44Z</time></trkpt><trkpt lat="-23.761055" lon="-46.555577"><ele>796.832</ele><time>2026-08-03T15:59:45Z</time></trkpt><trkpt lat="-23.761042" lon="-46.555583"><ele>797.116</ele><time>2026-08-03T15:59:46Z</time></trkpt><trkpt lat="-23.761025" lon="-46.555587"><ele>797.561</ele><time>2026-08-03T15:59:47Z</time></trkpt><trkpt lat="-23.76101" lon="-46.555592"><ele>798.025</ele><time>2026-08-03T15:59:48Z</time></trkpt><trkpt lat="-23.760993" lon="-46.555593"><ele>798.984</ele><time>2026-08-03T15:59:49Z</time></trkpt><trkpt lat="-23.760978" lon="-46.555598"><ele>799.743</ele><time>2026-08-03T15:59:51Z</time></trkpt><trkpt lat="-23.760967" lon="-46.555603"><ele>800.117</ele><time>2026-08-03T15:59:52Z</time></trkpt><trkpt lat="-23.760957" lon="-46.555607"><ele>800.587</ele><time>2026-08-03T15:59:53Z</time></trkpt><trkpt lat="-23.760945" lon="-46.555605"><ele>800.715</ele><time>2026-08-03T15:59:54Z</time></trkpt><trkpt lat="-23.76093" lon="-46.555598"><ele>801.109</ele><time>2026-08-03T15:59:55Z</time></trkpt><trkpt lat="-23.760915" lon="-46.555595"><ele>801.723</ele><time>2026-08-03T15:59:56Z</time></trkpt><trkpt lat="-23.760897" lon="-46.555595"><ele>802.468</ele><time>2026-08-03T15:59:57Z</time></trkpt><trkpt lat="-23.760875" lon="-46.555593"><ele>803.328</ele><time>2026-08-03T15:59:58Z</time></trkpt><trkpt lat="-23.760855" lon="-46.555588"><ele>804.126</ele><time>2026-08-03T15:59:59Z</time></trkpt><trkpt lat="-23.760835" lon="-46.555582"><ele>804.540</ele><time>2026-08-03T16:00:00Z</time></trkpt><trkpt lat="-23.76082" lon="-46.555575"><ele>804.835</ele><time>2026-08-03T16:00:01Z</time></trkpt><trkpt lat="-23.76081" lon="-46.555568"><ele>805.019</ele><time>2026-08-03T16:00:02Z</time></trkpt><trkpt lat="-23.760797" lon="-46.555567"><ele>805.248</ele><time>2026-08-03T16:00:03Z</time></trkpt><trkpt lat="-23.760783" lon="-46.555563"><ele>805.447</ele><time>2026-08-03T16:00:04Z</time></trkpt><trkpt lat="-23.76077" lon="-46.555558"><ele>806.082</ele><time>2026-08-03T16:00:05Z</time></trkpt><trkpt lat="-23.760755" lon="-46.555557"><ele>806.543</ele><time>2026-08-03T16:00:06Z</time></trkpt><trkpt lat="-23.76074" lon="-46.555552"><ele>806.617</ele><time>2026-08-03T16:00:07Z</time></trkpt><trkpt lat="-23.760727" lon="-46.55555"><ele>806.709</ele><time>2026-08-03T16:00:08Z</time></trkpt><trkpt lat="-23.760713" lon="-46.555555"><ele>806.820</ele><time>2026-08-03T16:00:09Z</time></trkpt><trkpt lat="-23.760698" lon="-46.555558"><ele>806.975</ele><time>2026-08-03T16:00:10Z</time></trkpt><trkpt lat="-23.76068" lon="-46.55556"><ele>807.115</ele><time>2026-08-03T16:00:11Z</time></trkpt><trkpt lat="-23.760667" lon="-46.555567"><ele>807.373</ele><time>2026-08-03T16:00:12Z</time></trkpt><trkpt lat="-23.760652" lon="-46.555572"><ele>807.557</ele><time>2026-08-03T16:00:13Z</time></trkpt><trkpt lat="-23.760637" lon="-46.55558"><ele>807.812</ele><time>2026-08-03T16:00:14Z</time></trkpt><trkpt lat="-23.760615" lon="-46.55558"><ele>808.196</ele><time>2026-08-03T16:00:15Z</time></trkpt><trkpt lat="-23.760598" lon="-46.555588"><ele>808.475</ele><time>2026-08-03T16:00:16Z</time></trkpt><trkpt lat="-23.760587" lon="-46.555602"><ele>808.734</ele><time>2026-08-03T16:00:18Z</time></trkpt><trkpt lat="-23.760565" lon="-46.5556"><ele>809.115</ele><time>2026-08-03T16:00:19Z</time></trkpt><trkpt lat="-23.76055" lon="-46.555607"><ele>809.665</ele><time>2026-08-03T16:00:20Z</time></trkpt><trkpt lat="-23.760535" lon="-46.555613"><ele>810.211</ele><time>2026-08-03T16:00:21Z</time></trkpt><trkpt lat="-23.760522" lon="-46.555618"><ele>810.609</ele><time>2026-08-03T16:00:22Z</time></trkpt><trkpt lat="-23.76051" lon="-46.555623"><ele>810.793</ele><time>2026-08-03T16:00:23Z</time></trkpt><trkpt lat="-23.760498" lon="-46.55563"><ele>811.288</ele><time>2026-08-03T16:00:24Z</time></trkpt><trkpt lat="-23.760487" lon="-46.555638"><ele>811.858</ele><time>2026-08-03T16:00:25Z</time></trkpt><trkpt lat="-23.760477" lon="-46.555645"><ele>812.066</ele><time>2026-08-03T16:00:26Z</time></trkpt><trkpt lat="-23.760467" lon="-46.555652"><ele>812.070</ele><time>2026-08-03T16:00:27Z</time></trkpt><trkpt lat="-23.760453" lon="-46.555657"><ele>812.145</ele><time>2026-08-03T16:00:29Z</time></trkpt><trkpt lat="-23.760447" lon="-46.555663"><ele>812.119</ele><time>2026-08-03T16:00:30Z</time></trkpt><trkpt lat="-23.760438" lon="-46.555677"><ele>812.178</ele><time>2026-08-03T16:00:31Z</time></trkpt><trkpt lat="-23.760427" lon="-46.55569"><ele>812.217</ele><time>2026-08-03T16:00:32Z</time></trkpt><trkpt lat="-23.760413" lon="-46.5557"><ele>814.425</ele><time>2026-08-03T16:00:33Z</time></trkpt><trkpt lat="-23.760397" lon="-46.555705"><ele>816.926</ele><time>2026-08-03T16:00:34Z</time></trkpt><trkpt lat="-23.760382" lon="-46.555707"><ele>817.308</ele><time>2026-08-03T16:00:35Z</time></trkpt><trkpt lat="-23.760367" lon="-46.555715"><ele>817.609</ele><time>2026-08-03T16:00:36Z</time></trkpt><trkpt lat="-23.760352" lon="-46.555727"><ele>817.874</ele><time>2026-08-03T16:00:37Z</time></trkpt><trkpt lat="-23.760335" lon="-46.555735"><ele>817.969</ele><time>2026-08-03T16:00:38Z</time></trkpt><trkpt lat="-23.760315" lon="-46.555737"><ele>818.069</ele><time>2026-08-03T16:00:39Z</time></trkpt><trkpt lat="-23.760307" lon="-46.555743"><ele>818.147</ele><time>2026-08-03T16:00:40Z</time></trkpt><trkpt lat="-23.760293" lon="-46.555742"><ele>818.461</ele><time>2026-08-03T16:00:41Z</time></trkpt><trkpt lat="-23.760282" lon="-46.555752"><ele>818.896</ele><time>2026-08-03T16:00:42Z</time></trkpt><trkpt lat="-23.760263" lon="-46.555757"><ele>819.520</ele><time>2026-08-03T16:00:43Z</time></trkpt><trkpt lat="-23.760252" lon="-46.555758"><ele>820.149</ele><time>2026-08-03T16:00:44Z</time></trkpt><trkpt lat="-23.760237" lon="-46.55576"><ele>820.688</ele><time>2026-08-03T16:00:45Z</time></trkpt><trkpt lat="-23.760223" lon="-46.555765"><ele>821.156</ele><time>2026-08-03T16:00:46Z</time></trkpt><trkpt lat="-23.760202" lon="-46.555777"><ele>821.659</ele><time>2026-08-03T16:00:47Z</time></trkpt><trkpt lat="-23.760187" lon="-46.55579"><ele>822.214</ele><time>2026-08-03T16:00:48Z</time></trkpt><trkpt lat="-23.76017" lon="-46.5558"><ele>822.709</ele><time>2026-08-03T16:00:49Z</time></trkpt><trkpt lat="-23.760152" lon="-46.555807"><ele>823.167</ele><time>2026-08-03T16:00:50Z</time></trkpt><trkpt lat="-23.760132" lon="-46.555815"><ele>823.472</ele><time>2026-08-03T16:00:51Z</time></trkpt><trkpt lat="-23.760117" lon="-46.555822"><ele>823.712</ele><time>2026-08-03T16:00:52Z</time></trkpt><trkpt lat="-23.760108" lon="-46.555828"><ele>823.980</ele><time>2026-08-03T16:00:53Z</time></trkpt><trkpt lat="-23.760092" lon="-46.555837"><ele>824.054</ele><time>2026-08-03T16:00:54Z</time></trkpt><trkpt lat="-23.760083" lon="-46.555852"><ele>824.239</ele><time>2026-08-03T16:00:55Z</time></trkpt><trkpt lat="-23.760072" lon="-46.555868"><ele>824.443</ele><time>2026-08-03T16:00:56Z</time></trkpt><trkpt lat="-23.760062" lon="-46.555882"><ele>824.562</ele><time>2026-08-03T16:00:57Z</time></trkpt><trkpt lat="-23.760057" lon="-46.5559"><ele>824.751</ele><time>2026-08-03T16:00:58Z</time></trkpt><trkpt lat="-23.760042" lon="-46.55591"><ele>825.031</ele><time>2026-08-03T16:00:59Z</time></trkpt><trkpt lat="-23.760035" lon="-46.555935"><ele>825.361</ele><time>2026-08-03T16:01:00Z</time></trkpt><trkpt lat="-23.76003" lon="-46.555957"><ele>825.507</ele><time>2026-08-03T16:01:01Z</time></trkpt><trkpt lat="-23.760023" lon="-46.555973"><ele>825.609</ele><time>2026-08-03T16:01:02Z</time></trkpt><trkpt lat="-23.760017" lon="-46.555985"><ele>825.695</ele><time>2026-08-03T16:01:03Z</time></trkpt><trkpt lat="-23.760008" lon="-46.555995"><ele>825.890</ele><time>2026-08-03T16:01:04Z</time></trkpt><trkpt lat="-23.759997" lon="-46.556002"><ele>825.840</ele><time>2026-08-03T16:01:05Z</time></trkpt><trkpt lat="-23.759987" lon="-46.556013"><ele>825.878</ele><time>2026-08-03T16:01:06Z</time></trkpt><trkpt lat="-23.759977" lon="-46.556028"><ele>825.852</ele><time>2026-08-03T16:01:07Z</time></trkpt><trkpt lat="-23.759967" lon="-46.55604"><ele>825.857</ele><time>2026-08-03T16:01:08Z</time></trkpt><trkpt lat="-23.759957" lon="-46.556048"><ele>825.841</ele><time>2026-08-03T16:01:09Z</time></trkpt><trkpt lat="-23.759947" lon="-46.556055"><ele>825.830</ele><time>2026-08-03T16:01:10Z</time></trkpt><trkpt lat="-23.75993" lon="-46.55605"><ele>825.869</ele><time>2026-08-03T16:01:11Z</time></trkpt><trkpt lat="-23.759907" lon="-46.55605"><ele>825.889</ele><time>2026-08-03T16:01:12Z</time></trkpt><trkpt lat="-23.759887" lon="-46.556048"><ele>825.806</ele><time>2026-08-03T16:01:13Z</time></trkpt><trkpt lat="-23.759872" lon="-46.556058"><ele>825.826</ele><time>2026-08-03T16:01:14Z</time></trkpt><trkpt lat="-23.759857" lon="-46.556063"><ele>825.909</ele><time>2026-08-03T16:01:15Z</time></trkpt><trkpt lat="-23.759843" lon="-46.556068"><ele>825.950</ele><time>2026-08-03T16:01:16Z</time></trkpt><trkpt lat="-23.759828" lon="-46.556088"><ele>825.975</ele><time>2026-08-03T16:01:17Z</time></trkpt><trkpt lat="-23.759817" lon="-46.5561"><ele>826.045</ele><time>2026-08-03T16:01:18Z</time></trkpt><trkpt lat="-23.759813" lon="-46.556112"><ele>826.033</ele><time>2026-08-03T16:01:19Z</time></trkpt><trkpt lat="-23.759807" lon="-46.556123"><ele>826.067</ele><time>2026-08-03T16:01:20Z</time></trkpt><trkpt lat="-23.759797" lon="-46.556137"><ele>826.162</ele><time>2026-08-03T16:01:21Z</time></trkpt><trkpt lat="-23.7598" lon="-46.556153"><ele>826.136</ele><time>2026-08-03T16:01:22Z</time></trkpt><trkpt lat="-23.75978" lon="-46.556155"><ele>826.215</ele><time>2026-08-03T16:01:23Z</time></trkpt><trkpt lat="-23.759753" lon="-46.556158"><ele>826.344</ele><time>2026-08-03T16:01:24Z</time></trkpt><trkpt lat="-23.759733" lon="-46.556158"><ele>826.353</ele><time>2026-08-03T16:01:25Z</time></trkpt><trkpt lat="-23.759713" lon="-46.55616"><ele>826.404</ele><time>2026-08-03T16:01:26Z</time></trkpt><trkpt lat="-23.759697" lon="-46.556162"><ele>826.514</ele><time>2026-08-03T16:01:27Z</time></trkpt><trkpt lat="-23.759685" lon="-46.55617"><ele>826.609</ele><time>2026-08-03T16:01:28Z</time></trkpt><trkpt lat="-23.759668" lon="-46.556173"><ele>826.717</ele><time>2026-08-03T16:01:29Z</time></trkpt><trkpt lat="-23.759657" lon="-46.556182"><ele>826.742</ele><time>2026-08-03T16:01:30Z</time></trkpt><trkpt lat="-23.759645" lon="-46.556188"><ele>826.992</ele><time>2026-08-03T16:01:31Z</time></trkpt><trkpt lat="-23.759638" lon="-46.556198"><ele>826.980</ele><time>2026-08-03T16:01:32Z</time></trkpt><trkpt lat="-23.759632" lon="-46.556205"><ele>827.434</ele><time>2026-08-03T16:01:33Z</time></trkpt><trkpt lat="-23.759622" lon="-46.55621"><ele>827.929</ele><time>2026-08-03T16:01:34Z</time></trkpt><trkpt lat="-23.759618" lon="-46.55622"><ele>828.163</ele><time>2026-08-03T16:01:35Z</time></trkpt><trkpt lat="-23.759608" lon="-46.556215"><ele>828.352</ele><time>2026-08-03T16:01:36Z</time></trkpt><trkpt lat="-23.759598" lon="-46.556212"><ele>828.551</ele><time>2026-08-03T16:01:37Z</time></trkpt><trkpt lat="-23.759582" lon="-46.556218"><ele>828.654</ele><time>2026-08-03T16:01:39Z</time></trkpt><trkpt lat="-23.75957" lon="-46.556222"><ele>828.656</ele><time>2026-08-03T16:01:40Z</time></trkpt><trkpt lat="-23.759553" lon="-46.556222"><ele>828.611</ele><time>2026-08-03T16:01:41Z</time></trkpt><trkpt lat="-23.75954" lon="-46.556225"><ele>828.609</ele><time>2026-08-03T16:01:42Z</time></trkpt><trkpt lat="-23.759518" lon="-46.556222"><ele>828.787</ele><time>2026-08-03T16:01:43Z</time></trkpt><trkpt lat="-23.759505" lon="-46.556228"><ele>828.852</ele><time>2026-08-03T16:01:44Z</time></trkpt><trkpt lat="-23.759492" lon="-46.556233"><ele>828.892</ele><time>2026-08-03T16:01:45Z</time></trkpt><trkpt lat="-23.759478" lon="-46.556242"><ele>828.990</ele><time>2026-08-03T16:01:46Z</time></trkpt><trkpt lat="-23.759467" lon="-46.556255"><ele>829.164</ele><time>2026-08-03T16:01:47Z</time></trkpt><trkpt lat="-23.759453" lon="-46.556267"><ele>829.299</ele><time>2026-08-03T16:01:48Z</time></trkpt><trkpt lat="-23.759437" lon="-46.556275"><ele>829.533</ele><time>2026-08-03T16:01:49Z</time></trkpt><trkpt lat="-23.759428" lon="-46.556287"><ele>829.742</ele><time>2026-08-03T16:01:50Z</time></trkpt><trkpt lat="-23.759423" lon="-46.556303"><ele>829.861</ele><time>2026-08-03T16:01:51Z</time></trkpt><trkpt lat="-23.759413" lon="-46.556322"><ele>830.087</ele><time>2026-08-03T16:01:52Z</time></trkpt><trkpt lat="-23.759408" lon="-46.556333"><ele>830.742</ele><time>2026-08-03T16:01:53Z</time></trkpt><trkpt lat="-23.7594" lon="-46.556352"><ele>831.526</ele><time>2026-08-03T16:01:54Z</time></trkpt><trkpt lat="-23.759392" lon="-46.556365"><ele>832.209</ele><time>2026-08-03T16:01:55Z</time></trkpt><trkpt lat="-23.759382" lon="-46.556378"><ele>833.180</ele><time>2026-08-03T16:01:56Z</time></trkpt><trkpt lat="-23.759367" lon="-46.55639"><ele>833.975</ele><time>2026-08-03T16:01:57Z</time></trkpt><trkpt lat="-23.759347" lon="-46.556393"><ele>834.635</ele><time>2026-08-03T16:01:58Z</time></trkpt><trkpt lat="-23.759323" lon="-46.556397"><ele>835.183</ele><time>2026-08-03T16:01:59Z</time></trkpt><trkpt lat="-23.759302" lon="-46.556397"><ele>835.197</ele><time>2026-08-03T16:02:00Z</time></trkpt><trkpt lat="-23.75928" lon="-46.556402"><ele>835.152</ele><time>2026-08-03T16:02:01Z</time></trkpt><trkpt lat="-23.759265" lon="-46.556413"><ele>835.126</ele><time>2026-08-03T16:02:02Z</time></trkpt><trkpt lat="-23.759252" lon="-46.556425"><ele>835.115</ele><time>2026-08-03T16:02:03Z</time></trkpt><trkpt lat="-23.759238" lon="-46.556435"><ele>835.114</ele><time>2026-08-03T16:02:04Z</time></trkpt><trkpt lat="-23.759228" lon="-46.55645"><ele>835.141</ele><time>2026-08-03T16:02:05Z</time></trkpt><trkpt lat="-23.759223" lon="-46.556465"><ele>835.181</ele><time>2026-08-03T16:02:06Z</time></trkpt><trkpt lat="-23.759215" lon="-46.55648"><ele>835.109</ele><time>2026-08-03T16:02:07Z</time></trkpt><trkpt lat="-23.7592" lon="-46.556487"><ele>835.109</ele><time>2026-08-03T16:02:08Z</time></trkpt><trkpt lat="-23.759178" lon="-46.556487"><ele>835.186</ele><time>2026-08-03T16:02:09Z</time></trkpt><trkpt lat="-23.759165" lon="-46.556488"><ele>835.191</ele><time>2026-08-03T16:02:10Z</time></trkpt><trkpt lat="-23.759165" lon="-46.556502"><ele>835.111</ele><time>2026-08-03T16:02:11Z</time></trkpt><trkpt lat="-23.759145" lon="-46.556505"><ele>835.199</ele><time>2026-08-03T16:02:12Z</time></trkpt><trkpt lat="-23.759127" lon="-46.556512"><ele>835.153</ele><time>2026-08-03T16:02:13Z</time></trkpt><trkpt lat="-23.759112" lon="-46.55652"><ele>834.728</ele><time>2026-08-03T16:02:14Z</time></trkpt><trkpt lat="-23.759088" lon="-46.556522"><ele>833.632</ele><time>2026-08-03T16:02:15Z</time></trkpt><trkpt lat="-23.75906" lon="-46.556518"><ele>833.021</ele><time>2026-08-03T16:02:16Z</time></trkpt><trkpt lat="-23.759033" lon="-46.556518"><ele>832.760</ele><time>2026-08-03T16:02:17Z</time></trkpt><trkpt lat="-23.759012" lon="-46.556525"><ele>832.358</ele><time>2026-08-03T16:02:18Z</time></trkpt><trkpt lat="-23.759" lon="-46.556538"><ele>831.952</ele><time>2026-08-03T16:02:19Z</time></trkpt><trkpt lat="-23.758988" lon="-46.556552"><ele>831.517</ele><time>2026-08-03T16:02:20Z</time></trkpt><trkpt lat="-23.75898" lon="-46.55657"><ele>831.009</ele><time>2026-08-03T16:02:21Z</time></trkpt><trkpt lat="-23.758968" lon="-46.556582"><ele>830.617</ele><time>2026-08-03T16:02:22Z</time></trkpt><trkpt lat="-23.758957" lon="-46.556585"><ele>830.262</ele><time>2026-08-03T16:02:23Z</time></trkpt><trkpt lat="-23.758943" lon="-46.556593"><ele>829.872</ele><time>2026-08-03T16:02:24Z</time></trkpt><trkpt lat="-23.758933" lon="-46.556605"><ele>829.470</ele><time>2026-08-03T16:02:25Z</time></trkpt><trkpt lat="-23.75892" lon="-46.556612"><ele>829.074</ele><time>2026-08-03T16:02:26Z</time></trkpt><trkpt lat="-23.758907" lon="-46.556613"><ele>828.939</ele><time>2026-08-03T16:02:27Z</time></trkpt><trkpt lat="-23.758897" lon="-46.556617"><ele>828.943</ele><time>2026-08-03T16:02:28Z</time></trkpt><trkpt lat="-23.758883" lon="-46.556623"><ele>828.922</ele><time>2026-08-03T16:02:29Z</time></trkpt><trkpt lat="-23.758872" lon="-46.556628"><ele>828.911</ele><time>2026-08-03T16:02:30Z</time></trkpt><trkpt lat="-23.758858" lon="-46.55663"><ele>828.929</ele><time>2026-08-03T16:02:31Z</time></trkpt><trkpt lat="-23.758845" lon="-46.556633"><ele>828.900</ele><time>2026-08-03T16:02:32Z</time></trkpt><trkpt lat="-23.75883" lon="-46.556635"><ele>828.920</ele><time>2026-08-03T16:02:33Z</time></trkpt><trkpt lat="-23.758813" lon="-46.55664"><ele>828.909</ele><time>2026-08-03T16:02:34Z</time></trkpt><trkpt lat="-23.758793" lon="-46.556647"><ele>828.924</ele><time>2026-08-03T16:02:35Z</time></trkpt><trkpt lat="-23.758775" lon="-46.556655"><ele>828.999</ele><time>2026-08-03T16:02:36Z</time></trkpt><trkpt lat="-23.758755" lon="-46.556658"><ele>828.969</ele><time>2026-08-03T16:02:37Z</time></trkpt><trkpt lat="-23.758733" lon="-46.556663"><ele>828.917</ele><time>2026-08-03T16:02:38Z</time></trkpt><trkpt lat="-23.758713" lon="-46.55667"><ele>828.971</ele><time>2026-08-03T16:02:39Z</time></trkpt><trkpt lat="-23.758697" lon="-46.556678"><ele>828.966</ele><time>2026-08-03T16:02:40Z</time></trkpt><trkpt lat="-23.75867" lon="-46.556682"><ele>828.950</ele><time>2026-08-03T16:02:41Z</time></trkpt><trkpt lat="-23.758645" lon="-46.556677"><ele>829.149</ele><time>2026-08-03T16:02:42Z</time></trkpt><trkpt lat="-23.75862" lon="-46.556673"><ele>829.488</ele><time>2026-08-03T16:02:43Z</time></trkpt><trkpt lat="-23.758595" lon="-46.55667"><ele>829.794</ele><time>2026-08-03T16:02:44Z</time></trkpt><trkpt lat="-23.75857" lon="-46.556677"><ele>830.157</ele><time>2026-08-03T16:02:45Z</time></trkpt><trkpt lat="-23.75854" lon="-46.556677"><ele>830.422</ele><time>2026-08-03T16:02:46Z</time></trkpt><trkpt lat="-23.75851" lon="-46.556678"><ele>830.609</ele><time>2026-08-03T16:02:47Z</time></trkpt><trkpt lat="-23.758478" lon="-46.556683"><ele>830.751</ele><time>2026-08-03T16:02:48Z</time></trkpt><trkpt lat="-23.758455" lon="-46.55668"><ele>830.996</ele><time>2026-08-03T16:02:49Z</time></trkpt><trkpt lat="-23.758433" lon="-46.556683"><ele>831.076</ele><time>2026-08-03T16:02:50Z</time></trkpt><trkpt lat="-23.758412" lon="-46.55669"><ele>831.024</ele><time>2026-08-03T16:02:51Z</time></trkpt><trkpt lat="-23.758392" lon="-46.556695"><ele>831.098</ele><time>2026-08-03T16:02:52Z</time></trkpt><trkpt lat="-23.758368" lon="-46.556702"><ele>831.073</ele><time>2026-08-03T16:02:53Z</time></trkpt><trkpt lat="-23.758348" lon="-46.556702"><ele>831.027</ele><time>2026-08-03T16:02:54Z</time></trkpt><trkpt lat="-23.758332" lon="-46.55671"><ele>831.056</ele><time>2026-08-03T16:02:55Z</time></trkpt><trkpt lat="-23.758307" lon="-46.556713"><ele>831.055</ele><time>2026-08-03T16:02:56Z</time></trkpt><trkpt lat="-23.758282" lon="-46.556713"><ele>831.174</ele><time>2026-08-03T16:02:57Z</time></trkpt><trkpt lat="-23.758255" lon="-46.556718"><ele>831.156</ele><time>2026-08-03T16:02:58Z</time></trkpt><trkpt lat="-23.758232" lon="-46.556722"><ele>831.121</ele><time>2026-08-03T16:02:59Z</time></trkpt><trkpt lat="-23.758205" lon="-46.556725"><ele>831.109</ele><time>2026-08-03T16:03:00Z</time></trkpt><trkpt lat="-23.758178" lon="-46.556732"><ele>831.129</ele><time>2026-08-03T16:03:01Z</time></trkpt><trkpt lat="-23.758153" lon="-46.55674"><ele>831.124</ele><time>2026-08-03T16:03:02Z</time></trkpt><trkpt lat="-23.758128" lon="-46.556747"><ele>831.124</ele><time>2026-08-03T16:03:03Z</time></trkpt><trkpt lat="-23.758103" lon="-46.55675"><ele>831.122</ele><time>2026-08-03T16:03:04Z</time></trkpt><trkpt lat="-23.758087" lon="-46.556753"><ele>831.146</ele><time>2026-08-03T16:03:05Z</time></trkpt><trkpt lat="-23.758073" lon="-46.556758"><ele>831.181</ele><time>2026-08-03T16:03:06Z</time></trkpt><trkpt lat="-23.758062" lon="-46.556763"><ele>831.065</ele><time>2026-08-03T16:03:07Z</time></trkpt><trkpt lat="-23.75804" lon="-46.556772"><ele>831.094</ele><time>2026-08-03T16:03:09Z</time></trkpt><trkpt lat="-23.758028" lon="-46.556777"><ele>831.023</ele><time>2026-08-03T16:03:10Z</time></trkpt><trkpt lat="-23.758018" lon="-46.556787"><ele>831.041</ele><time>2026-08-03T16:03:11Z</time></trkpt><trkpt lat="-23.758003" lon="-46.556797"><ele>831.081</ele><time>2026-08-03T16:03:12Z</time></trkpt><trkpt lat="-23.757985" lon="-46.5568"><ele>831.009</ele><time>2026-08-03T16:03:13Z</time></trkpt><trkpt lat="-23.75797" lon="-46.556805"><ele>831.009</ele><time>2026-08-03T16:03:14Z</time></trkpt><trkpt lat="-23.757955" lon="-46.556807"><ele>831.026</ele><time>2026-08-03T16:03:15Z</time></trkpt><trkpt lat="-23.757945" lon="-46.556813"><ele>830.941</ele><time>2026-08-03T16:03:16Z</time></trkpt><trkpt lat="-23.75793" lon="-46.556817"><ele>830.861</ele><time>2026-08-03T16:03:17Z</time></trkpt><trkpt lat="-23.757915" lon="-46.55682"><ele>830.859</ele><time>2026-08-03T16:03:18Z</time></trkpt><trkpt lat="-23.757898" lon="-46.556827"><ele>830.813</ele><time>2026-08-03T16:03:19Z</time></trkpt><trkpt lat="-23.757882" lon="-46.556833"><ele>830.878</ele><time>2026-08-03T16:03:20Z</time></trkpt><trkpt lat="-23.757865" lon="-46.55684"><ele>830.892</ele><time>2026-08-03T16:03:21Z</time></trkpt><trkpt lat="-23.757853" lon="-46.556845"><ele>830.841</ele><time>2026-08-03T16:03:22Z</time></trkpt><trkpt lat="-23.757843" lon="-46.556847"><ele>830.740</ele><time>2026-08-03T16:03:23Z</time></trkpt><trkpt lat="-23.75783" lon="-46.556855"><ele>830.633</ele><time>2026-08-03T16:03:24Z</time></trkpt><trkpt lat="-23.757813" lon="-46.556862"><ele>830.623</ele><time>2026-08-03T16:03:25Z</time></trkpt><trkpt lat="-23.757793" lon="-46.556868"><ele>830.515</ele><time>2026-08-03T16:03:26Z</time></trkpt><trkpt lat="-23.757765" lon="-46.556862"><ele>830.409</ele><time>2026-08-03T16:03:27Z</time></trkpt><trkpt lat="-23.757743" lon="-46.556865"><ele>830.485</ele><time>2026-08-03T16:03:28Z</time></trkpt><trkpt lat="-23.757725" lon="-46.556872"><ele>830.420</ele><time>2026-08-03T16:03:29Z</time></trkpt><trkpt lat="-23.757705" lon="-46.556893"><ele>830.460</ele><time>2026-08-03T16:03:30Z</time></trkpt><trkpt lat="-23.757692" lon="-46.556913"><ele>830.448</ele><time>2026-08-03T16:03:31Z</time></trkpt><trkpt lat="-23.757675" lon="-46.556922"><ele>830.412</ele><time>2026-08-03T16:03:32Z</time></trkpt><trkpt lat="-23.757663" lon="-46.556932"><ele>830.587</ele><time>2026-08-03T16:03:33Z</time></trkpt><trkpt lat="-23.75765" lon="-46.556943"><ele>830.581</ele><time>2026-08-03T16:03:34Z</time></trkpt><trkpt lat="-23.757638" lon="-46.556962"><ele>830.540</ele><time>2026-08-03T16:03:35Z</time></trkpt><trkpt lat="-23.757632" lon="-46.55697"><ele>830.559</ele><time>2026-08-03T16:03:36Z</time></trkpt><trkpt lat="-23.75763" lon="-46.55698"><ele>830.597</ele><time>2026-08-03T16:03:37Z</time></trkpt><trkpt lat="-23.757615" lon="-46.55699"><ele>830.523</ele><time>2026-08-03T16:03:38Z</time></trkpt><trkpt lat="-23.757598" lon="-46.557002"><ele>830.525</ele><time>2026-08-03T16:03:39Z</time></trkpt><trkpt lat="-23.757578" lon="-46.557012"><ele>830.609</ele><time>2026-08-03T16:03:40Z</time></trkpt><trkpt lat="-23.757557" lon="-46.557018"><ele>830.641</ele><time>2026-08-03T16:03:41Z</time></trkpt><trkpt lat="-23.757545" lon="-46.557022"><ele>830.666</ele><time>2026-08-03T16:03:42Z</time></trkpt><trkpt lat="-23.757533" lon="-46.557032"><ele>830.566</ele><time>2026-08-03T16:03:43Z</time></trkpt><trkpt lat="-23.757525" lon="-46.557038"><ele>830.454</ele><time>2026-08-03T16:03:44Z</time></trkpt><trkpt lat="-23.757517" lon="-46.557043"><ele>830.618</ele><time>2026-08-03T16:03:45Z</time></trkpt><trkpt lat="-23.757508" lon="-46.557058"><ele>830.683</ele><time>2026-08-03T16:03:46Z</time></trkpt><trkpt lat="-23.757505" lon="-46.557072"><ele>830.697</ele><time>2026-08-03T16:03:47Z</time></trkpt><trkpt lat="-23.757497" lon="-46.557083"><ele>830.766</ele><time>2026-08-03T16:03:48Z</time></trkpt><trkpt lat="-23.757477" lon="-46.557087"><ele>830.765</ele><time>2026-08-03T16:03:49Z</time></trkpt><trkpt lat="-23.757462" lon="-46.557095"><ele>830.781</ele><time>2026-08-03T16:03:50Z</time></trkpt><trkpt lat="-23.757433" lon="-46.557105"><ele>830.761</ele><time>2026-08-03T16:03:51Z</time></trkpt><trkpt lat="-23.757413" lon="-46.557105"><ele>830.717</ele><time>2026-08-03T16:03:52Z</time></trkpt><trkpt lat="-23.75739" lon="-46.557108"><ele>830.809</ele><time>2026-08-03T16:03:53Z</time></trkpt><trkpt lat="-23.75737" lon="-46.557115"><ele>830.980</ele><time>2026-08-03T16:03:54Z</time></trkpt><trkpt lat="-23.757357" lon="-46.557125"><ele>831.095</ele><time>2026-08-03T16:03:55Z</time></trkpt><trkpt lat="-23.757333" lon="-46.557132"><ele>831.175</ele><time>2026-08-03T16:03:56Z</time></trkpt><trkpt lat="-23.75731" lon="-46.557142"><ele>831.193</ele><time>2026-08-03T16:03:57Z</time></trkpt><trkpt lat="-23.757297" lon="-46.557152"><ele>831.267</ele><time>2026-08-03T16:03:58Z</time></trkpt><trkpt lat="-23.757287" lon="-46.557162"><ele>831.472</ele><time>2026-08-03T16:03:59Z</time></trkpt><trkpt lat="-23.757262" lon="-46.557163"><ele>831.536</ele><time>2026-08-03T16:04:00Z</time></trkpt><trkpt lat="-23.757242" lon="-46.557163"><ele>831.645</ele><time>2026-08-03T16:04:01Z</time></trkpt><trkpt lat="-23.757222" lon="-46.55717"><ele>831.684</ele><time>2026-08-03T16:04:03Z</time></trkpt><trkpt lat="-23.757202" lon="-46.557177"><ele>831.626</ele><time>2026-08-03T16:04:04Z</time></trkpt><trkpt lat="-23.757185" lon="-46.557192"><ele>831.647</ele><time>2026-08-03T16:04:05Z</time></trkpt><trkpt lat="-23.757177" lon="-46.557205"><ele>831.611</ele><time>2026-08-03T16:04:06Z</time></trkpt><trkpt lat="-23.757165" lon="-46.557227"><ele>831.609</ele><time>2026-08-03T16:04:07Z</time></trkpt><trkpt lat="-23.757147" lon="-46.557238"><ele>831.974</ele><time>2026-08-03T16:04:08Z</time></trkpt><trkpt lat="-23.757127" lon="-46.557255"><ele>832.259</ele><time>2026-08-03T16:04:09Z</time></trkpt><trkpt lat="-23.757102" lon="-46.557265"><ele>832.769</ele><time>2026-08-03T16:04:10Z</time></trkpt><trkpt lat="-23.757073" lon="-46.557278"><ele>833.137</ele><time>2026-08-03T16:04:11Z</time></trkpt><trkpt lat="-23.75705" lon="-46.557297"><ele>833.211</ele><time>2026-08-03T16:04:12Z</time></trkpt><trkpt lat="-23.757027" lon="-46.557308"><ele>833.446</ele><time>2026-08-03T16:04:13Z</time></trkpt><trkpt lat="-23.757003" lon="-46.557317"><ele>833.850</ele><time>2026-08-03T16:04:14Z</time></trkpt><trkpt lat="-23.756972" lon="-46.55732"><ele>834.399</ele><time>2026-08-03T16:04:15Z</time></trkpt><trkpt lat="-23.756942" lon="-46.557318"><ele>834.898</ele><time>2026-08-03T16:04:16Z</time></trkpt><trkpt lat="-23.756908" lon="-46.557328"><ele>835.717</ele><time>2026-08-03T16:04:17Z</time></trkpt><trkpt lat="-23.756885" lon="-46.557342"><ele>836.887</ele><time>2026-08-03T16:04:18Z</time></trkpt><trkpt lat="-23.75687" lon="-46.557348"><ele>837.315</ele><time>2026-08-03T16:04:19Z</time></trkpt><trkpt lat="-23.756853" lon="-46.55736"><ele>837.809</ele><time>2026-08-03T16:04:20Z</time></trkpt><trkpt lat="-23.756832" lon="-46.55737"><ele>838.113</ele><time>2026-08-03T16:04:21Z</time></trkpt><trkpt lat="-23.756812" lon="-46.557387"><ele>838.248</ele><time>2026-08-03T16:04:22Z</time></trkpt><trkpt lat="-23.756785" lon="-46.557402"><ele>838.358</ele><time>2026-08-03T16:04:23Z</time></trkpt><trkpt lat="-23.756762" lon="-46.557415"><ele>838.376</ele><time>2026-08-03T16:04:24Z</time></trkpt><trkpt lat="-23.756738" lon="-46.557432"><ele>838.420</ele><time>2026-08-03T16:04:25Z</time></trkpt><trkpt lat="-23.756713" lon="-46.557448"><ele>838.545</ele><time>2026-08-03T16:04:26Z</time></trkpt><trkpt lat="-23.75669" lon="-46.557468"><ele>838.549</ele><time>2026-08-03T16:04:27Z</time></trkpt><trkpt lat="-23.756663" lon="-46.557483"><ele>838.558</ele><time>2026-08-03T16:04:28Z</time></trkpt><trkpt lat="-23.75664" lon="-46.557502"><ele>838.547</ele><time>2026-08-03T16:04:29Z</time></trkpt><trkpt lat="-23.756615" lon="-46.557515"><ele>838.535</ele><time>2026-08-03T16:04:30Z</time></trkpt><trkpt lat="-23.756583" lon="-46.557532"><ele>838.586</ele><time>2026-08-03T16:04:31Z</time></trkpt><trkpt lat="-23.75655" lon="-46.557537"><ele>838.514</ele><time>2026-08-03T16:04:32Z</time></trkpt><trkpt lat="-23.75652" lon="-46.557545"><ele>838.509</ele><time>2026-08-03T16:04:33Z</time></trkpt><trkpt lat="-23.756492" lon="-46.557552"><ele>838.535</ele><time>2026-08-03T16:04:34Z</time></trkpt><trkpt lat="-23.756465" lon="-46.557555"><ele>838.530</ele><time>2026-08-03T16:04:35Z</time></trkpt><trkpt lat="-23.756438" lon="-46.557555"><ele>838.570</ele><time>2026-08-03T16:04:36Z</time></trkpt><trkpt lat="-23.756415" lon="-46.557563"><ele>838.538</ele><time>2026-08-03T16:04:37Z</time></trkpt><trkpt lat="-23.75639" lon="-46.55757"><ele>838.582</ele><time>2026-08-03T16:04:38Z</time></trkpt><trkpt lat="-23.756363" lon="-46.557573"><ele>838.547</ele><time>2026-08-03T16:04:39Z</time></trkpt><trkpt lat="-23.756337" lon="-46.557573"><ele>838.581</ele><time>2026-08-03T16:04:40Z</time></trkpt><trkpt lat="-23.756307" lon="-46.557573"><ele>838.490</ele><time>2026-08-03T16:04:41Z</time></trkpt><trkpt lat="-23.756277" lon="-46.55757"><ele>838.359</ele><time>2026-08-03T16:04:42Z</time></trkpt><trkpt lat="-23.756242" lon="-46.557563"><ele>838.145</ele><time>2026-08-03T16:04:43Z</time></trkpt><trkpt lat="-23.756208" lon="-46.557557"><ele>837.747</ele><time>2026-08-03T16:04:44Z</time></trkpt><trkpt lat="-23.756173" lon="-46.557553"><ele>837.311</ele><time>2026-08-03T16:04:45Z</time></trkpt><trkpt lat="-23.756143" lon="-46.557547"><ele>837.109</ele><time>2026-08-03T16:04:46Z</time></trkpt><trkpt lat="-23.75611" lon="-46.557538"><ele>836.786</ele><time>2026-08-03T16:04:47Z</time></trkpt><trkpt lat="-23.75608" lon="-46.557527"><ele>836.531</ele><time>2026-08-03T16:04:48Z</time></trkpt><trkpt lat="-23.756048" lon="-46.557515"><ele>836.511</ele><time>2026-08-03T16:04:49Z</time></trkpt><trkpt lat="-23.756025" lon="-46.557502"><ele>836.449</ele><time>2026-08-03T16:04:50Z</time></trkpt><trkpt lat="-23.755988" lon="-46.557487"><ele>836.373</ele><time>2026-08-03T16:04:51Z</time></trkpt><trkpt lat="-23.755972" lon="-46.557472"><ele>836.398</ele><time>2026-08-03T16:04:52Z</time></trkpt><trkpt lat="-23.75596" lon="-46.557462"><ele>836.272</ele><time>2026-08-03T16:04:53Z</time></trkpt><trkpt lat="-23.755943" lon="-46.557447"><ele>836.041</ele><time>2026-08-03T16:04:54Z</time></trkpt><trkpt lat="-23.755927" lon="-46.557432"><ele>835.630</ele><time>2026-08-03T16:04:55Z</time></trkpt><trkpt lat="-23.755912" lon="-46.557423"><ele>835.439</ele><time>2026-08-03T16:04:56Z</time></trkpt><trkpt lat="-23.755888" lon="-46.557408"><ele>835.301</ele><time>2026-08-03T16:04:57Z</time></trkpt><trkpt lat="-23.755862" lon="-46.557382"><ele>835.321</ele><time>2026-08-03T16:04:58Z</time></trkpt><trkpt lat="-23.755842" lon="-46.557357"><ele>835.109</ele><time>2026-08-03T16:04:59Z</time></trkpt><trkpt lat="-23.755822" lon="-46.557332"><ele>835.035</ele><time>2026-08-03T16:05:00Z</time></trkpt><trkpt lat="-23.7558" lon="-46.557305"><ele>834.990</ele><time>2026-08-03T16:05:01Z</time></trkpt><trkpt lat="-23.755783" lon="-46.557282"><ele>834.830</ele><time>2026-08-03T16:05:02Z</time></trkpt><trkpt lat="-23.755768" lon="-46.557255"><ele>834.828</ele><time>2026-08-03T16:05:03Z</time></trkpt><trkpt lat="-23.75575" lon="-46.557228"><ele>834.752</ele><time>2026-08-03T16:05:04Z</time></trkpt><trkpt lat="-23.755728" lon="-46.557205"><ele>834.617</ele><time>2026-08-03T16:05:05Z</time></trkpt><trkpt lat="-23.755698" lon="-46.557185"><ele>834.511</ele><time>2026-08-03T16:05:06Z</time></trkpt><trkpt lat="-23.75567" lon="-46.55717"><ele>834.440</ele><time>2026-08-03T16:05:07Z</time></trkpt><trkpt lat="-23.75564" lon="-46.55715"><ele>834.359</ele><time>2026-08-03T16:05:08Z</time></trkpt><trkpt lat="-23.755608" lon="-46.557132"><ele>834.217</ele><time>2026-08-03T16:05:09Z</time></trkpt><trkpt lat="-23.755585" lon="-46.557115"><ele>834.287</ele><time>2026-08-03T16:05:10Z</time></trkpt><trkpt lat="-23.75556" lon="-46.557113"><ele>834.215</ele><time>2026-08-03T16:05:11Z</time></trkpt><trkpt lat="-23.755538" lon="-46.557108"><ele>834.109</ele><time>2026-08-03T16:05:12Z</time></trkpt><trkpt lat="-23.755522" lon="-46.557102"><ele>834.043</ele><time>2026-08-03T16:05:13Z</time></trkpt><trkpt lat="-23.755505" lon="-46.557085"><ele>834.068</ele><time>2026-08-03T16:05:14Z</time></trkpt><trkpt lat="-23.755488" lon="-46.557065"><ele>833.958</ele><time>2026-08-03T16:05:15Z</time></trkpt><trkpt lat="-23.755467" lon="-46.557045"><ele>833.746</ele><time>2026-08-03T16:05:16Z</time></trkpt><trkpt lat="-23.755447" lon="-46.55704"><ele>833.590</ele><time>2026-08-03T16:05:17Z</time></trkpt><trkpt lat="-23.755422" lon="-46.557033"><ele>833.445</ele><time>2026-08-03T16:05:18Z</time></trkpt><trkpt lat="-23.755395" lon="-46.55703"><ele>833.329</ele><time>2026-08-03T16:05:19Z</time></trkpt><trkpt lat="-23.755363" lon="-46.557033"><ele>833.158</ele><time>2026-08-03T16:05:20Z</time></trkpt><trkpt lat="-23.755338" lon="-46.557025"><ele>832.867</ele><time>2026-08-03T16:05:21Z</time></trkpt><trkpt lat="-23.755317" lon="-46.557023"><ele>832.499</ele><time>2026-08-03T16:05:22Z</time></trkpt><trkpt lat="-23.755295" lon="-46.557008"><ele>832.307</ele><time>2026-08-03T16:05:23Z</time></trkpt><trkpt lat="-23.755275" lon="-46.557008"><ele>832.327</ele><time>2026-08-03T16:05:24Z</time></trkpt><trkpt lat="-23.755253" lon="-46.55702"><ele>832.309</ele><time>2026-08-03T16:05:25Z</time></trkpt><trkpt lat="-23.755232" lon="-46.557017"><ele>832.391</ele><time>2026-08-03T16:05:26Z</time></trkpt><trkpt lat="-23.755205" lon="-46.557015"><ele>832.396</ele><time>2026-08-03T16:05:27Z</time></trkpt><trkpt lat="-23.755178" lon="-46.557008"><ele>832.386</ele><time>2026-08-03T16:05:28Z</time></trkpt><trkpt lat="-23.755153" lon="-46.557003"><ele>832.344</ele><time>2026-08-03T16:05:29Z</time></trkpt><trkpt lat="-23.75512" lon="-46.556998"><ele>832.368</ele><time>2026-08-03T16:05:30Z</time></trkpt><trkpt lat="-23.755085" lon="-46.556992"><ele>832.343</ele><time>2026-08-03T16:05:31Z</time></trkpt><trkpt lat="-23.755057" lon="-46.556987"><ele>832.347</ele><time>2026-08-03T16:05:32Z</time></trkpt><trkpt lat="-23.75503" lon="-46.556985"><ele>832.356</ele><time>2026-08-03T16:05:33Z</time></trkpt><trkpt lat="-23.75501" lon="-46.557005"><ele>832.315</ele><time>2026-08-03T16:05:34Z</time></trkpt><trkpt lat="-23.754988" lon="-46.557015"><ele>832.391</ele><time>2026-08-03T16:05:35Z</time></trkpt><trkpt lat="-23.754962" lon="-46.556993"><ele>832.381</ele><time>2026-08-03T16:05:36Z</time></trkpt><trkpt lat="-23.754935" lon="-46.556985"><ele>832.319</ele><time>2026-08-03T16:05:37Z</time></trkpt><trkpt lat="-23.754908" lon="-46.556985"><ele>832.409</ele><time>2026-08-03T16:05:38Z</time></trkpt><trkpt lat="-23.754878" lon="-46.556983"><ele>832.791</ele><time>2026-08-03T16:05:39Z</time></trkpt><trkpt lat="-23.75485" lon="-46.556982"><ele>833.176</ele><time>2026-08-03T16:05:40Z</time></trkpt><trkpt lat="-23.754825" lon="-46.556983"><ele>833.556</ele><time>2026-08-03T16:05:41Z</time></trkpt><trkpt lat="-23.754803" lon="-46.556978"><ele>833.854</ele><time>2026-08-03T16:05:42Z</time></trkpt><trkpt lat="-23.754778" lon="-46.556977"><ele>834.138</ele><time>2026-08-03T16:05:43Z</time></trkpt><trkpt lat="-23.754755" lon="-46.556973"><ele>834.443</ele><time>2026-08-03T16:05:44Z</time></trkpt><trkpt lat="-23.754732" lon="-46.556972"><ele>834.697</ele><time>2026-08-03T16:05:45Z</time></trkpt><trkpt lat="-23.754707" lon="-46.556973"><ele>834.766</ele><time>2026-08-03T16:05:46Z</time></trkpt><trkpt lat="-23.75468" lon="-46.55698"><ele>835.015</ele><time>2026-08-03T16:05:47Z</time></trkpt><trkpt lat="-23.75466" lon="-46.556982"><ele>836.043</ele><time>2026-08-03T16:05:48Z</time></trkpt><trkpt lat="-23.754643" lon="-46.556983"><ele>836.764</ele><time>2026-08-03T16:05:49Z</time></trkpt><trkpt lat="-23.754623" lon="-46.556983"><ele>836.810</ele><time>2026-08-03T16:05:50Z</time></trkpt><trkpt lat="-23.7546" lon="-46.55699"><ele>836.809</ele><time>2026-08-03T16:05:51Z</time></trkpt><trkpt lat="-23.75458" lon="-46.556995"><ele>836.846</ele><time>2026-08-03T16:05:52Z</time></trkpt><trkpt lat="-23.754562" lon="-46.55699"><ele>836.821</ele><time>2026-08-03T16:05:53Z</time></trkpt><trkpt lat="-23.754545" lon="-46.556983"><ele>836.821</ele><time>2026-08-03T16:05:54Z</time></trkpt><trkpt lat="-23.754532" lon="-46.556977"><ele>836.829</ele><time>2026-08-03T16:05:55Z</time></trkpt><trkpt lat="-23.754505" lon="-46.556948"><ele>836.893</ele><time>2026-08-03T16:05:56Z</time></trkpt><trkpt lat="-23.754475" lon="-46.556923"><ele>836.888</ele><time>2026-08-03T16:05:57Z</time></trkpt><trkpt lat="-23.75446" lon="-46.556918"><ele>836.822</ele><time>2026-08-03T16:05:58Z</time></trkpt><trkpt lat="-23.754438" lon="-46.556917"><ele>836.891</ele><time>2026-08-03T16:06:00Z</time></trkpt><trkpt lat="-23.754428" lon="-46.556918"><ele>836.870</ele><time>2026-08-03T16:06:01Z</time></trkpt><trkpt lat="-23.754418" lon="-46.556917"><ele>836.864</ele><time>2026-08-03T16:06:02Z</time></trkpt><trkpt lat="-23.75442" lon="-46.556927"><ele>836.806</ele><time>2026-08-03T16:06:05Z</time></trkpt><trkpt lat="-23.75441" lon="-46.556913"><ele>836.816</ele><time>2026-08-03T16:06:09Z</time></trkpt><trkpt lat="-23.75441" lon="-46.556902"><ele>836.809</ele><time>2026-08-03T16:06:10Z</time></trkpt><trkpt lat="-23.754423" lon="-46.556912"><ele>836.878</ele><time>2026-08-03T16:06:13Z</time></trkpt><trkpt lat="-23.754432" lon="-46.556918"><ele>836.883</ele><time>2026-08-03T16:06:14Z</time></trkpt><trkpt lat="-23.75444" lon="-46.55693"><ele>836.723</ele><time>2026-08-03T16:06:16Z</time></trkpt><trkpt lat="-23.754437" lon="-46.556943"><ele>836.691</ele><time>2026-08-03T16:06:19Z</time></trkpt><trkpt lat="-23.754425" lon="-46.556943"><ele>836.435</ele><time>2026-08-03T16:06:20Z</time></trkpt><trkpt lat="-23.754417" lon="-46.556948"><ele>836.360</ele><time>2026-08-03T16:06:21Z</time></trkpt><trkpt lat="-23.754423" lon="-46.556942"><ele>836.324</ele><time>2026-08-03T16:06:26Z</time></trkpt><trkpt lat="-23.75443" lon="-46.556952"><ele>836.383</ele><time>2026-08-03T16:06:27Z</time></trkpt></trkseg></trk></gpx>